-- Aurora Restaurant Database Backup
-- Generated: 2026-05-05 08:31:11

SET NAMES utf8mb4;
SET FOREIGN_KEY_CHECKS = 0;

DROP TABLE IF EXISTS `activity_logs`;
CREATE TABLE `activity_logs` (
  `id` int(10) unsigned NOT NULL AUTO_INCREMENT,
  `action` varchar(50) NOT NULL COMMENT 'Hành động thực hiện (login, create, update, delete...)',
  `entity` varchar(50) NOT NULL COMMENT 'Thực thể bị tác động (user, table, order, menu_item...)',
  `entity_id` int(10) unsigned DEFAULT NULL COMMENT 'ID của thực thể',
  `user_id` int(10) unsigned DEFAULT NULL COMMENT 'ID người thực hiện (NULL = system)',
  `ip_address` varchar(45) DEFAULT NULL COMMENT 'IP address',
  `user_agent` text DEFAULT NULL COMMENT 'User agent string',
  `request_uri` varchar(500) DEFAULT NULL COMMENT 'URI yêu cầu',
  `request_method` varchar(10) DEFAULT 'GET' COMMENT 'HTTP method',
  `metadata` text DEFAULT NULL COMMENT 'Dữ liệu metadata (JSON)',
  `level` enum('info','notice','warning','error','critical') NOT NULL DEFAULT 'info' COMMENT 'Mức độ quan trọng',
  `created_at` timestamp NOT NULL DEFAULT current_timestamp() COMMENT 'Thời điểm ghi log',
  PRIMARY KEY (`id`),
  KEY `idx_action` (`action`),
  KEY `idx_entity` (`entity`,`entity_id`),
  KEY `idx_user` (`user_id`),
  KEY `idx_level` (`level`),
  KEY `idx_created_at` (`created_at`),
  KEY `idx_ip` (`ip_address`)
) ENGINE=InnoDB AUTO_INCREMENT=469 DEFAULT CHARSET=utf8mb4 COLLATE=utf8mb4_unicode_ci COMMENT='Nhật ký hoạt động hệ thống';

INSERT INTO `activity_logs` VALUES ('1', 'logout', 'user', '1', '1', '115.74.225.100', 'Mozilla/5.0 (Windows NT 10.0; Win64; x64) AppleWebKit/537.36 (KHTML, like Gecko) Chrome/146.0.0.0 Safari/537.36', '/restaurant/auth/logout', 'GET', '[]', 'info', '2026-04-07 18:29:25');
INSERT INTO `activity_logs` VALUES ('2', 'error', 'user', '0', NULL, '115.74.225.100', 'Mozilla/5.0 (Windows NT 10.0; Win64; x64) AppleWebKit/537.36 (KHTML, like Gecko) Chrome/146.0.0.0 Safari/537.36', '/restaurant/auth/login', 'POST', '{\"success\":false,\"reason\":\"Invalid PIN for user: admin\"}', 'warning', '2026-04-07 18:29:31');
INSERT INTO `activity_logs` VALUES ('3', 'login', 'user', '1', '1', '115.74.225.100', 'Mozilla/5.0 (Windows NT 10.0; Win64; x64) AppleWebKit/537.36 (KHTML, like Gecko) Chrome/146.0.0.0 Safari/537.36', '/restaurant/auth/login', 'POST', '{\"success\":true,\"reason\":\"\"}', 'info', '2026-04-07 18:29:33');
INSERT INTO `activity_logs` VALUES ('4', 'logout', 'user', '1', '1', '118.69.64.122', 'Mozilla/5.0 (Macintosh; Intel Mac OS X 10_15_7) AppleWebKit/605.1.15 (KHTML, like Gecko) Version/17.6 Safari/605.1.15', '/restaurant/auth/logout', 'GET', '[]', 'info', '2026-04-07 18:39:52');
INSERT INTO `activity_logs` VALUES ('5', 'login', 'user', '1', '1', '118.69.64.122', 'Mozilla/5.0 (Macintosh; Intel Mac OS X 10_15_7) AppleWebKit/605.1.15 (KHTML, like Gecko) Version/17.6 Safari/605.1.15', '/restaurant/auth/login', 'POST', '{\"success\":true,\"reason\":\"\"}', 'info', '2026-04-07 18:39:56');
INSERT INTO `activity_logs` VALUES ('6', 'logout', 'user', '1', '1', '115.74.225.100', 'Mozilla/5.0 (Windows NT 10.0; Win64; x64) AppleWebKit/537.36 (KHTML, like Gecko) Chrome/146.0.0.0 Safari/537.36', '/restaurant/auth/logout', 'GET', '[]', 'info', '2026-04-07 18:46:27');
INSERT INTO `activity_logs` VALUES ('7', 'error', 'user', '0', NULL, '115.74.225.100', 'Mozilla/5.0 (Windows NT 10.0; Win64; x64) AppleWebKit/537.36 (KHTML, like Gecko) Chrome/146.0.0.0 Safari/537.36', '/restaurant/auth/login', 'POST', '{\"success\":false,\"reason\":\"Invalid PIN for user: waiter01\"}', 'warning', '2026-04-07 18:46:31');
INSERT INTO `activity_logs` VALUES ('8', 'login', 'user', '1', '1', '115.74.225.100', 'Mozilla/5.0 (Windows NT 10.0; Win64; x64) AppleWebKit/537.36 (KHTML, like Gecko) Chrome/146.0.0.0 Safari/537.36', '/restaurant/auth/login', 'POST', '{\"success\":true,\"reason\":\"\"}', 'info', '2026-04-07 18:46:34');
INSERT INTO `activity_logs` VALUES ('9', 'login', 'user', '3', '3', '118.69.64.122', 'Mozilla/5.0 (Macintosh; Intel Mac OS X 10_15_7) AppleWebKit/605.1.15 (KHTML, like Gecko) Version/16.6.1 Safari/605.1.15', '/restaurant/auth/login', 'POST', '{\"success\":true,\"reason\":\"\"}', 'info', '2026-04-07 18:47:15');
INSERT INTO `activity_logs` VALUES ('10', 'create', 'order_item', NULL, '3', '118.69.64.122', 'Mozilla/5.0 (Macintosh; Intel Mac OS X 10_15_7) AppleWebKit/605.1.15 (KHTML, like Gecko) Version/16.6.1 Safari/605.1.15', '/restaurant/orders/add', 'POST', '{\"order_id\":189,\"menu_item_id\":55,\"item_name\":\"Gỏi cuốn tôm thịt\",\"quantity\":1,\"note\":\"Ít  cay / mildly spicy\"}', 'info', '2026-04-07 18:48:18');
INSERT INTO `activity_logs` VALUES ('11', 'create', 'order_item', NULL, '3', '118.69.64.122', 'Mozilla/5.0 (Macintosh; Intel Mac OS X 10_15_7) AppleWebKit/605.1.15 (KHTML, like Gecko) Version/16.6.1 Safari/605.1.15', '/restaurant/orders/add', 'POST', '{\"order_id\":190,\"menu_item_id\":55,\"item_name\":\"Gỏi cuốn tôm thịt\",\"quantity\":1,\"note\":\"\"}', 'info', '2026-04-07 19:21:27');
INSERT INTO `activity_logs` VALUES ('12', 'create', 'order_item', NULL, '3', '118.69.64.122', 'Mozilla/5.0 (Macintosh; Intel Mac OS X 10_15_7) AppleWebKit/605.1.15 (KHTML, like Gecko) Version/16.6.1 Safari/605.1.15', '/restaurant/orders/add', 'POST', '{\"order_id\":190,\"menu_item_id\":55,\"item_name\":\"Gỏi cuốn tôm thịt\",\"quantity\":1,\"note\":\"Ít  cay / mildly spicy\"}', 'info', '2026-04-07 19:21:42');
INSERT INTO `activity_logs` VALUES ('13', 'create', 'order', '191', '3', '118.69.64.122', 'Mozilla/5.0 (Macintosh; Intel Mac OS X 10_15_7) AppleWebKit/605.1.15 (KHTML, like Gecko) Version/16.6.1 Safari/605.1.15', '/restaurant/tables/open', 'POST', '{\"table_id\":36,\"waiter_id\":\"3\",\"guest_count\":2,\"shift_id\":3}', 'info', '2026-04-07 19:25:01');
INSERT INTO `activity_logs` VALUES ('14', 'create', 'order_item', NULL, '3', '118.69.64.122', 'Mozilla/5.0 (Macintosh; Intel Mac OS X 10_15_7) AppleWebKit/605.1.15 (KHTML, like Gecko) Version/16.6.1 Safari/605.1.15', '/restaurant/orders/add', 'POST', '{\"order_id\":191,\"menu_item_id\":55,\"item_name\":\"Gỏi cuốn tôm thịt\",\"quantity\":1,\"note\":\"\"}', 'info', '2026-04-07 19:25:05');
INSERT INTO `activity_logs` VALUES ('15', 'create', 'order_item', NULL, '3', '118.69.64.122', 'Mozilla/5.0 (Macintosh; Intel Mac OS X 10_15_7) AppleWebKit/605.1.15 (KHTML, like Gecko) Version/16.6.1 Safari/605.1.15', '/restaurant/orders/add', 'POST', '{\"order_id\":191,\"menu_item_id\":197,\"item_name\":\"Tôm Khô Cải Chua\",\"quantity\":1,\"note\":\"Ít ngọt / Less sweet\"}', 'info', '2026-04-07 19:25:08');
INSERT INTO `activity_logs` VALUES ('16', 'create', 'order', '192', '3', '118.69.64.122', 'Mozilla/5.0 (Macintosh; Intel Mac OS X 10_15_7) AppleWebKit/605.1.15 (KHTML, like Gecko) Version/16.6.1 Safari/605.1.15', '/restaurant/tables/open', 'POST', '{\"table_id\":3,\"waiter_id\":\"3\",\"guest_count\":2,\"shift_id\":3}', 'info', '2026-04-07 19:29:17');
INSERT INTO `activity_logs` VALUES ('17', 'error', 'user', '0', NULL, '118.69.64.122', 'Mozilla/5.0 (Macintosh; Intel Mac OS X 10_15_7) AppleWebKit/605.1.15 (KHTML, like Gecko) Version/16.6.1 Safari/605.1.15', '/restaurant/auth/login', 'POST', '{\"success\":false,\"reason\":\"Invalid PIN for user: waiter01\"}', 'warning', '2026-04-07 19:31:57');
INSERT INTO `activity_logs` VALUES ('18', 'login', 'user', '3', '3', '118.69.64.122', 'Mozilla/5.0 (Macintosh; Intel Mac OS X 10_15_7) AppleWebKit/605.1.15 (KHTML, like Gecko) Version/16.6.1 Safari/605.1.15', '/restaurant/auth/login', 'POST', '{\"success\":true,\"reason\":\"\"}', 'info', '2026-04-07 19:32:00');
INSERT INTO `activity_logs` VALUES ('19', 'login', 'user', '3', '3', '118.69.64.122', 'Mozilla/5.0 (Macintosh; Intel Mac OS X 10_15_7) AppleWebKit/605.1.15 (KHTML, like Gecko) Version/16.6.1 Safari/605.1.15', '/restaurant/auth/login', 'POST', '{\"success\":true,\"reason\":\"\"}', 'info', '2026-04-07 19:33:48');
INSERT INTO `activity_logs` VALUES ('20', 'create', 'order_item', NULL, '3', '118.69.64.122', 'Mozilla/5.0 (Macintosh; Intel Mac OS X 10_15_7) AppleWebKit/605.1.15 (KHTML, like Gecko) Version/16.6.1 Safari/605.1.15', '/restaurant/orders/add', 'POST', '{\"order_id\":190,\"menu_item_id\":195,\"item_name\":\"Súp Vi Cá\",\"quantity\":1,\"note\":\"\"}', 'info', '2026-04-07 19:34:06');
INSERT INTO `activity_logs` VALUES ('21', 'create', 'order_item', NULL, '3', '118.69.64.122', 'Mozilla/5.0 (Macintosh; Intel Mac OS X 10_15_7) AppleWebKit/605.1.15 (KHTML, like Gecko) Version/16.6.1 Safari/605.1.15', '/restaurant/orders/add', 'POST', '{\"order_id\":190,\"menu_item_id\":196,\"item_name\":\"Bạch Tuộc Nướng Muối Ớt\",\"quantity\":1,\"note\":\"Không cay / Not spicy\"}', 'info', '2026-04-07 19:34:09');
INSERT INTO `activity_logs` VALUES ('22', 'logout', 'user', '3', '3', '118.69.64.122', 'Mozilla/5.0 (Macintosh; Intel Mac OS X 10_15_7) AppleWebKit/605.1.15 (KHTML, like Gecko) Version/16.6.1 Safari/605.1.15', '/restaurant/auth/logout', 'GET', '[]', 'info', '2026-04-07 19:35:51');
INSERT INTO `activity_logs` VALUES ('23', 'login', 'user', '1', '1', '118.69.64.122', 'Mozilla/5.0 (Macintosh; Intel Mac OS X 10_15_7) AppleWebKit/605.1.15 (KHTML, like Gecko) Version/16.6.1 Safari/605.1.15', '/restaurant/auth/login', 'POST', '{\"success\":true,\"reason\":\"\"}', 'info', '2026-04-07 19:35:54');
INSERT INTO `activity_logs` VALUES ('24', 'login', 'user', '1', '1', '118.69.64.122', 'Mozilla/5.0 (iPad; CPU OS 16_7_11 like Mac OS X) AppleWebKit/605.1.15 (KHTML, like Gecko) CriOS/137.0.7151.107 Mobile/15E148 Safari/604.1', '/restaurant/auth/login', 'POST', '{\"success\":true,\"reason\":\"\"}', 'info', '2026-04-07 19:49:39');
INSERT INTO `activity_logs` VALUES ('25', 'logout', 'user', '1', '1', '118.69.64.122', 'Mozilla/5.0 (Macintosh; Intel Mac OS X 10_15_7) AppleWebKit/605.1.15 (KHTML, like Gecko) Version/17.6 Safari/605.1.15', '/restaurant/auth/logout', 'GET', '[]', 'info', '2026-04-07 19:50:56');
INSERT INTO `activity_logs` VALUES ('26', 'login', 'user', '1', '1', '118.69.64.122', 'Mozilla/5.0 (Macintosh; Intel Mac OS X 10_15_7) AppleWebKit/605.1.15 (KHTML, like Gecko) Version/17.6 Safari/605.1.15', '/restaurant/auth/login', 'POST', '{\"success\":true,\"reason\":\"\"}', 'info', '2026-04-07 19:50:58');
INSERT INTO `activity_logs` VALUES ('27', 'login', 'user', '1', '1', '115.74.225.100', 'Mozilla/5.0 (Windows NT 10.0; Win64; x64) AppleWebKit/537.36 (KHTML, like Gecko) Chrome/146.0.0.0 Safari/537.36', '/restaurant/auth/login', 'POST', '{\"success\":true,\"reason\":\"\"}', 'info', '2026-04-08 13:22:34');
INSERT INTO `activity_logs` VALUES ('28', 'logout', 'user', '1', '1', '115.74.225.100', 'Mozilla/5.0 (Windows NT 10.0; Win64; x64) AppleWebKit/537.36 (KHTML, like Gecko) Chrome/146.0.0.0 Safari/537.36', '/restaurant/auth/logout', 'GET', '[]', 'info', '2026-04-08 13:23:06');
INSERT INTO `activity_logs` VALUES ('29', 'error', 'user', '0', NULL, '115.74.225.100', 'Mozilla/5.0 (Windows NT 10.0; Win64; x64) AppleWebKit/537.36 (KHTML, like Gecko) Chrome/146.0.0.0 Safari/537.36', '/restaurant/auth/login', 'POST', '{\"success\":false,\"reason\":\"Invalid PIN for user: it\"}', 'warning', '2026-04-08 13:23:09');
INSERT INTO `activity_logs` VALUES ('30', 'login', 'user', '2', '2', '115.74.225.100', 'Mozilla/5.0 (Windows NT 10.0; Win64; x64) AppleWebKit/537.36 (KHTML, like Gecko) Chrome/146.0.0.0 Safari/537.36', '/restaurant/auth/login', 'POST', '{\"success\":true,\"reason\":\"\"}', 'info', '2026-04-08 13:23:11');
INSERT INTO `activity_logs` VALUES ('31', 'login', 'user', '2', '2', '115.74.225.100', 'Mozilla/5.0 (Macintosh; Intel Mac OS X 10_15_7) AppleWebKit/605.1.15 (KHTML, like Gecko) Version/17.6 Safari/605.1.15', '/restaurant/auth/login', 'POST', '{\"success\":true,\"reason\":\"\"}', 'info', '2026-04-08 13:47:08');
INSERT INTO `activity_logs` VALUES ('32', 'delete', 'menu_clear', '0', '2', '115.74.225.100', 'Mozilla/5.0 (Macintosh; Intel Mac OS X 10_15_7) AppleWebKit/605.1.15 (KHTML, like Gecko) Version/17.6 Safari/605.1.15', '/restaurant/admin/menu/clear', 'POST', '{\"type\":\"all\",\"deleted\":{\"items\":50,\"categories\":11,\"sets\":2,\"setItems\":0},\"user_id\":\"2\"}', 'warning', '2026-04-08 13:58:58');
INSERT INTO `activity_logs` VALUES ('33', 'create', 'menu_category', '36', '2', '115.74.225.100', 'Mozilla/5.0 (Windows NT 10.0; Win64; x64) AppleWebKit/537.36 (KHTML, like Gecko) Chrome/146.0.0.0 Safari/537.36', '/restaurant/admin/categories/store', 'POST', '{\"name\":\"Khai Vị\",\"name_en\":\"Appertizer\",\"menu_type\":\"other\",\"icon\":\"fa-utensils\",\"sort_order\":1}', 'info', '2026-04-08 14:03:44');
INSERT INTO `activity_logs` VALUES ('34', 'create', 'menu_category', '37', '2', '115.74.225.100', 'Mozilla/5.0 (Windows NT 10.0; Win64; x64) AppleWebKit/537.36 (KHTML, like Gecko) Chrome/146.0.0.0 Safari/537.36', '/restaurant/admin/categories/store', 'POST', '{\"name\":\"Món Chính\",\"name_en\":\"Main Course\",\"menu_type\":\"other\",\"icon\":\"fa-utensils\",\"sort_order\":2}', 'info', '2026-04-08 14:05:46');
INSERT INTO `activity_logs` VALUES ('35', 'create', 'menu_category', '38', '2', '115.74.225.100', 'Mozilla/5.0 (Windows NT 10.0; Win64; x64) AppleWebKit/537.36 (KHTML, like Gecko) Chrome/146.0.0.0 Safari/537.36', '/restaurant/admin/categories/store', 'POST', '{\"name\":\"Xà Lách\",\"name_en\":\"Salad\",\"menu_type\":\"other\",\"icon\":\"fa-utensils\",\"sort_order\":3}', 'info', '2026-04-08 14:08:11');
INSERT INTO `activity_logs` VALUES ('36', 'create', 'menu_category', '39', '2', '115.74.225.100', 'Mozilla/5.0 (Windows NT 10.0; Win64; x64) AppleWebKit/537.36 (KHTML, like Gecko) Chrome/146.0.0.0 Safari/537.36', '/restaurant/admin/categories/store', 'POST', '{\"name\":\"Súp\",\"name_en\":\"Soup\",\"menu_type\":\"other\",\"icon\":\"fa-utensils\",\"sort_order\":0}', 'info', '2026-04-08 14:08:49');
INSERT INTO `activity_logs` VALUES ('37', 'create', 'menu_category', '40', '2', '115.74.225.100', 'Mozilla/5.0 (Windows NT 10.0; Win64; x64) AppleWebKit/537.36 (KHTML, like Gecko) Chrome/146.0.0.0 Safari/537.36', '/restaurant/admin/categories/store', 'POST', '{\"name\":\"Mì Ý\",\"name_en\":\"Spaghetti\",\"menu_type\":\"other\",\"icon\":\"fa-utensils\",\"sort_order\":4}', 'info', '2026-04-08 14:09:31');
INSERT INTO `activity_logs` VALUES ('38', 'create', 'menu_category', '41', '2', '115.74.225.100', 'Mozilla/5.0 (Windows NT 10.0; Win64; x64) AppleWebKit/537.36 (KHTML, like Gecko) Chrome/146.0.0.0 Safari/537.36', '/restaurant/admin/categories/store', 'POST', '{\"name\":\"Bánh Mì\",\"name_en\":\"Sandwich\",\"menu_type\":\"other\",\"icon\":\"fa-utensils\",\"sort_order\":0}', 'info', '2026-04-08 14:09:48');
INSERT INTO `activity_logs` VALUES ('39', 'delete', 'menu_clear', '0', '2', '115.74.225.100', 'Mozilla/5.0 (Macintosh; Intel Mac OS X 10_15_7) AppleWebKit/605.1.15 (KHTML, like Gecko) Version/17.6 Safari/605.1.15', '/restaurant/admin/menu/clear', 'POST', '{\"type\":\"all\",\"deleted\":{\"items\":0,\"categories\":6,\"sets\":0,\"setItems\":0},\"user_id\":\"2\"}', 'warning', '2026-04-08 14:11:21');
INSERT INTO `activity_logs` VALUES ('40', 'update', 'menu_type', '1', '2', '115.74.225.100', 'Mozilla/5.0 (Windows NT 10.0; Win64; x64) AppleWebKit/537.36 (KHTML, like Gecko) Chrome/146.0.0.0 Safari/537.36', '/restaurant/admin/menu-types/update', 'POST', '{\"name\":\"Món Á\",\"name_en\":\"Asian Cuisine\",\"type_key\":\"asia\",\"description\":\"Các món ăn truyền thống châu Á\",\"color\":\"#0ea5e9\",\"icon\":\"fa-bowl-rice\",\"sort_order\":1,\"is_active\":1}', 'info', '2026-04-08 14:19:00');
INSERT INTO `activity_logs` VALUES ('41', 'create', 'menu_category', '42', '2', '115.74.225.100', 'Mozilla/5.0 (Windows NT 10.0; Win64; x64) AppleWebKit/537.36 (KHTML, like Gecko) Chrome/146.0.0.0 Safari/537.36', '/restaurant/admin/categories/store', 'POST', '{\"name\":\"Cơm\",\"name_en\":\"Rice\",\"menu_type\":\"asia\",\"icon\":\"fa-utensils\",\"sort_order\":0}', 'info', '2026-04-08 14:26:57');
INSERT INTO `activity_logs` VALUES ('42', 'create', 'menu_category', '43', '2', '115.74.225.100', 'Mozilla/5.0 (Windows NT 10.0; Win64; x64) AppleWebKit/537.36 (KHTML, like Gecko) Chrome/146.0.0.0 Safari/537.36', '/restaurant/admin/categories/store', 'POST', '{\"name\":\"Mì & Bún\",\"name_en\":\"Noodle\",\"menu_type\":\"asia\",\"icon\":\"fa-utensils\",\"sort_order\":1}', 'info', '2026-04-08 14:27:14');
INSERT INTO `activity_logs` VALUES ('43', 'create', 'menu_category', '44', '2', '115.74.225.100', 'Mozilla/5.0 (Windows NT 10.0; Win64; x64) AppleWebKit/537.36 (KHTML, like Gecko) Chrome/146.0.0.0 Safari/537.36', '/restaurant/admin/categories/store', 'POST', '{\"name\":\"Cháo\",\"name_en\":\"Porridge\",\"menu_type\":\"asia\",\"icon\":\"fa-utensils\",\"sort_order\":2}', 'info', '2026-04-08 14:27:42');
INSERT INTO `activity_logs` VALUES ('44', 'create', 'menu_category', '45', '2', '115.74.225.100', 'Mozilla/5.0 (Windows NT 10.0; Win64; x64) AppleWebKit/537.36 (KHTML, like Gecko) Chrome/146.0.0.0 Safari/537.36', '/restaurant/admin/categories/store', 'POST', '{\"name\":\"Heo\",\"name_en\":\"Pork\",\"menu_type\":\"asia\",\"icon\":\"fa-utensils\",\"sort_order\":3}', 'info', '2026-04-08 14:28:37');
INSERT INTO `activity_logs` VALUES ('45', 'create', 'menu_category', '46', '2', '115.74.225.100', 'Mozilla/5.0 (Windows NT 10.0; Win64; x64) AppleWebKit/537.36 (KHTML, like Gecko) Chrome/146.0.0.0 Safari/537.36', '/restaurant/admin/categories/store', 'POST', '{\"name\":\"Bò\",\"name_en\":\"BEEF\",\"menu_type\":\"asia\",\"icon\":\"fa-utensils\",\"sort_order\":4}', 'info', '2026-04-08 14:28:48');
INSERT INTO `activity_logs` VALUES ('46', 'create', 'menu_category', '47', '2', '115.74.225.100', 'Mozilla/5.0 (Windows NT 10.0; Win64; x64) AppleWebKit/537.36 (KHTML, like Gecko) Chrome/146.0.0.0 Safari/537.36', '/restaurant/admin/categories/store', 'POST', '{\"name\":\"Tôm\",\"name_en\":\"Shrimp\",\"menu_type\":\"asia\",\"icon\":\"fa-utensils\",\"sort_order\":5}', 'info', '2026-04-08 14:29:09');
INSERT INTO `activity_logs` VALUES ('47', 'create', 'menu_category', '48', '2', '115.74.225.100', 'Mozilla/5.0 (Windows NT 10.0; Win64; x64) AppleWebKit/537.36 (KHTML, like Gecko) Chrome/146.0.0.0 Safari/537.36', '/restaurant/admin/categories/store', 'POST', '{\"name\":\"Súp\",\"name_en\":\"Soup\",\"menu_type\":\"europe\",\"icon\":\"fa-utensils\",\"sort_order\":6}', 'info', '2026-04-08 14:29:44');
INSERT INTO `activity_logs` VALUES ('48', 'delete', 'menu_category', '48', '2', '115.74.225.100', 'Mozilla/5.0 (Windows NT 10.0; Win64; x64) AppleWebKit/537.36 (KHTML, like Gecko) Chrome/146.0.0.0 Safari/537.36', '/restaurant/admin/categories/delete', 'POST', '{\"name\":\"Súp\"}', 'info', '2026-04-08 14:30:10');
INSERT INTO `activity_logs` VALUES ('49', 'delete', 'user', '3', '2', '115.74.225.100', 'Mozilla/5.0 (Windows NT 10.0; Win64; x64) AppleWebKit/537.36 (KHTML, like Gecko) Chrome/146.0.0.0 Safari/537.36', '/restaurant/it/users/delete', 'POST', '{\"username\":\"waiter01\",\"name\":\"Nhân Viên Nhà Hàng\"}', 'info', '2026-04-08 14:41:31');
INSERT INTO `activity_logs` VALUES ('50', 'delete', 'user', '4', '2', '115.74.225.100', 'Mozilla/5.0 (Windows NT 10.0; Win64; x64) AppleWebKit/537.36 (KHTML, like Gecko) Chrome/146.0.0.0 Safari/537.36', '/restaurant/it/users/delete', 'POST', '{\"username\":\"waiter02\",\"name\":\"Nhân Viên Nhà Hàng\"}', 'info', '2026-04-08 14:41:32');
INSERT INTO `activity_logs` VALUES ('51', 'delete', 'user', '1', '2', '115.74.225.100', 'Mozilla/5.0 (Windows NT 10.0; Win64; x64) AppleWebKit/537.36 (KHTML, like Gecko) Chrome/146.0.0.0 Safari/537.36', '/restaurant/it/users/delete', 'POST', '{\"username\":\"admin\",\"name\":\"Admin Nhà Hàng\"}', 'info', '2026-04-08 14:41:38');
INSERT INTO `activity_logs` VALUES ('52', 'create', 'user', '5', '2', '115.74.225.100', 'Mozilla/5.0 (Windows NT 10.0; Win64; x64) AppleWebKit/537.36 (KHTML, like Gecko) Chrome/146.0.0.0 Safari/537.36', '/restaurant/it/users/store', 'POST', '{\"username\":\"waiter01\",\"name\":\"Nhân Viên 01\",\"role\":\"waiter\"}', 'info', '2026-04-08 14:41:58');
INSERT INTO `activity_logs` VALUES ('53', 'create', 'user', '6', '2', '115.74.225.100', 'Mozilla/5.0 (Windows NT 10.0; Win64; x64) AppleWebKit/537.36 (KHTML, like Gecko) Chrome/146.0.0.0 Safari/537.36', '/restaurant/it/users/store', 'POST', '{\"username\":\"waiter02\",\"name\":\"Nhân Viên 02\",\"role\":\"waiter\"}', 'info', '2026-04-08 14:42:11');
INSERT INTO `activity_logs` VALUES ('54', 'create', 'user', '7', '2', '115.74.225.100', 'Mozilla/5.0 (Windows NT 10.0; Win64; x64) AppleWebKit/537.36 (KHTML, like Gecko) Chrome/146.0.0.0 Safari/537.36', '/restaurant/it/users/store', 'POST', '{\"username\":\"admin01\",\"name\":\"Admin\",\"role\":\"admin\"}', 'info', '2026-04-08 14:42:29');
INSERT INTO `activity_logs` VALUES ('55', 'delete', 'menu_type', '4', '2', '115.74.225.100', 'Mozilla/5.0 (Windows NT 10.0; Win64; x64) AppleWebKit/537.36 (KHTML, like Gecko) Chrome/146.0.0.0 Safari/537.36', '/restaurant/admin/menu-types/delete', 'POST', '{\"name\":\"Khác\"}', 'info', '2026-04-08 14:43:32');
INSERT INTO `activity_logs` VALUES ('56', 'create', 'menu_type', '9', '2', '115.74.225.100', 'Mozilla/5.0 (Windows NT 10.0; Win64; x64) AppleWebKit/537.36 (KHTML, like Gecko) Chrome/146.0.0.0 Safari/537.36', '/restaurant/admin/menu-types/store', 'POST', '{\"name\":\"Khác\",\"name_en\":\"Orthers\",\"type_key\":\"orthers\",\"description\":\"Các món khác\",\"color\":\"#e70d0d\",\"icon\":\"fa-utensils\",\"sort_order\":4}', 'info', '2026-04-08 14:44:10');
INSERT INTO `activity_logs` VALUES ('57', 'login', 'user', '5', '5', '118.69.64.122', 'Mozilla/5.0 (Macintosh; Intel Mac OS X 10_15_7) AppleWebKit/605.1.15 (KHTML, like Gecko) Version/16.6.1 Safari/605.1.15', '/restaurant/auth/login', 'POST', '{\"success\":true,\"reason\":\"\"}', 'info', '2026-04-08 14:46:26');
INSERT INTO `activity_logs` VALUES ('58', 'login', 'user', '2', '2', '115.74.225.100', 'Mozilla/5.0 (Windows NT 10.0; Win64; x64) AppleWebKit/537.36 (KHTML, like Gecko) Chrome/146.0.0.0 Safari/537.36', '/restaurant/auth/login', 'POST', '{\"success\":true,\"reason\":\"\"}', 'info', '2026-04-08 17:22:56');
INSERT INTO `activity_logs` VALUES ('59', 'create', 'menu_item', '198', '2', '115.74.225.100', 'Mozilla/5.0 (Windows NT 10.0; Win64; x64) AppleWebKit/537.36 (KHTML, like Gecko) Chrome/146.0.0.0 Safari/537.36', '/restaurant/admin/menu/store', 'POST', '{\"category_id\":42,\"name\":\"Cơm Trắng / Chén\",\"name_en\":\"Steamed Rice\",\"description\":null,\"price\":25000,\"stock\":-1,\"tags\":null,\"note_options\":null,\"note_options_en\":null,\"sort_order\":1,\"is_active\":1,\"service_type\":\"room_service\",\"menu_type\":\"asia\"}', 'info', '2026-04-08 17:23:51');
INSERT INTO `activity_logs` VALUES ('60', 'login', 'user', '5', '5', '118.69.64.122', 'Mozilla/5.0 (Macintosh; Intel Mac OS X 10_15_7) AppleWebKit/605.1.15 (KHTML, like Gecko) Version/16.6.1 Safari/605.1.15', '/restaurant/auth/login', 'POST', '{\"success\":true,\"reason\":\"\"}', 'info', '2026-04-08 17:24:17');
INSERT INTO `activity_logs` VALUES ('61', 'create', 'order', '1', '5', '118.69.64.122', 'Mozilla/5.0 (Macintosh; Intel Mac OS X 10_15_7) AppleWebKit/605.1.15 (KHTML, like Gecko) Version/16.6.1 Safari/605.1.15', '/restaurant/tables/open', 'POST', '{\"table_id\":34,\"waiter_id\":\"5\",\"guest_count\":2,\"shift_id\":3}', 'info', '2026-04-08 17:24:22');
INSERT INTO `activity_logs` VALUES ('62', 'create', 'order_item', NULL, '5', '118.69.64.122', 'Mozilla/5.0 (Macintosh; Intel Mac OS X 10_15_7) AppleWebKit/605.1.15 (KHTML, like Gecko) Version/16.6.1 Safari/605.1.15', '/restaurant/orders/add', 'POST', '{\"order_id\":1,\"menu_item_id\":198,\"item_name\":\"Cơm Trắng / Chén\",\"quantity\":1,\"note\":\"\"}', 'info', '2026-04-08 17:24:27');
INSERT INTO `activity_logs` VALUES ('63', 'create', 'order', '2', '5', '118.69.64.122', 'Mozilla/5.0 (Macintosh; Intel Mac OS X 10_15_7) AppleWebKit/605.1.15 (KHTML, like Gecko) Version/16.6.1 Safari/605.1.15', '/restaurant/tables/open', 'POST', '{\"table_id\":1,\"waiter_id\":\"5\",\"guest_count\":2,\"shift_id\":3}', 'info', '2026-04-08 17:25:01');
INSERT INTO `activity_logs` VALUES ('64', 'create', 'order', '3', '5', '118.69.64.122', 'Mozilla/5.0 (Macintosh; Intel Mac OS X 10_15_7) AppleWebKit/605.1.15 (KHTML, like Gecko) Version/16.6.1 Safari/605.1.15', '/restaurant/tables/open', 'POST', '{\"table_id\":35,\"waiter_id\":\"5\",\"guest_count\":2,\"shift_id\":3}', 'info', '2026-04-08 17:25:09');
INSERT INTO `activity_logs` VALUES ('65', 'update', 'menu_item', '288', '2', '115.74.225.100', 'Mozilla/5.0 (Windows NT 10.0; Win64; x64) AppleWebKit/537.36 (KHTML, like Gecko) Chrome/146.0.0.0 Safari/537.36', '/restaurant/admin/menu/update', 'POST', '{\"category_id\":81,\"name\":\"Bạc Sỉu\",\"name_en\":\"Fresh Milk with Coffee\",\"description\":\"Bạc sỉu nóng hoặc đá\",\"price\":40000,\"stock\":-1,\"tags\":null,\"note_options\":\"nóng, lạnh\",\"note_options_en\":\"hot, ice\",\"sort_order\":0,\"is_active\":1,\"service_type\":\"both\",\"menu_type\":\"other\"}', 'info', '2026-04-08 17:53:26');
INSERT INTO `activity_logs` VALUES ('66', 'update', 'menu_item', '286', '2', '115.74.225.100', 'Mozilla/5.0 (Windows NT 10.0; Win64; x64) AppleWebKit/537.36 (KHTML, like Gecko) Chrome/146.0.0.0 Safari/537.36', '/restaurant/admin/menu/update', 'POST', '{\"category_id\":81,\"name\":\"Cà Phê\",\"name_en\":\"Coffee\",\"description\":\"Cà phê nóng hoặc đá\",\"price\":35000,\"stock\":-1,\"tags\":null,\"note_options\":\"Nóng, Đá\",\"note_options_en\":\"Hot, Iced\",\"sort_order\":0,\"is_active\":1,\"service_type\":\"both\",\"menu_type\":\"other\"}', 'info', '2026-04-08 17:53:57');
INSERT INTO `activity_logs` VALUES ('67', 'update', 'menu_item', '288', '2', '115.74.225.100', 'Mozilla/5.0 (Windows NT 10.0; Win64; x64) AppleWebKit/537.36 (KHTML, like Gecko) Chrome/146.0.0.0 Safari/537.36', '/restaurant/admin/menu/update', 'POST', '{\"category_id\":81,\"name\":\"Bạc Sỉu\",\"name_en\":\"Fresh Milk with Coffee\",\"description\":\"Bạc sỉu nóng hoặc đá\",\"price\":40000,\"stock\":-1,\"tags\":null,\"note_options\":\"Nóng, Đá\",\"note_options_en\":\"Hot, Iced\",\"sort_order\":0,\"is_active\":1,\"service_type\":\"both\",\"menu_type\":\"other\"}', 'info', '2026-04-08 17:54:17');
INSERT INTO `activity_logs` VALUES ('68', 'logout', 'user', '2', '2', '115.74.225.100', 'Mozilla/5.0 (Windows NT 10.0; Win64; x64) AppleWebKit/537.36 (KHTML, like Gecko) Chrome/146.0.0.0 Safari/537.36', '/restaurant/auth/logout', 'GET', '[]', 'info', '2026-04-08 21:44:55');
INSERT INTO `activity_logs` VALUES ('69', 'login', 'user', '5', '5', '115.74.225.100', 'Mozilla/5.0 (Windows NT 10.0; Win64; x64) AppleWebKit/537.36 (KHTML, like Gecko) Chrome/146.0.0.0 Safari/537.36', '/restaurant/auth/login', 'POST', '{\"success\":true,\"reason\":\"\"}', 'info', '2026-04-08 21:44:58');
INSERT INTO `activity_logs` VALUES ('70', 'create', 'order_item', NULL, '5', '115.74.225.100', 'Mozilla/5.0 (Windows NT 10.0; Win64; x64) AppleWebKit/537.36 (KHTML, like Gecko) Chrome/146.0.0.0 Safari/537.36', '/restaurant/orders/add', 'POST', '{\"order_id\":5,\"menu_item_id\":200,\"item_name\":\"Bò Cuốn Lá Xanh\",\"quantity\":1,\"note\":\"\"}', 'info', '2026-04-08 21:45:21');
INSERT INTO `activity_logs` VALUES ('71', 'login', 'user', '5', '5', '118.69.64.122', 'Mozilla/5.0 (iPad; CPU OS 16_7_11 like Mac OS X) AppleWebKit/605.1.15 (KHTML, like Gecko) CriOS/137.0.7151.107 Mobile/15E148 Safari/604.1', '/restaurant/auth/login', 'POST', '{\"success\":true,\"reason\":\"\"}', 'info', '2026-04-08 21:45:50');
INSERT INTO `activity_logs` VALUES ('72', 'login', 'user', '5', '5', '118.69.64.122', 'Mozilla/5.0 (iPad; CPU OS 16_7_11 like Mac OS X) AppleWebKit/605.1.15 (KHTML, like Gecko) CriOS/137.0.7151.107 Mobile/15E148 Safari/604.1', '/restaurant/auth/login', 'POST', '{\"success\":true,\"reason\":\"\"}', 'info', '2026-04-09 14:25:00');
INSERT INTO `activity_logs` VALUES ('73', 'login', 'user', '5', '5', '115.74.225.100', 'Mozilla/5.0 (Windows NT 10.0; Win64; x64) AppleWebKit/537.36 (KHTML, like Gecko) Chrome/146.0.0.0 Safari/537.36', '/restaurant/auth/login', 'POST', '{\"success\":true,\"reason\":\"\"}', 'info', '2026-04-09 14:25:40');
INSERT INTO `activity_logs` VALUES ('74', 'login', 'user', '5', '5', '118.69.64.122', 'Mozilla/5.0 (Macintosh; Intel Mac OS X 10_15_7) AppleWebKit/605.1.15 (KHTML, like Gecko) Version/17.6 Safari/605.1.15', '/restaurant/auth/login', 'POST', '{\"success\":true,\"reason\":\"\"}', 'info', '2026-04-09 14:27:17');
INSERT INTO `activity_logs` VALUES ('75', 'login', 'user', '5', '5', '118.69.64.122', 'Mozilla/5.0 (iPad; CPU OS 16_7_11 like Mac OS X) AppleWebKit/605.1.15 (KHTML, like Gecko) CriOS/137.0.7151.107 Mobile/15E148 Safari/604.1', '/restaurant/auth/login', 'POST', '{\"success\":true,\"reason\":\"\"}', 'info', '2026-04-09 14:28:37');
INSERT INTO `activity_logs` VALUES ('76', 'logout', 'user', '5', '5', '118.69.64.122', 'Mozilla/5.0 (iPad; CPU OS 16_7_11 like Mac OS X) AppleWebKit/605.1.15 (KHTML, like Gecko) CriOS/137.0.7151.107 Mobile/15E148 Safari/604.1', '/restaurant/auth/logout', 'GET', '[]', 'info', '2026-04-09 14:28:51');
INSERT INTO `activity_logs` VALUES ('77', 'login', 'user', '5', '5', '118.69.64.122', 'Mozilla/5.0 (Macintosh; Intel Mac OS X 10_15_7) AppleWebKit/605.1.15 (KHTML, like Gecko) Version/16.6.1 Safari/605.1.15', '/restaurant/auth/login', 'POST', '{\"success\":true,\"reason\":\"\"}', 'info', '2026-04-09 14:29:15');
INSERT INTO `activity_logs` VALUES ('78', 'logout', 'user', '5', '5', '115.74.225.100', 'Mozilla/5.0 (Windows NT 10.0; Win64; x64) AppleWebKit/537.36 (KHTML, like Gecko) Chrome/146.0.0.0 Safari/537.36', '/restaurant/auth/logout', 'GET', '[]', 'info', '2026-04-09 14:30:42');
INSERT INTO `activity_logs` VALUES ('79', 'login', 'user', '7', '7', '115.74.225.100', 'Mozilla/5.0 (Windows NT 10.0; Win64; x64) AppleWebKit/537.36 (KHTML, like Gecko) Chrome/146.0.0.0 Safari/537.36', '/restaurant/auth/login', 'POST', '{\"success\":true,\"reason\":\"\"}', 'info', '2026-04-09 14:30:45');
INSERT INTO `activity_logs` VALUES ('80', 'update', 'menu_item', '200', '7', '115.74.225.100', 'Mozilla/5.0 (Windows NT 10.0; Win64; x64) AppleWebKit/537.36 (KHTML, like Gecko) Chrome/146.0.0.0 Safari/537.36', '/restaurant/admin/menu/update', 'POST', '{\"category_id\":68,\"name\":\"Bò Cuốn Lá Xanh\",\"name_en\":\"Mustard Leaf Rolls with Beef\",\"description\":\"Bò cuốn lá xanh mù tạt\",\"price\":179000,\"stock\":-1,\"tags\":null,\"note_options\":null,\"note_options_en\":null,\"sort_order\":0,\"is_active\":1,\"service_type\":\"restaurant\",\"menu_type\":\"asia\"}', 'info', '2026-04-09 14:33:04');
INSERT INTO `activity_logs` VALUES ('81', 'logout', 'user', '5', '5', '118.69.64.122', 'Mozilla/5.0 (Macintosh; Intel Mac OS X 10_15_7) AppleWebKit/605.1.15 (KHTML, like Gecko) Version/17.6 Safari/605.1.15', '/restaurant/auth/logout', 'GET', '[]', 'info', '2026-04-09 14:33:24');
INSERT INTO `activity_logs` VALUES ('82', 'login', 'user', '7', '7', '118.69.64.122', 'Mozilla/5.0 (Macintosh; Intel Mac OS X 10_15_7) AppleWebKit/605.1.15 (KHTML, like Gecko) Version/17.6 Safari/605.1.15', '/restaurant/auth/login', 'POST', '{\"success\":true,\"reason\":\"\"}', 'info', '2026-04-09 14:33:27');
INSERT INTO `activity_logs` VALUES ('83', 'update', 'menu_item', '205', '7', '115.74.225.100', 'Mozilla/5.0 (Windows NT 10.0; Win64; x64) AppleWebKit/537.36 (KHTML, like Gecko) Chrome/146.0.0.0 Safari/537.36', '/restaurant/admin/menu/update', 'POST', '{\"category_id\":69,\"name\":\"Súp Bào Ngư Hải Sản\",\"name_en\":\"Abalone Seafood Soup\",\"description\":\"Súp bào ngư hải sản\",\"price\":130000,\"stock\":-1,\"tags\":null,\"note_options\":null,\"note_options_en\":null,\"sort_order\":0,\"is_active\":1,\"service_type\":\"restaurant\",\"menu_type\":\"asia\"}', 'info', '2026-04-09 14:41:57');
INSERT INTO `activity_logs` VALUES ('84', 'update', 'menu_item', '283', '7', '115.74.225.100', 'Mozilla/5.0 (Windows NT 10.0; Win64; x64) AppleWebKit/537.36 (KHTML, like Gecko) Chrome/146.0.0.0 Safari/537.36', '/restaurant/admin/menu/update', 'POST', '{\"category_id\":80,\"name\":\"Cơm Trắng Chén\",\"name_en\":\"Steamed Rice / Small Bowl\",\"description\":\"Cơm trắng chén\",\"price\":20000,\"stock\":-1,\"tags\":null,\"note_options\":null,\"note_options_en\":null,\"sort_order\":0,\"is_active\":1,\"service_type\":\"room_service\",\"menu_type\":\"alacarte\"}', 'info', '2026-04-09 14:42:43');
INSERT INTO `activity_logs` VALUES ('85', 'logout', 'user', '7', '7', '115.74.225.100', 'Mozilla/5.0 (Windows NT 10.0; Win64; x64) AppleWebKit/537.36 (KHTML, like Gecko) Chrome/146.0.0.0 Safari/537.36', '/restaurant/auth/logout', 'GET', '[]', 'info', '2026-04-09 14:43:44');
INSERT INTO `activity_logs` VALUES ('86', 'login', 'user', '2', '2', '115.74.225.100', 'Mozilla/5.0 (Windows NT 10.0; Win64; x64) AppleWebKit/537.36 (KHTML, like Gecko) Chrome/146.0.0.0 Safari/537.36', '/restaurant/auth/login', 'POST', '{\"success\":true,\"reason\":\"\"}', 'info', '2026-04-09 14:43:46');
INSERT INTO `activity_logs` VALUES ('87', 'logout', 'user', '7', '7', '118.69.64.122', 'Mozilla/5.0 (Macintosh; Intel Mac OS X 10_15_7) AppleWebKit/605.1.15 (KHTML, like Gecko) Version/17.6 Safari/605.1.15', '/restaurant/auth/logout', 'GET', '[]', 'info', '2026-04-09 14:52:24');
INSERT INTO `activity_logs` VALUES ('88', 'login', 'user', '2', '2', '118.69.64.122', 'Mozilla/5.0 (Macintosh; Intel Mac OS X 10_15_7) AppleWebKit/605.1.15 (KHTML, like Gecko) Version/17.6 Safari/605.1.15', '/restaurant/auth/login', 'POST', '{\"success\":true,\"reason\":\"\"}', 'info', '2026-04-09 14:52:26');
INSERT INTO `activity_logs` VALUES ('89', 'logout', 'user', '2', '2', '115.74.225.100', 'Mozilla/5.0 (Windows NT 10.0; Win64; x64) AppleWebKit/537.36 (KHTML, like Gecko) Chrome/146.0.0.0 Safari/537.36', '/restaurant/auth/logout', 'GET', '[]', 'info', '2026-04-09 15:18:32');
INSERT INTO `activity_logs` VALUES ('90', 'login', 'user', '7', '7', '115.74.225.100', 'Mozilla/5.0 (Windows NT 10.0; Win64; x64) AppleWebKit/537.36 (KHTML, like Gecko) Chrome/146.0.0.0 Safari/537.36', '/restaurant/auth/login', 'POST', '{\"success\":true,\"reason\":\"\"}', 'info', '2026-04-09 15:18:39');
INSERT INTO `activity_logs` VALUES ('91', 'update', 'menu_item', '287', '2', '14.241.187.72', 'Mozilla/5.0 (Macintosh; Intel Mac OS X 10_15_7) AppleWebKit/605.1.15 (KHTML, like Gecko) Version/17.6 Safari/605.1.15', '/restaurant/admin/menu/update', 'POST', '{\"category_id\":81,\"name\":\"Cà Phê Sữa\",\"name_en\":\"Coffee with Condensed Milk\",\"description\":\"Cà phê sữa nóng hoặc đá\",\"price\":40000,\"stock\":-1,\"tags\":null,\"note_options\":\"Nóng, Đá\",\"note_options_en\":\"Hot, Iced\",\"sort_order\":0,\"is_active\":1,\"service_type\":\"both\",\"menu_type\":\"other\"}', 'info', '2026-04-09 15:39:46');
INSERT INTO `activity_logs` VALUES ('92', 'logout', 'user', '2', '2', '14.241.187.72', 'Mozilla/5.0 (Macintosh; Intel Mac OS X 10_15_7) AppleWebKit/605.1.15 (KHTML, like Gecko) Version/17.6 Safari/605.1.15', '/restaurant/auth/logout', 'GET', '[]', 'info', '2026-04-09 15:48:58');
INSERT INTO `activity_logs` VALUES ('93', 'login', 'user', '5', '5', '14.241.187.72', 'Mozilla/5.0 (Macintosh; Intel Mac OS X 10_15_7) AppleWebKit/605.1.15 (KHTML, like Gecko) Version/17.6 Safari/605.1.15', '/restaurant/auth/login', 'POST', '{\"success\":true,\"reason\":\"\"}', 'info', '2026-04-09 15:49:01');
INSERT INTO `activity_logs` VALUES ('94', 'login', 'user', '7', '7', '14.241.187.72', 'Mozilla/5.0 (Macintosh; Intel Mac OS X 10_15_7) AppleWebKit/605.1.15 (KHTML, like Gecko) Version/17.6 Safari/605.1.15', '/restaurant/auth/login', 'POST', '{\"success\":true,\"reason\":\"\"}', 'info', '2026-04-09 15:49:59');
INSERT INTO `activity_logs` VALUES ('95', 'logout', 'user', '5', '5', '115.74.225.100', 'Mozilla/5.0 (Macintosh; Intel Mac OS X 10_15_7) AppleWebKit/605.1.15 (KHTML, like Gecko) Version/17.6 Safari/605.1.15', '/restaurant/auth/logout', 'GET', '[]', 'info', '2026-04-09 15:53:29');
INSERT INTO `activity_logs` VALUES ('96', 'login', 'user', '7', '7', '115.74.225.100', 'Mozilla/5.0 (Macintosh; Intel Mac OS X 10_15_7) AppleWebKit/605.1.15 (KHTML, like Gecko) Version/17.6 Safari/605.1.15', '/restaurant/auth/login', 'POST', '{\"success\":true,\"reason\":\"\"}', 'info', '2026-04-09 15:53:33');
INSERT INTO `activity_logs` VALUES ('97', 'logout', 'user', '7', '7', '115.74.225.100', 'Mozilla/5.0 (Macintosh; Intel Mac OS X 10_15_7) AppleWebKit/605.1.15 (KHTML, like Gecko) Version/17.6 Safari/605.1.15', '/restaurant/auth/logout', 'GET', '[]', 'info', '2026-04-09 15:58:21');
INSERT INTO `activity_logs` VALUES ('98', 'login', 'user', '5', '5', '115.74.225.100', 'Mozilla/5.0 (Macintosh; Intel Mac OS X 10_15_7) AppleWebKit/605.1.15 (KHTML, like Gecko) Version/17.6 Safari/605.1.15', '/restaurant/auth/login', 'POST', '{\"success\":true,\"reason\":\"\"}', 'info', '2026-04-09 15:58:25');
INSERT INTO `activity_logs` VALUES ('99', 'logout', 'user', '7', '7', '115.74.225.100', 'Mozilla/5.0 (Macintosh; Intel Mac OS X 10_15_7) AppleWebKit/605.1.15 (KHTML, like Gecko) Version/17.6 Safari/605.1.15', '/restaurant/auth/logout', 'GET', '[]', 'info', '2026-04-09 16:31:20');
INSERT INTO `activity_logs` VALUES ('100', 'login', 'user', '5', '5', '115.74.225.100', 'Mozilla/5.0 (Macintosh; Intel Mac OS X 10_15_7) AppleWebKit/605.1.15 (KHTML, like Gecko) Version/17.6 Safari/605.1.15', '/restaurant/auth/login', 'POST', '{\"success\":true,\"reason\":\"\"}', 'info', '2026-04-09 16:31:24');
INSERT INTO `activity_logs` VALUES ('101', 'logout', 'user', '5', '5', '115.74.225.100', 'Mozilla/5.0 (Macintosh; Intel Mac OS X 10_15_7) AppleWebKit/605.1.15 (KHTML, like Gecko) Version/17.6 Safari/605.1.15', '/restaurant/auth/logout', 'GET', '[]', 'info', '2026-04-09 16:47:29');
INSERT INTO `activity_logs` VALUES ('102', 'login', 'user', '7', '7', '115.74.225.100', 'Mozilla/5.0 (Macintosh; Intel Mac OS X 10_15_7) AppleWebKit/605.1.15 (KHTML, like Gecko) Version/17.6 Safari/605.1.15', '/restaurant/auth/login', 'POST', '{\"success\":true,\"reason\":\"\"}', 'info', '2026-04-09 16:47:32');
INSERT INTO `activity_logs` VALUES ('103', 'logout', 'user', '7', '7', '115.74.225.100', 'Mozilla/5.0 (Windows NT 10.0; Win64; x64) AppleWebKit/537.36 (KHTML, like Gecko) Chrome/146.0.0.0 Safari/537.36', '/restaurant/auth/logout', 'GET', '[]', 'info', '2026-04-09 17:46:49');
INSERT INTO `activity_logs` VALUES ('104', 'login', 'user', '5', '5', '115.74.225.100', 'Mozilla/5.0 (Windows NT 10.0; Win64; x64) AppleWebKit/537.36 (KHTML, like Gecko) Chrome/146.0.0.0 Safari/537.36', '/restaurant/auth/login', 'POST', '{\"success\":true,\"reason\":\"\"}', 'info', '2026-04-09 17:46:59');
INSERT INTO `activity_logs` VALUES ('105', 'logout', 'user', '7', '7', '118.69.64.122', 'Mozilla/5.0 (Macintosh; Intel Mac OS X 10_15_7) AppleWebKit/605.1.15 (KHTML, like Gecko) Version/17.6 Safari/605.1.15', '/restaurant/auth/logout', 'GET', '[]', 'info', '2026-04-09 17:49:11');
INSERT INTO `activity_logs` VALUES ('106', 'login', 'user', '7', '7', '118.69.64.122', 'Mozilla/5.0 (Macintosh; Intel Mac OS X 10_15_7) AppleWebKit/605.1.15 (KHTML, like Gecko) Version/17.6 Safari/605.1.15', '/restaurant/auth/login', 'POST', '{\"success\":true,\"reason\":\"\"}', 'info', '2026-04-09 17:49:15');
INSERT INTO `activity_logs` VALUES ('107', 'update', 'menu_category', '74', '7', '118.69.64.122', 'Mozilla/5.0 (Macintosh; Intel Mac OS X 10_15_7) AppleWebKit/605.1.15 (KHTML, like Gecko) Version/17.6 Safari/605.1.15', '/restaurant/admin/categories/update', 'POST', '{\"name\":\"Súp\",\"name_en\":\"Soup\",\"menu_type\":\"asia\",\"icon\":\"fa-bowl-food\",\"sort_order\":1,\"is_active\":1}', 'info', '2026-04-09 18:00:28');
INSERT INTO `activity_logs` VALUES ('108', 'update', 'menu_category', '69', '7', '118.69.64.122', 'Mozilla/5.0 (Macintosh; Intel Mac OS X 10_15_7) AppleWebKit/605.1.15 (KHTML, like Gecko) Version/17.6 Safari/605.1.15', '/restaurant/admin/categories/update', 'POST', '{\"name\":\"Súp\",\"name_en\":\"Soup\",\"menu_type\":\"europe\",\"icon\":\"fa-bowl-food\",\"sort_order\":2,\"is_active\":1}', 'info', '2026-04-09 18:00:41');
INSERT INTO `activity_logs` VALUES ('109', 'update', 'menu_item', '212', '7', '118.69.64.122', 'Mozilla/5.0 (Macintosh; Intel Mac OS X 10_15_7) AppleWebKit/605.1.15 (KHTML, like Gecko) Version/17.6 Safari/605.1.15', '/restaurant/admin/menu/update', 'POST', '{\"category_id\":70,\"name\":\"Gỏi Xà Lách Trộn Kiểu Pháp\",\"name_en\":\"Caesar Salad\",\"description\":\"Xà lách Romaine, gà, bacon, phô mai Parmesan\",\"price\":135000,\"stock\":-1,\"tags\":null,\"note_options\":null,\"note_options_en\":null,\"sort_order\":0,\"is_active\":1,\"service_type\":\"restaurant\",\"menu_type\":\"europe\"}', 'info', '2026-04-09 18:01:38');
INSERT INTO `activity_logs` VALUES ('110', 'update', 'menu_item', '237', '7', '118.69.64.122', 'Mozilla/5.0 (Macintosh; Intel Mac OS X 10_15_7) AppleWebKit/605.1.15 (KHTML, like Gecko) Version/17.6 Safari/605.1.15', '/restaurant/admin/menu/update', 'POST', '{\"category_id\":72,\"name\":\"Bún Xào Singapore (Room Service)\",\"name_en\":\"Stir Fried Rice Noodle Singapore Style\",\"description\":\"Bún xào Singapore\",\"price\":185000,\"stock\":-1,\"tags\":null,\"note_options\":null,\"note_options_en\":null,\"sort_order\":0,\"is_active\":1,\"service_type\":\"room_service\",\"menu_type\":\"europe\"}', 'info', '2026-04-09 18:02:29');
INSERT INTO `activity_logs` VALUES ('111', 'logout', 'user', '5', '5', '115.74.225.100', 'Mozilla/5.0 (Windows NT 10.0; Win64; x64) AppleWebKit/537.36 (KHTML, like Gecko) Chrome/146.0.0.0 Safari/537.36', '/restaurant/auth/logout', 'GET', '[]', 'info', '2026-04-09 18:04:24');
INSERT INTO `activity_logs` VALUES ('112', 'login', 'user', '7', '7', '115.74.225.100', 'Mozilla/5.0 (Windows NT 10.0; Win64; x64) AppleWebKit/537.36 (KHTML, like Gecko) Chrome/146.0.0.0 Safari/537.36', '/restaurant/auth/login', 'POST', '{\"success\":true,\"reason\":\"\"}', 'info', '2026-04-09 18:04:27');
INSERT INTO `activity_logs` VALUES ('113', 'update', 'menu_item', '248', '7', '115.74.225.100', 'Mozilla/5.0 (Windows NT 10.0; Win64; x64) AppleWebKit/537.36 (KHTML, like Gecko) Chrome/146.0.0.0 Safari/537.36', '/restaurant/admin/menu/update', 'POST', '{\"category_id\":74,\"name\":\"Súp Kem Bí Đỏ\",\"name_en\":\"Pumpkin Soup\",\"description\":\"Súp kem bí đỏ với kem, phô mai, bánh mì\",\"price\":90000,\"stock\":-1,\"tags\":null,\"note_options\":null,\"note_options_en\":null,\"sort_order\":0,\"is_active\":1,\"service_type\":\"restaurant\",\"menu_type\":\"europe\"}', 'info', '2026-04-09 18:05:06');
INSERT INTO `activity_logs` VALUES ('114', 'update', 'menu_item', '250', '7', '115.74.225.100', 'Mozilla/5.0 (Windows NT 10.0; Win64; x64) AppleWebKit/537.36 (KHTML, like Gecko) Chrome/146.0.0.0 Safari/537.36', '/restaurant/admin/menu/update', 'POST', '{\"category_id\":74,\"name\":\"Súp Khoai Tây Thịt Nguội\",\"name_en\":\"Ham & Potato Soup\",\"description\":\"Súp khoai tây thịt nguội\",\"price\":90000,\"stock\":-1,\"tags\":null,\"note_options\":null,\"note_options_en\":null,\"sort_order\":0,\"is_active\":1,\"service_type\":\"restaurant\",\"menu_type\":\"europe\"}', 'info', '2026-04-09 18:05:49');
INSERT INTO `activity_logs` VALUES ('115', 'delete', 'menu_item', '209', '7', '115.74.225.100', 'Mozilla/5.0 (Windows NT 10.0; Win64; x64) AppleWebKit/537.36 (KHTML, like Gecko) Chrome/146.0.0.0 Safari/537.36', '/restaurant/admin/menu/delete', 'POST', '{\"reason\":\"not_in_use\"}', 'info', '2026-04-09 18:07:16');
INSERT INTO `activity_logs` VALUES ('116', 'update', 'menu_item', '251', '7', '115.74.225.100', 'Mozilla/5.0 (Windows NT 10.0; Win64; x64) AppleWebKit/537.36 (KHTML, like Gecko) Chrome/146.0.0.0 Safari/537.36', '/restaurant/admin/menu/update', 'POST', '{\"category_id\":75,\"name\":\"Xà Lách Trộn Kiểu Pháp\",\"name_en\":\"Caesar Salad\",\"description\":\"Xà lách Romaine, gà, bacon, phô mai Parmesan\",\"price\":135000,\"stock\":-1,\"tags\":null,\"note_options\":null,\"note_options_en\":null,\"sort_order\":0,\"is_active\":1,\"service_type\":\"restaurant\",\"menu_type\":\"europe\"}', 'info', '2026-04-09 18:07:54');
INSERT INTO `activity_logs` VALUES ('117', 'update', 'menu_item', '252', '7', '115.74.225.100', 'Mozilla/5.0 (Windows NT 10.0; Win64; x64) AppleWebKit/537.36 (KHTML, like Gecko) Chrome/146.0.0.0 Safari/537.36', '/restaurant/admin/menu/update', 'POST', '{\"category_id\":75,\"name\":\"Xà Lách Cá Ngừ Kiểu Pháp\",\"name_en\":\"Nicoise Salad\",\"description\":\"Xà lách cá ngừ kiểu Pháp\",\"price\":135000,\"stock\":-1,\"tags\":null,\"note_options\":null,\"note_options_en\":null,\"sort_order\":0,\"is_active\":1,\"service_type\":\"restaurant\",\"menu_type\":\"europe\"}', 'info', '2026-04-09 18:08:25');
INSERT INTO `activity_logs` VALUES ('118', 'update', 'menu_item', '253', '7', '115.74.225.100', 'Mozilla/5.0 (Windows NT 10.0; Win64; x64) AppleWebKit/537.36 (KHTML, like Gecko) Chrome/146.0.0.0 Safari/537.36', '/restaurant/admin/menu/update', 'POST', '{\"category_id\":75,\"name\":\"Xà Lách Gà Nướng\",\"name_en\":\"Grilled Chicken Salad\",\"description\":\"Xà lách gà nướng\",\"price\":110000,\"stock\":-1,\"tags\":null,\"note_options\":null,\"note_options_en\":null,\"sort_order\":0,\"is_active\":1,\"service_type\":\"restaurant\",\"menu_type\":\"europe\"}', 'info', '2026-04-09 18:09:01');
INSERT INTO `activity_logs` VALUES ('119', 'update', 'menu_item', '283', '7', '115.74.225.100', 'Mozilla/5.0 (Windows NT 10.0; Win64; x64) AppleWebKit/537.36 (KHTML, like Gecko) Chrome/146.0.0.0 Safari/537.36', '/restaurant/admin/menu/update', 'POST', '{\"category_id\":80,\"name\":\"Cơm Trắng Chén\",\"name_en\":\"Steamed Rice / Small Bowl\",\"description\":\"Cơm trắng chén\",\"price\":20000,\"stock\":-1,\"tags\":null,\"note_options\":null,\"note_options_en\":null,\"sort_order\":0,\"is_active\":1,\"service_type\":\"both\",\"menu_type\":\"alacarte\"}', 'info', '2026-04-09 18:13:16');
INSERT INTO `activity_logs` VALUES ('120', 'logout', 'user', '7', '7', '118.69.64.122', 'Mozilla/5.0 (Macintosh; Intel Mac OS X 10_15_7) AppleWebKit/605.1.15 (KHTML, like Gecko) Version/17.6 Safari/605.1.15', '/restaurant/auth/logout', 'GET', '[]', 'info', '2026-04-09 18:19:37');
INSERT INTO `activity_logs` VALUES ('121', 'login', 'user', '5', '5', '118.69.64.122', 'Mozilla/5.0 (Macintosh; Intel Mac OS X 10_15_7) AppleWebKit/605.1.15 (KHTML, like Gecko) Version/17.6 Safari/605.1.15', '/restaurant/auth/login', 'POST', '{\"success\":true,\"reason\":\"\"}', 'info', '2026-04-09 18:19:41');
INSERT INTO `activity_logs` VALUES ('122', 'login', 'user', '5', '5', '115.74.225.100', 'Mozilla/5.0 (Windows NT 10.0; Win64; x64) AppleWebKit/537.36 (KHTML, like Gecko) Chrome/146.0.0.0 Safari/537.36', '/restaurant/auth/login', 'POST', '{\"success\":true,\"reason\":\"\"}', 'info', '2026-04-09 18:40:22');
INSERT INTO `activity_logs` VALUES ('123', 'login', 'user', '5', '5', '115.74.225.100', 'Mozilla/5.0 (Windows NT 10.0; Win64; x64) AppleWebKit/537.36 (KHTML, like Gecko) Chrome/146.0.0.0 Safari/537.36', '/restaurant/auth/login', 'POST', '{\"success\":true,\"reason\":\"\"}', 'info', '2026-04-09 19:04:28');
INSERT INTO `activity_logs` VALUES ('124', 'login', 'user', '5', '5', '123.31.134.55', 'Mozilla/5.0 (Macintosh; Intel Mac OS X 10_15_7) AppleWebKit/605.1.15 (KHTML, like Gecko) Version/16.6.1 Safari/605.1.15', '/restaurant/auth/login', 'POST', '{\"success\":true,\"reason\":\"\"}', 'info', '2026-04-09 19:04:31');
INSERT INTO `activity_logs` VALUES ('125', 'logout', 'user', '5', '5', '115.74.225.100', 'Mozilla/5.0 (Windows NT 10.0; Win64; x64) AppleWebKit/537.36 (KHTML, like Gecko) Chrome/146.0.0.0 Safari/537.36', '/restaurant/auth/logout', 'GET', '[]', 'info', '2026-04-09 19:05:00');
INSERT INTO `activity_logs` VALUES ('126', 'login', 'user', '7', '7', '115.74.225.100', 'Mozilla/5.0 (Windows NT 10.0; Win64; x64) AppleWebKit/537.36 (KHTML, like Gecko) Chrome/146.0.0.0 Safari/537.36', '/restaurant/auth/login', 'POST', '{\"success\":true,\"reason\":\"\"}', 'info', '2026-04-09 19:05:03');
INSERT INTO `activity_logs` VALUES ('127', 'logout', 'user', '7', '7', '115.74.225.100', 'Mozilla/5.0 (Windows NT 10.0; Win64; x64) AppleWebKit/537.36 (KHTML, like Gecko) Chrome/146.0.0.0 Safari/537.36', '/restaurant/auth/logout', 'GET', '[]', 'info', '2026-04-09 19:12:13');
INSERT INTO `activity_logs` VALUES ('128', 'login', 'user', '5', '5', '115.74.225.100', 'Mozilla/5.0 (Windows NT 10.0; Win64; x64) AppleWebKit/537.36 (KHTML, like Gecko) Chrome/146.0.0.0 Safari/537.36', '/restaurant/auth/login', 'POST', '{\"success\":true,\"reason\":\"\"}', 'info', '2026-04-09 19:12:21');
INSERT INTO `activity_logs` VALUES ('129', 'logout', 'user', '5', '5', '115.74.225.100', 'Mozilla/5.0 (Windows NT 10.0; Win64; x64) AppleWebKit/537.36 (KHTML, like Gecko) Chrome/146.0.0.0 Safari/537.36', '/restaurant/auth/logout', 'GET', '[]', 'info', '2026-04-09 19:14:29');
INSERT INTO `activity_logs` VALUES ('130', 'login', 'user', '7', '7', '115.74.225.100', 'Mozilla/5.0 (Windows NT 10.0; Win64; x64) AppleWebKit/537.36 (KHTML, like Gecko) Chrome/146.0.0.0 Safari/537.36', '/restaurant/auth/login', 'POST', '{\"success\":true,\"reason\":\"\"}', 'info', '2026-04-09 19:14:38');
INSERT INTO `activity_logs` VALUES ('131', 'logout', 'user', '7', '7', '115.74.225.100', 'Mozilla/5.0 (Windows NT 10.0; Win64; x64) AppleWebKit/537.36 (KHTML, like Gecko) Chrome/146.0.0.0 Safari/537.36', '/restaurant/auth/logout', 'GET', '[]', 'info', '2026-04-09 19:14:44');
INSERT INTO `activity_logs` VALUES ('132', 'login', 'user', '7', '7', '115.74.225.100', 'Mozilla/5.0 (Windows NT 10.0; Win64; x64) AppleWebKit/537.36 (KHTML, like Gecko) Chrome/146.0.0.0 Safari/537.36', '/restaurant/auth/login', 'POST', '{\"success\":true,\"reason\":\"\"}', 'info', '2026-04-09 19:14:51');
INSERT INTO `activity_logs` VALUES ('133', 'logout', 'user', '7', '7', '115.74.225.100', 'Mozilla/5.0 (Windows NT 10.0; Win64; x64) AppleWebKit/537.36 (KHTML, like Gecko) Chrome/146.0.0.0 Safari/537.36', '/restaurant/auth/logout', 'GET', '[]', 'info', '2026-04-09 19:15:29');
INSERT INTO `activity_logs` VALUES ('134', 'logout', 'user', '5', '5', '118.69.64.122', 'Mozilla/5.0 (Macintosh; Intel Mac OS X 10_15_7) AppleWebKit/605.1.15 (KHTML, like Gecko) Version/17.6 Safari/605.1.15', '/restaurant/auth/logout', 'GET', '[]', 'info', '2026-04-09 19:33:11');
INSERT INTO `activity_logs` VALUES ('135', 'login', 'user', '7', '7', '118.69.64.122', 'Mozilla/5.0 (Macintosh; Intel Mac OS X 10_15_7) AppleWebKit/605.1.15 (KHTML, like Gecko) Version/17.6 Safari/605.1.15', '/restaurant/auth/login', 'POST', '{\"success\":true,\"reason\":\"\"}', 'info', '2026-04-09 19:33:15');
INSERT INTO `activity_logs` VALUES ('136', 'logout', 'user', '7', '7', '118.69.64.122', 'Mozilla/5.0 (Macintosh; Intel Mac OS X 10_15_7) AppleWebKit/605.1.15 (KHTML, like Gecko) Version/17.6 Safari/605.1.15', '/restaurant/auth/logout', 'GET', '[]', 'info', '2026-04-09 19:35:02');
INSERT INTO `activity_logs` VALUES ('137', 'login', 'user', '7', '7', '118.69.64.122', 'Mozilla/5.0 (Macintosh; Intel Mac OS X 10_15_7) AppleWebKit/605.1.15 (KHTML, like Gecko) Version/17.6 Safari/605.1.15', '/restaurant/auth/login', 'POST', '{\"success\":true,\"reason\":\"\"}', 'info', '2026-04-09 19:35:05');
INSERT INTO `activity_logs` VALUES ('138', 'logout', 'user', '7', '7', '118.69.64.122', 'Mozilla/5.0 (Macintosh; Intel Mac OS X 10_15_7) AppleWebKit/605.1.15 (KHTML, like Gecko) Version/17.6 Safari/605.1.15', '/restaurant/auth/logout', 'GET', '[]', 'info', '2026-04-09 19:44:31');
INSERT INTO `activity_logs` VALUES ('139', 'login', 'user', '2', '2', '118.69.64.122', 'Mozilla/5.0 (Macintosh; Intel Mac OS X 10_15_7) AppleWebKit/605.1.15 (KHTML, like Gecko) Version/17.6 Safari/605.1.15', '/restaurant/auth/login', 'POST', '{\"success\":true,\"reason\":\"\"}', 'info', '2026-04-09 19:44:34');
INSERT INTO `activity_logs` VALUES ('140', 'login', 'user', '7', '7', '104.28.156.108', 'Mozilla/5.0 (Windows NT 10.0; Win64; x64) AppleWebKit/537.36 (KHTML, like Gecko) Chrome/146.0.0.0 Safari/537.36', '/restaurant/auth/login', 'POST', '{\"success\":true,\"reason\":\"\"}', 'info', '2026-04-10 08:30:01');
INSERT INTO `activity_logs` VALUES ('141', 'login', 'user', '5', '5', '104.28.156.108', 'Mozilla/5.0 (Windows NT 10.0; Win64; x64) AppleWebKit/537.36 (KHTML, like Gecko) Chrome/145.0.0.0 Safari/537.36', '/restaurant/auth/login', 'POST', '{\"success\":true,\"reason\":\"\"}', 'info', '2026-04-10 08:40:57');
INSERT INTO `activity_logs` VALUES ('142', 'create', 'order', '12', '5', '104.28.156.108', 'Mozilla/5.0 (Windows NT 10.0; Win64; x64) AppleWebKit/537.36 (KHTML, like Gecko) Chrome/145.0.0.0 Safari/537.36', '/restaurant/tables/open', 'POST', '{\"table_id\":1,\"waiter_id\":\"5\",\"guest_count\":2,\"shift_id\":3}', 'info', '2026-04-10 08:41:04');
INSERT INTO `activity_logs` VALUES ('143', 'login', 'user', '5', '5', '115.74.225.100', 'Mozilla/5.0 (iPhone; CPU iPhone OS 18_6_2 like Mac OS X) AppleWebKit/605.1.15 (KHTML, like Gecko) Version/18.6 Mobile/15E148 Safari/604.1', '/restaurant/auth/login', 'POST', '{\"success\":true,\"reason\":\"\"}', 'info', '2026-04-10 08:43:54');
INSERT INTO `activity_logs` VALUES ('144', 'create', 'order', '15', '5', '115.74.225.100', 'Mozilla/5.0 (iPhone; CPU iPhone OS 18_6_2 like Mac OS X) AppleWebKit/605.1.15 (KHTML, like Gecko) Version/18.6 Mobile/15E148 Safari/604.1', '/restaurant/tables/open', 'POST', '{\"table_id\":2,\"waiter_id\":\"5\",\"guest_count\":2,\"shift_id\":3}', 'info', '2026-04-10 08:44:00');
INSERT INTO `activity_logs` VALUES ('145', 'login', 'user', '2', '2', '118.69.240.61', 'Mozilla/5.0 (Macintosh; Intel Mac OS X 10_15_7) AppleWebKit/605.1.15 (KHTML, like Gecko) Version/17.6 Safari/605.1.15', '/restaurant/auth/login', 'POST', '{\"success\":true,\"reason\":\"\"}', 'info', '2026-04-10 09:07:24');
INSERT INTO `activity_logs` VALUES ('146', 'logout', 'user', '2', '2', '118.69.240.61', 'Mozilla/5.0 (Macintosh; Intel Mac OS X 10_15_7) AppleWebKit/605.1.15 (KHTML, like Gecko) Version/17.6 Safari/605.1.15', '/restaurant/auth/logout', 'GET', '[]', 'info', '2026-04-10 09:12:22');
INSERT INTO `activity_logs` VALUES ('147', 'login', 'user', '2', '2', '118.69.240.61', 'Mozilla/5.0 (Macintosh; Intel Mac OS X 10_15_7) AppleWebKit/605.1.15 (KHTML, like Gecko) Version/17.6 Safari/605.1.15', '/restaurant/auth/login', 'POST', '{\"success\":true,\"reason\":\"\"}', 'info', '2026-04-10 09:12:27');
INSERT INTO `activity_logs` VALUES ('148', 'update', 'setting', '0', '2', '118.69.240.61', 'Mozilla/5.0 (Macintosh; Intel Mac OS X 10_15_7) AppleWebKit/605.1.15 (KHTML, like Gecko) Version/17.6 Safari/605.1.15', '/restaurant/it/settings/update', 'POST', '{\"key\":\"dev_mode\",\"value\":\"1\"}', 'info', '2026-04-10 09:32:22');
INSERT INTO `activity_logs` VALUES ('149', 'update', 'setting', '0', '2', '118.69.240.61', 'Mozilla/5.0 (Macintosh; Intel Mac OS X 10_15_7) AppleWebKit/605.1.15 (KHTML, like Gecko) Version/17.6 Safari/605.1.15', '/restaurant/it/settings/update', 'POST', '{\"key\":\"dev_mode\",\"value\":\"0\"}', 'info', '2026-04-10 09:46:58');
INSERT INTO `activity_logs` VALUES ('150', 'update', 'setting', '0', '2', '118.69.240.61', 'Mozilla/5.0 (Macintosh; Intel Mac OS X 10_15_7) AppleWebKit/605.1.15 (KHTML, like Gecko) Version/17.6 Safari/605.1.15', '/restaurant/it/settings/update', 'POST', '{\"key\":\"dev_mode\",\"value\":\"0\"}', 'info', '2026-04-10 09:49:26');
INSERT INTO `activity_logs` VALUES ('151', 'update', 'setting', '0', '2', '118.69.240.61', 'Mozilla/5.0 (Macintosh; Intel Mac OS X 10_15_7) AppleWebKit/605.1.15 (KHTML, like Gecko) Version/17.6 Safari/605.1.15', '/restaurant/it/settings/update', 'POST', '{\"key\":\"dev_mode\",\"value\":\"1\"}', 'info', '2026-04-10 09:49:29');
INSERT INTO `activity_logs` VALUES ('152', 'login', 'user', '5', '5', '123.31.134.55', 'Mozilla/5.0 (Macintosh; Intel Mac OS X 10_15_7) AppleWebKit/605.1.15 (KHTML, like Gecko) Version/17.6 Safari/605.1.15', '/restaurant/auth/login', 'POST', '{\"success\":true,\"reason\":\"\"}', 'info', '2026-04-11 08:08:52');
INSERT INTO `activity_logs` VALUES ('153', 'logout', 'user', '5', '5', '123.31.134.55', 'Mozilla/5.0 (Macintosh; Intel Mac OS X 10_15_7) AppleWebKit/605.1.15 (KHTML, like Gecko) Version/17.6 Safari/605.1.15', '/restaurant/auth/logout', 'GET', '[]', 'info', '2026-04-11 08:09:31');
INSERT INTO `activity_logs` VALUES ('154', 'login', 'user', '7', '7', '123.31.134.55', 'Mozilla/5.0 (Macintosh; Intel Mac OS X 10_15_7) AppleWebKit/605.1.15 (KHTML, like Gecko) Version/17.6 Safari/605.1.15', '/restaurant/auth/login', 'POST', '{\"success\":true,\"reason\":\"\"}', 'info', '2026-04-11 08:09:35');
INSERT INTO `activity_logs` VALUES ('155', 'logout', 'user', '7', '7', '123.31.134.55', 'Mozilla/5.0 (Macintosh; Intel Mac OS X 10_15_7) AppleWebKit/605.1.15 (KHTML, like Gecko) Version/17.6 Safari/605.1.15', '/restaurant/auth/logout', 'GET', '[]', 'info', '2026-04-11 08:10:07');
INSERT INTO `activity_logs` VALUES ('156', 'login', 'user', '5', '5', '123.31.134.55', 'Mozilla/5.0 (Macintosh; Intel Mac OS X 10_15_7) AppleWebKit/605.1.15 (KHTML, like Gecko) Version/17.6 Safari/605.1.15', '/restaurant/auth/login', 'POST', '{\"success\":true,\"reason\":\"\"}', 'info', '2026-04-11 08:10:11');
INSERT INTO `activity_logs` VALUES ('157', 'logout', 'user', '5', '5', '123.31.134.55', 'Mozilla/5.0 (Macintosh; Intel Mac OS X 10_15_7) AppleWebKit/605.1.15 (KHTML, like Gecko) Version/17.6 Safari/605.1.15', '/restaurant/auth/logout', 'GET', '[]', 'info', '2026-04-11 08:19:02');
INSERT INTO `activity_logs` VALUES ('158', 'login', 'user', '7', '7', '123.31.134.55', 'Mozilla/5.0 (Macintosh; Intel Mac OS X 10_15_7) AppleWebKit/605.1.15 (KHTML, like Gecko) Version/17.6 Safari/605.1.15', '/restaurant/auth/login', 'POST', '{\"success\":true,\"reason\":\"\"}', 'info', '2026-04-11 08:19:05');
INSERT INTO `activity_logs` VALUES ('159', 'logout', 'user', '7', '7', '123.31.134.55', 'Mozilla/5.0 (Macintosh; Intel Mac OS X 10_15_7) AppleWebKit/605.1.15 (KHTML, like Gecko) Version/17.6 Safari/605.1.15', '/restaurant/auth/logout', 'GET', '[]', 'info', '2026-04-11 08:30:41');
INSERT INTO `activity_logs` VALUES ('160', 'login', 'user', '5', '5', '123.31.134.55', 'Mozilla/5.0 (Macintosh; Intel Mac OS X 10_15_7) AppleWebKit/605.1.15 (KHTML, like Gecko) Version/17.6 Safari/605.1.15', '/restaurant/auth/login', 'POST', '{\"success\":true,\"reason\":\"\"}', 'info', '2026-04-11 08:30:44');
INSERT INTO `activity_logs` VALUES ('161', 'logout', 'user', '5', '5', '123.31.134.55', 'Mozilla/5.0 (Macintosh; Intel Mac OS X 10_15_7) AppleWebKit/605.1.15 (KHTML, like Gecko) Version/17.6 Safari/605.1.15', '/restaurant/auth/logout', 'GET', '[]', 'info', '2026-04-11 08:45:06');
INSERT INTO `activity_logs` VALUES ('162', 'login', 'user', '7', '7', '123.31.134.55', 'Mozilla/5.0 (Macintosh; Intel Mac OS X 10_15_7) AppleWebKit/605.1.15 (KHTML, like Gecko) Version/17.6 Safari/605.1.15', '/restaurant/auth/login', 'POST', '{\"success\":true,\"reason\":\"\"}', 'info', '2026-04-11 08:45:09');
INSERT INTO `activity_logs` VALUES ('163', 'logout', 'user', '7', '7', '123.31.134.55', 'Mozilla/5.0 (Macintosh; Intel Mac OS X 10_15_7) AppleWebKit/605.1.15 (KHTML, like Gecko) Version/17.6 Safari/605.1.15', '/restaurant/auth/logout', 'GET', '[]', 'info', '2026-04-11 08:45:17');
INSERT INTO `activity_logs` VALUES ('164', 'login', 'user', '5', '5', '123.31.134.55', 'Mozilla/5.0 (Macintosh; Intel Mac OS X 10_15_7) AppleWebKit/605.1.15 (KHTML, like Gecko) Version/17.6 Safari/605.1.15', '/restaurant/auth/login', 'POST', '{\"success\":true,\"reason\":\"\"}', 'info', '2026-04-11 08:45:21');
INSERT INTO `activity_logs` VALUES ('165', 'login', 'user', '7', '7', '115.74.225.100', 'Mozilla/5.0 (Windows NT 10.0; Win64; x64) AppleWebKit/537.36 (KHTML, like Gecko) Chrome/146.0.0.0 Safari/537.36', '/restaurant/auth/login', 'POST', '{\"success\":true,\"reason\":\"\"}', 'info', '2026-04-12 09:52:23');
INSERT INTO `activity_logs` VALUES ('166', 'login', 'user', '5', '5', '118.69.240.61', 'Mozilla/5.0 (Macintosh; Intel Mac OS X 10_15_7) AppleWebKit/605.1.15 (KHTML, like Gecko) Version/17.6 Safari/605.1.15', '/restaurant/auth/login', 'POST', '{\"success\":true,\"reason\":\"\"}', 'info', '2026-04-14 06:18:17');
INSERT INTO `activity_logs` VALUES ('167', 'logout', 'user', '5', '5', '118.69.240.61', 'Mozilla/5.0 (Macintosh; Intel Mac OS X 10_15_7) AppleWebKit/605.1.15 (KHTML, like Gecko) Version/17.6 Safari/605.1.15', '/restaurant/auth/logout', 'GET', '[]', 'info', '2026-04-14 06:18:35');
INSERT INTO `activity_logs` VALUES ('168', 'login', 'user', '2', '2', '118.69.240.61', 'Mozilla/5.0 (Macintosh; Intel Mac OS X 10_15_7) AppleWebKit/605.1.15 (KHTML, like Gecko) Version/17.6 Safari/605.1.15', '/restaurant/auth/login', 'POST', '{\"success\":true,\"reason\":\"\"}', 'info', '2026-04-14 06:18:40');
INSERT INTO `activity_logs` VALUES ('169', 'login', 'user', '7', '7', '115.74.225.100', 'Mozilla/5.0 (Windows NT 10.0; Win64; x64) AppleWebKit/537.36 (KHTML, like Gecko) Chrome/146.0.0.0 Safari/537.36', '/restaurant/auth/login', 'POST', '{\"success\":true,\"reason\":\"\"}', 'info', '2026-04-14 14:03:06');
INSERT INTO `activity_logs` VALUES ('170', 'logout', 'user', '7', '7', '115.74.225.100', 'Mozilla/5.0 (Windows NT 10.0; Win64; x64) AppleWebKit/537.36 (KHTML, like Gecko) Chrome/146.0.0.0 Safari/537.36', '/restaurant/auth/logout', 'GET', '[]', 'info', '2026-04-14 14:06:59');
INSERT INTO `activity_logs` VALUES ('171', 'login', 'user', '2', '2', '115.74.225.100', 'Mozilla/5.0 (Windows NT 10.0; Win64; x64) AppleWebKit/537.36 (KHTML, like Gecko) Chrome/146.0.0.0 Safari/537.36', '/restaurant/auth/login', 'POST', '{\"success\":true,\"reason\":\"\"}', 'info', '2026-04-14 14:07:02');
INSERT INTO `activity_logs` VALUES ('172', 'update', 'setting', '0', '2', '115.74.225.100', 'Mozilla/5.0 (Windows NT 10.0; Win64; x64) AppleWebKit/537.36 (KHTML, like Gecko) Chrome/146.0.0.0 Safari/537.36', '/restaurant/it/settings/update', 'POST', '{\"key\":\"dev_mode\",\"value\":\"0\"}', 'info', '2026-04-14 14:07:23');
INSERT INTO `activity_logs` VALUES ('173', 'update', 'setting', '0', '2', '115.74.225.100', 'Mozilla/5.0 (Windows NT 10.0; Win64; x64) AppleWebKit/537.36 (KHTML, like Gecko) Chrome/146.0.0.0 Safari/537.36', '/restaurant/it/settings/update', 'POST', '{\"key\":\"maintenance_mode\",\"value\":\"1\"}', 'info', '2026-04-14 14:07:50');
INSERT INTO `activity_logs` VALUES ('174', 'update', 'setting', '0', '2', '115.74.225.100', 'Mozilla/5.0 (Windows NT 10.0; Win64; x64) AppleWebKit/537.36 (KHTML, like Gecko) Chrome/146.0.0.0 Safari/537.36', '/restaurant/it/settings/update', 'POST', '{\"key\":\"maintenance_mode\",\"value\":\"1\"}', 'info', '2026-04-14 14:07:53');
INSERT INTO `activity_logs` VALUES ('175', 'login', 'user', '5', '5', '113.169.157.198', 'Mozilla/5.0 (Macintosh; Intel Mac OS X 10_15_7) AppleWebKit/605.1.15 (KHTML, like Gecko) Version/16.6.1 Safari/605.1.15', '/restaurant/auth/login', 'POST', '{\"success\":true,\"reason\":\"\"}', 'info', '2026-04-15 09:02:11');
INSERT INTO `activity_logs` VALUES ('176', 'create', 'order', '22', '5', '113.169.157.198', 'Mozilla/5.0 (Macintosh; Intel Mac OS X 10_15_7) AppleWebKit/605.1.15 (KHTML, like Gecko) Version/16.6.1 Safari/605.1.15', '/restaurant/tables/open', 'POST', '{\"table_id\":2,\"waiter_id\":\"5\",\"guest_count\":2,\"shift_id\":3}', 'info', '2026-04-15 09:02:22');
INSERT INTO `activity_logs` VALUES ('177', 'create', 'order_item', NULL, '5', '113.169.157.198', 'Mozilla/5.0 (Macintosh; Intel Mac OS X 10_15_7) AppleWebKit/605.1.15 (KHTML, like Gecko) Version/16.6.1 Safari/605.1.15', '/restaurant/orders/add', 'POST', '{\"order_id\":22,\"menu_item_id\":282,\"item_name\":\"Cơm Trắng Thố\",\"quantity\":1,\"note\":\"\"}', 'info', '2026-04-15 09:04:37');
INSERT INTO `activity_logs` VALUES ('178', 'create', 'order_item', NULL, '5', '113.169.157.198', 'Mozilla/5.0 (Macintosh; Intel Mac OS X 10_15_7) AppleWebKit/605.1.15 (KHTML, like Gecko) Version/16.6.1 Safari/605.1.15', '/restaurant/orders/add', 'POST', '{\"order_id\":22,\"menu_item_id\":279,\"item_name\":\"Rau Thập Cẩm Xào Tỏi\",\"quantity\":1,\"note\":\"\"}', 'info', '2026-04-15 09:04:53');
INSERT INTO `activity_logs` VALUES ('179', 'login', 'user', '2', '2', '1.55.121.249', 'Mozilla/5.0 (Macintosh; Intel Mac OS X 10_15_7) AppleWebKit/605.1.15 (KHTML, like Gecko) Version/17.6 Safari/605.1.15', '/restaurant/auth/login', 'POST', '{\"success\":true,\"reason\":\"\"}', 'info', '2026-04-21 22:55:14');
INSERT INTO `activity_logs` VALUES ('180', 'login', 'user', '5', '5', '115.74.225.100', 'Mozilla/5.0 (iPhone; CPU iPhone OS 18_6_2 like Mac OS X) AppleWebKit/605.1.15 (KHTML, like Gecko) Version/18.6 Mobile/15E148 Safari/604.1', '/restaurant/auth/login', 'POST', '{\"success\":true,\"reason\":\"\"}', 'info', '2026-04-22 09:53:44');
INSERT INTO `activity_logs` VALUES ('181', 'create', 'order', '23', '5', '115.74.225.100', 'Mozilla/5.0 (iPhone; CPU iPhone OS 18_6_2 like Mac OS X) AppleWebKit/605.1.15 (KHTML, like Gecko) Version/18.6 Mobile/15E148 Safari/604.1', '/restaurant/tables/open', 'POST', '{\"table_id\":3,\"waiter_id\":\"5\",\"guest_count\":2,\"shift_id\":3}', 'info', '2026-04-22 09:53:57');
INSERT INTO `activity_logs` VALUES ('182', 'create', 'order', '24', '5', '115.74.225.100', 'Mozilla/5.0 (iPhone; CPU iPhone OS 18_6_2 like Mac OS X) AppleWebKit/605.1.15 (KHTML, like Gecko) Version/18.6 Mobile/15E148 Safari/604.1', '/restaurant/tables/open', 'POST', '{\"table_id\":115,\"waiter_id\":\"5\",\"guest_count\":2,\"shift_id\":3}', 'info', '2026-04-22 09:54:57');
INSERT INTO `activity_logs` VALUES ('183', 'login', 'user', '7', '7', '115.74.225.100', 'Mozilla/5.0 (Windows NT 10.0; Win64; x64) AppleWebKit/537.36 (KHTML, like Gecko) Chrome/147.0.0.0 Safari/537.36', '/restaurant/auth/login', 'POST', '{\"success\":true,\"reason\":\"\"}', 'info', '2026-04-22 10:15:43');
INSERT INTO `activity_logs` VALUES ('184', 'update', 'menu_item', '284', '7', '115.74.225.100', 'Mozilla/5.0 (Windows NT 10.0; Win64; x64) AppleWebKit/537.36 (KHTML, like Gecko) Chrome/147.0.0.0 Safari/537.36', '/restaurant/admin/menu/update', 'POST', '{\"category_id\":71,\"name\":\"Cơm Chiên Tỏi Trứng\",\"name_en\":\"Fried Rice with Garlic & Egg\",\"description\":\"Cơm chiên tỏi trứng\",\"price\":55000,\"stock\":-1,\"tags\":null,\"note_options\":null,\"note_options_en\":null,\"sort_order\":0,\"is_active\":1,\"service_type\":\"both\",\"menu_type\":\"alacarte\"}', 'info', '2026-04-22 10:19:12');
INSERT INTO `activity_logs` VALUES ('185', 'update', 'menu_item', '290', '7', '115.74.225.100', 'Mozilla/5.0 (Windows NT 10.0; Win64; x64) AppleWebKit/537.36 (KHTML, like Gecko) Chrome/147.0.0.0 Safari/537.36', '/restaurant/admin/menu/update', 'POST', '{\"category_id\":82,\"name\":\"Nước Ép Xoài\",\"name_en\":\"Mango Juice\",\"description\":\"Nước xoài\",\"price\":65000,\"stock\":-1,\"tags\":null,\"note_options\":null,\"note_options_en\":null,\"sort_order\":0,\"is_active\":1,\"service_type\":\"both\",\"menu_type\":\"other\"}', 'info', '2026-04-22 10:19:46');
INSERT INTO `activity_logs` VALUES ('186', 'login', 'user', '5', '5', '104.28.156.112', 'Mozilla/5.0 (Windows NT 10.0; Win64; x64) AppleWebKit/537.36 (KHTML, like Gecko) Chrome/147.0.0.0 Safari/537.36', '/restaurant/auth/login', 'POST', '{\"success\":true,\"reason\":\"\"}', 'info', '2026-04-22 14:18:00');
INSERT INTO `activity_logs` VALUES ('187', 'create', 'order', '25', '5', '104.28.156.112', 'Mozilla/5.0 (Windows NT 10.0; Win64; x64) AppleWebKit/537.36 (KHTML, like Gecko) Chrome/147.0.0.0 Safari/537.36', '/restaurant/tables/open', 'POST', '{\"table_id\":1,\"waiter_id\":\"5\",\"guest_count\":2,\"shift_id\":3}', 'info', '2026-04-22 14:18:06');
INSERT INTO `activity_logs` VALUES ('188', 'create', 'order_item', NULL, '5', '104.28.156.112', 'Mozilla/5.0 (Macintosh; Intel Mac OS X 10_15_7) AppleWebKit/605.1.15 (KHTML, like Gecko) Version/18.5 Safari/605.1.15', '/restaurant/orders/add', 'POST', '{\"order_id\":25,\"menu_item_id\":200,\"item_name\":\"Bò Cuốn Lá Xanh\",\"quantity\":1,\"note\":\"\"}', 'info', '2026-04-22 14:19:01');
INSERT INTO `activity_logs` VALUES ('189', 'create', 'order_item', NULL, '5', '104.28.156.112', 'Mozilla/5.0 (Macintosh; Intel Mac OS X 10_15_7) AppleWebKit/605.1.15 (KHTML, like Gecko) Version/18.5 Safari/605.1.15', '/restaurant/orders/add', 'POST', '{\"order_id\":25,\"menu_item_id\":203,\"item_name\":\"Gỏi Cuốn Tôm Thịt\",\"quantity\":1,\"note\":\"\"}', 'info', '2026-04-22 14:19:04');
INSERT INTO `activity_logs` VALUES ('190', 'logout', 'user', '5', '5', '104.28.156.112', 'Mozilla/5.0 (Windows NT 10.0; Win64; x64) AppleWebKit/537.36 (KHTML, like Gecko) Chrome/147.0.0.0 Safari/537.36', '/restaurant/auth/logout', 'GET', '[]', 'info', '2026-04-22 14:22:41');
INSERT INTO `activity_logs` VALUES ('191', 'login', 'user', '7', '7', '104.28.156.112', 'Mozilla/5.0 (Windows NT 10.0; Win64; x64) AppleWebKit/537.36 (KHTML, like Gecko) Chrome/147.0.0.0 Safari/537.36', '/restaurant/auth/login', 'POST', '{\"success\":true,\"reason\":\"\"}', 'info', '2026-04-22 14:22:46');
INSERT INTO `activity_logs` VALUES ('192', 'logout', 'user', '7', '7', '104.28.156.112', 'Mozilla/5.0 (Windows NT 10.0; Win64; x64) AppleWebKit/537.36 (KHTML, like Gecko) Chrome/147.0.0.0 Safari/537.36', '/restaurant/auth/logout', 'GET', '[]', 'info', '2026-04-22 14:50:56');
INSERT INTO `activity_logs` VALUES ('193', 'login', 'user', '5', '5', '104.28.156.112', 'Mozilla/5.0 (Windows NT 10.0; Win64; x64) AppleWebKit/537.36 (KHTML, like Gecko) Chrome/147.0.0.0 Safari/537.36', '/restaurant/auth/login', 'POST', '{\"success\":true,\"reason\":\"\"}', 'info', '2026-04-22 14:50:59');
INSERT INTO `activity_logs` VALUES ('194', 'logout', 'user', '5', '5', '104.28.156.112', 'Mozilla/5.0 (Windows NT 10.0; Win64; x64) AppleWebKit/537.36 (KHTML, like Gecko) Chrome/147.0.0.0 Safari/537.36', '/restaurant/auth/logout', 'GET', '[]', 'info', '2026-04-22 14:52:40');
INSERT INTO `activity_logs` VALUES ('195', 'login', 'user', '2', '2', '104.28.156.112', 'Mozilla/5.0 (Windows NT 10.0; Win64; x64) AppleWebKit/537.36 (KHTML, like Gecko) Chrome/147.0.0.0 Safari/537.36', '/restaurant/auth/login', 'POST', '{\"success\":true,\"reason\":\"\"}', 'info', '2026-04-22 14:52:52');
INSERT INTO `activity_logs` VALUES ('196', 'update', 'setting', '0', '2', '104.28.156.112', 'Mozilla/5.0 (Windows NT 10.0; Win64; x64) AppleWebKit/537.36 (KHTML, like Gecko) Chrome/147.0.0.0 Safari/537.36', '/restaurant/it/settings/update', 'POST', '{\"key\":\"maintenance_mode\",\"value\":\"0\"}', 'info', '2026-04-22 14:52:58');
INSERT INTO `activity_logs` VALUES ('197', 'update', 'setting', '0', '2', '104.28.156.112', 'Mozilla/5.0 (Windows NT 10.0; Win64; x64) AppleWebKit/537.36 (KHTML, like Gecko) Chrome/147.0.0.0 Safari/537.36', '/restaurant/it/settings/update', 'POST', '{\"key\":\"dev_mode\",\"value\":\"1\"}', 'info', '2026-04-22 14:53:14');
INSERT INTO `activity_logs` VALUES ('198', 'logout', 'user', '2', '2', '104.28.156.112', 'Mozilla/5.0 (Windows NT 10.0; Win64; x64) AppleWebKit/537.36 (KHTML, like Gecko) Chrome/147.0.0.0 Safari/537.36', '/restaurant/auth/logout', 'GET', '[]', 'info', '2026-04-22 14:55:33');
INSERT INTO `activity_logs` VALUES ('199', 'login', 'user', '5', '5', '104.28.156.112', 'Mozilla/5.0 (Windows NT 10.0; Win64; x64) AppleWebKit/537.36 (KHTML, like Gecko) Chrome/147.0.0.0 Safari/537.36', '/restaurant/auth/login', 'POST', '{\"success\":true,\"reason\":\"\"}', 'info', '2026-04-22 14:55:36');
INSERT INTO `activity_logs` VALUES ('200', 'error', 'user', '0', NULL, '115.74.225.100', 'Mozilla/5.0 (Windows NT 10.0; Win64; x64) AppleWebKit/537.36 (KHTML, like Gecko) Chrome/147.0.0.0 Safari/537.36', '/restaurant/auth/login', 'POST', '{\"success\":false,\"reason\":\"Invalid PIN for user: waiter01\"}', 'warning', '2026-04-22 15:15:33');
INSERT INTO `activity_logs` VALUES ('201', 'login', 'user', '5', '5', '115.74.225.100', 'Mozilla/5.0 (Windows NT 10.0; Win64; x64) AppleWebKit/537.36 (KHTML, like Gecko) Chrome/147.0.0.0 Safari/537.36', '/restaurant/auth/login', 'POST', '{\"success\":true,\"reason\":\"\"}', 'info', '2026-04-22 15:15:55');
INSERT INTO `activity_logs` VALUES ('202', 'logout', 'user', '5', '5', '115.74.225.100', 'Mozilla/5.0 (Windows NT 10.0; Win64; x64) AppleWebKit/537.36 (KHTML, like Gecko) Chrome/147.0.0.0 Safari/537.36', '/restaurant/auth/logout', 'GET', '[]', 'info', '2026-04-22 15:24:30');
INSERT INTO `activity_logs` VALUES ('203', 'login', 'user', '7', '7', '115.74.225.100', 'Mozilla/5.0 (Windows NT 10.0; Win64; x64) AppleWebKit/537.36 (KHTML, like Gecko) Chrome/147.0.0.0 Safari/537.36', '/restaurant/auth/login', 'POST', '{\"success\":true,\"reason\":\"\"}', 'info', '2026-04-22 15:24:33');
INSERT INTO `activity_logs` VALUES ('204', 'login', 'user', '7', '7', '118.69.64.122', 'Mozilla/5.0 (Macintosh; Intel Mac OS X 10_15_7) AppleWebKit/605.1.15 (KHTML, like Gecko) Version/17.6 Safari/605.1.15', '/restaurant/auth/login', 'POST', '{\"success\":true,\"reason\":\"\"}', 'info', '2026-04-22 15:46:43');
INSERT INTO `activity_logs` VALUES ('205', 'login', 'user', '5', '5', '42.116.120.95', 'Mozilla/5.0 (Windows NT 10.0; Win64; x64) AppleWebKit/537.36 (KHTML, like Gecko) Chrome/146.0.0.0 Safari/537.36', '/restaurant/auth/login', 'POST', '{\"success\":true,\"reason\":\"\"}', 'info', '2026-04-22 21:58:42');
INSERT INTO `activity_logs` VALUES ('206', 'create', 'order', '35', '5', '42.116.120.95', 'Mozilla/5.0 (Windows NT 10.0; Win64; x64) AppleWebKit/537.36 (KHTML, like Gecko) Chrome/146.0.0.0 Safari/537.36', '/restaurant/tables/open', 'POST', '{\"table_id\":137,\"waiter_id\":\"5\",\"guest_count\":2,\"shift_id\":null}', 'info', '2026-04-22 21:59:08');
INSERT INTO `activity_logs` VALUES ('207', 'logout', 'user', '5', '5', '42.116.120.95', 'Mozilla/5.0 (Windows NT 10.0; Win64; x64) AppleWebKit/537.36 (KHTML, like Gecko) Chrome/146.0.0.0 Safari/537.36', '/restaurant/auth/logout', 'GET', '[]', 'info', '2026-04-22 22:00:46');
INSERT INTO `activity_logs` VALUES ('208', 'error', 'user', '0', NULL, '42.116.120.95', 'Mozilla/5.0 (Windows NT 10.0; Win64; x64) AppleWebKit/537.36 (KHTML, like Gecko) Chrome/146.0.0.0 Safari/537.36', '/restaurant/auth/login', 'POST', '{\"success\":false,\"reason\":\"Invalid PIN for user: it\"}', 'warning', '2026-04-22 22:00:51');
INSERT INTO `activity_logs` VALUES ('209', 'error', 'user', '0', NULL, '42.116.120.95', 'Mozilla/5.0 (Windows NT 10.0; Win64; x64) AppleWebKit/537.36 (KHTML, like Gecko) Chrome/146.0.0.0 Safari/537.36', '/restaurant/auth/login', 'POST', '{\"success\":false,\"reason\":\"Invalid PIN for user: it\"}', 'warning', '2026-04-22 22:00:54');
INSERT INTO `activity_logs` VALUES ('210', 'login', 'user', '7', '7', '42.116.120.95', 'Mozilla/5.0 (Windows NT 10.0; Win64; x64) AppleWebKit/537.36 (KHTML, like Gecko) Chrome/146.0.0.0 Safari/537.36', '/restaurant/auth/login', 'POST', '{\"success\":true,\"reason\":\"\"}', 'info', '2026-04-22 22:00:58');
INSERT INTO `activity_logs` VALUES ('211', 'logout', 'user', '7', '7', '42.116.120.95', 'Mozilla/5.0 (Windows NT 10.0; Win64; x64) AppleWebKit/537.36 (KHTML, like Gecko) Chrome/146.0.0.0 Safari/537.36', '/restaurant/auth/logout', 'GET', '[]', 'info', '2026-04-22 22:04:28');
INSERT INTO `activity_logs` VALUES ('212', 'error', 'user', '0', NULL, '115.74.225.100', 'Mozilla/5.0 (Windows NT 10.0; Win64; x64) AppleWebKit/537.36 (KHTML, like Gecko) Chrome/147.0.0.0 Safari/537.36', '/restaurant/auth/login', 'POST', '{\"success\":false,\"reason\":\"Invalid PIN for user: waiter01\"}', 'warning', '2026-04-23 07:21:24');
INSERT INTO `activity_logs` VALUES ('213', 'login', 'user', '5', '5', '115.74.225.100', 'Mozilla/5.0 (Windows NT 10.0; Win64; x64) AppleWebKit/537.36 (KHTML, like Gecko) Chrome/147.0.0.0 Safari/537.36', '/restaurant/auth/login', 'POST', '{\"success\":true,\"reason\":\"\"}', 'info', '2026-04-23 07:21:28');
INSERT INTO `activity_logs` VALUES ('214', 'logout', 'user', '5', '5', '115.74.225.100', 'Mozilla/5.0 (Windows NT 10.0; Win64; x64) AppleWebKit/537.36 (KHTML, like Gecko) Chrome/147.0.0.0 Safari/537.36', '/restaurant/auth/logout', 'GET', '[]', 'info', '2026-04-23 07:21:41');
INSERT INTO `activity_logs` VALUES ('215', 'login', 'user', '7', '7', '115.74.225.100', 'Mozilla/5.0 (Windows NT 10.0; Win64; x64) AppleWebKit/537.36 (KHTML, like Gecko) Chrome/147.0.0.0 Safari/537.36', '/restaurant/auth/login', 'POST', '{\"success\":true,\"reason\":\"\"}', 'info', '2026-04-23 07:21:46');
INSERT INTO `activity_logs` VALUES ('216', 'update', 'menu_item', '199', '7', '115.74.225.100', 'Mozilla/5.0 (Windows NT 10.0; Win64; x64) AppleWebKit/537.36 (KHTML, like Gecko) Chrome/147.0.0.0 Safari/537.36', '/restaurant/admin/menu/update', 'POST', '{\"category_id\":68,\"name\":\"Phở Cuốn\",\"name_en\":\"Rice Pancake Rolls with Beef\",\"description\":\"Phở cuốn với bò\",\"price\":198000,\"stock\":-1,\"tags\":null,\"note_options\":null,\"note_options_en\":null,\"sort_order\":0,\"is_active\":1,\"service_type\":\"restaurant\",\"menu_type\":\"asia\"}', 'info', '2026-04-23 07:27:20');
INSERT INTO `activity_logs` VALUES ('217', 'login', 'user', '2', '2', '118.69.64.122', 'Mozilla/5.0 (iPhone; CPU iPhone OS 18_7 like Mac OS X) AppleWebKit/605.1.15 (KHTML, like Gecko) Version/26.4 Mobile/15E148 Safari/604.1', '/restaurant/auth/login', 'POST', '{\"success\":true,\"reason\":\"\"}', 'info', '2026-04-23 08:56:50');
INSERT INTO `activity_logs` VALUES ('218', 'login', 'user', '7', '7', '115.74.225.100', 'Mozilla/5.0 (Windows NT 10.0; Win64; x64) AppleWebKit/537.36 (KHTML, like Gecko) Chrome/147.0.0.0 Safari/537.36', '/restaurant/auth/login', 'POST', '{\"success\":true,\"reason\":\"\"}', 'info', '2026-04-23 09:34:56');
INSERT INTO `activity_logs` VALUES ('219', 'update', 'menu_item', '288', '7', '115.74.225.100', 'Mozilla/5.0 (Windows NT 10.0; Win64; x64) AppleWebKit/537.36 (KHTML, like Gecko) Chrome/147.0.0.0 Safari/537.36', '/restaurant/admin/menu/update', 'POST', '{\"category_id\":81,\"name\":\"Bạc Sỉu\",\"name_en\":\"Fresh Milk with Coffee\",\"description\":\"Bạc sỉu nóng hoặc đá\",\"price\":45777,\"stock\":-1,\"tags\":null,\"note_options\":\"Nóng, Đá\",\"note_options_en\":\"Hot, Iced\",\"sort_order\":0,\"is_active\":1,\"service_type\":\"both\",\"menu_type\":\"other\"}', 'info', '2026-04-23 09:36:45');
INSERT INTO `activity_logs` VALUES ('220', 'login', 'user', '7', '7', '118.69.64.122', 'Mozilla/5.0 (Macintosh; Intel Mac OS X 10_15_7) AppleWebKit/605.1.15 (KHTML, like Gecko) Version/17.6 Safari/605.1.15', '/restaurant/auth/login', 'POST', '{\"success\":true,\"reason\":\"\"}', 'info', '2026-04-23 09:50:35');
INSERT INTO `activity_logs` VALUES ('221', 'update', 'table', '2', '7', '118.69.64.122', 'Mozilla/5.0 (Macintosh; Intel Mac OS X 10_15_7) AppleWebKit/605.1.15 (KHTML, like Gecko) Version/17.6 Safari/605.1.15', '/restaurant/admin/tables/update', 'POST', '{\"name\":\"A.02\",\"area\":\"A1\",\"capacity\":6,\"type\":\"table\",\"sort_order\":2,\"is_active\":1}', 'info', '2026-04-23 10:01:46');
INSERT INTO `activity_logs` VALUES ('222', 'login', 'user', '7', '7', '115.74.225.100', 'Mozilla/5.0 (Windows NT 10.0; Win64; x64) AppleWebKit/537.36 (KHTML, like Gecko) Chrome/147.0.0.0 Safari/537.36', '/restaurant/auth/login', 'POST', '{\"success\":true,\"reason\":\"\"}', 'info', '2026-04-23 10:02:39');
INSERT INTO `activity_logs` VALUES ('223', 'update', 'menu_item', '288', '7', '115.74.225.100', 'Mozilla/5.0 (Windows NT 10.0; Win64; x64) AppleWebKit/537.36 (KHTML, like Gecko) Chrome/147.0.0.0 Safari/537.36', '/restaurant/admin/menu/update', 'POST', '{\"category_id\":81,\"name\":\"Bạc Sỉu\",\"name_en\":\"Fresh Milk with Coffee\",\"description\":\"Bạc sỉu nóng hoặc đá\",\"price\":47520,\"stock\":-1,\"tags\":null,\"note_options\":\"Nóng, Đá\",\"note_options_en\":\"Hot, Iced\",\"sort_order\":0,\"is_active\":1,\"service_type\":\"both\",\"menu_type\":\"other\"}', 'info', '2026-04-23 10:04:05');
INSERT INTO `activity_logs` VALUES ('224', 'update', 'menu_item', '280', '7', '115.74.225.100', 'Mozilla/5.0 (Windows NT 10.0; Win64; x64) AppleWebKit/537.36 (KHTML, like Gecko) Chrome/147.0.0.0 Safari/537.36', '/restaurant/admin/menu/update', 'POST', '{\"category_id\":80,\"name\":\"Bánh Mì Bơ Tỏi\",\"name_en\":\"Garlic Bread\",\"description\":\"Bánh mì bơ lát tỏi băm\",\"price\":84024,\"stock\":-1,\"tags\":null,\"note_options\":null,\"note_options_en\":null,\"sort_order\":0,\"is_active\":1,\"service_type\":\"restaurant\",\"menu_type\":\"alacarte\"}', 'info', '2026-04-23 10:09:45');
INSERT INTO `activity_logs` VALUES ('225', 'update', 'menu_item', '200', '7', '115.74.225.100', 'Mozilla/5.0 (Windows NT 10.0; Win64; x64) AppleWebKit/537.36 (KHTML, like Gecko) Chrome/147.0.0.0 Safari/537.36', '/restaurant/admin/menu/update', 'POST', '{\"category_id\":68,\"name\":\"Bò Cuộn Cải Xanh\",\"name_en\":\"Mustard Leaf Rolls with Beef\",\"description\":\"Bò cuốn lá xanh mù tạt\",\"price\":197640,\"stock\":-1,\"tags\":null,\"note_options\":null,\"note_options_en\":null,\"sort_order\":0,\"is_active\":1,\"service_type\":\"restaurant\",\"menu_type\":\"asia\"}', 'info', '2026-04-23 10:12:45');
INSERT INTO `activity_logs` VALUES ('226', 'update', 'menu_item', '286', '7', '115.74.225.100', 'Mozilla/5.0 (Windows NT 10.0; Win64; x64) AppleWebKit/537.36 (KHTML, like Gecko) Chrome/147.0.0.0 Safari/537.36', '/restaurant/admin/menu/update', 'POST', '{\"category_id\":81,\"name\":\"Cà Phê Đen\",\"name_en\":\"Coffee\",\"description\":\"Cà phê nóng hoặc đá\",\"price\":41040,\"stock\":-1,\"tags\":null,\"note_options\":\"Nóng, Đá\",\"note_options_en\":\"Hot, Iced\",\"sort_order\":0,\"is_active\":1,\"service_type\":\"both\",\"menu_type\":\"other\"}', 'info', '2026-04-23 10:13:17');
INSERT INTO `activity_logs` VALUES ('227', 'update', 'menu_item', '287', '7', '115.74.225.100', 'Mozilla/5.0 (Windows NT 10.0; Win64; x64) AppleWebKit/537.36 (KHTML, like Gecko) Chrome/147.0.0.0 Safari/537.36', '/restaurant/admin/menu/update', 'POST', '{\"category_id\":81,\"name\":\"Cà Phê Sữa\",\"name_en\":\"Coffee with Condensed Milk\",\"description\":\"Cà phê sữa nóng hoặc đá\",\"price\":47520,\"stock\":-1,\"tags\":null,\"note_options\":\"Nóng, Đá\",\"note_options_en\":\"Hot, Iced\",\"sort_order\":0,\"is_active\":1,\"service_type\":\"both\",\"menu_type\":\"other\"}', 'info', '2026-04-23 10:13:36');
INSERT INTO `activity_logs` VALUES ('228', 'update', 'menu_item', '204', '7', '115.74.225.100', 'Mozilla/5.0 (Windows NT 10.0; Win64; x64) AppleWebKit/537.36 (KHTML, like Gecko) Chrome/147.0.0.0 Safari/537.36', '/restaurant/admin/menu/update', 'POST', '{\"category_id\":68,\"name\":\"Chả Giò Hải Sản Aurora\",\"name_en\":\"Aurora Deep Fried Seafood Spring Rolls\",\"description\":\"Chả giò hải sản Aurora\",\"price\":179280,\"stock\":-1,\"tags\":null,\"note_options\":null,\"note_options_en\":null,\"sort_order\":0,\"is_active\":1,\"service_type\":\"both\",\"menu_type\":\"asia\"}', 'info', '2026-04-23 10:13:59');
INSERT INTO `activity_logs` VALUES ('229', 'delete', 'menu_item', '285', '7', '115.74.225.100', 'Mozilla/5.0 (Windows NT 10.0; Win64; x64) AppleWebKit/537.36 (KHTML, like Gecko) Chrome/147.0.0.0 Safari/537.36', '/restaurant/admin/menu/delete', 'POST', '{\"reason\":\"not_in_use\"}', 'info', '2026-04-23 10:14:59');
INSERT INTO `activity_logs` VALUES ('230', 'update', 'menu_item', '283', '7', '115.74.225.100', 'Mozilla/5.0 (Windows NT 10.0; Win64; x64) AppleWebKit/537.36 (KHTML, like Gecko) Chrome/147.0.0.0 Safari/537.36', '/restaurant/admin/menu/update', 'POST', '{\"category_id\":80,\"name\":\"Cơm Trắng Chén\",\"name_en\":\"Steamed Rice / Small Bowl\",\"description\":\"Cơm trắng chén\",\"price\":29160,\"stock\":-1,\"tags\":null,\"note_options\":null,\"note_options_en\":null,\"sort_order\":0,\"is_active\":1,\"service_type\":\"both\",\"menu_type\":\"alacarte\"}', 'info', '2026-04-23 10:15:31');
INSERT INTO `activity_logs` VALUES ('231', 'update', 'menu_item', '282', '7', '115.74.225.100', 'Mozilla/5.0 (Windows NT 10.0; Win64; x64) AppleWebKit/537.36 (KHTML, like Gecko) Chrome/147.0.0.0 Safari/537.36', '/restaurant/admin/menu/update', 'POST', '{\"category_id\":80,\"name\":\"Cơm Trắng Thố\",\"name_en\":\"Steamed Rice / Big Bowl\",\"description\":\"Cơm trắng thố\",\"price\":77760,\"stock\":-1,\"tags\":null,\"note_options\":null,\"note_options_en\":null,\"sort_order\":0,\"is_active\":1,\"service_type\":\"restaurant\",\"menu_type\":\"alacarte\"}', 'info', '2026-04-23 10:15:47');
INSERT INTO `activity_logs` VALUES ('232', 'update', 'menu_item', '202', '7', '115.74.225.100', 'Mozilla/5.0 (Windows NT 10.0; Win64; x64) AppleWebKit/537.36 (KHTML, like Gecko) Chrome/147.0.0.0 Safari/537.36', '/restaurant/admin/menu/update', 'POST', '{\"category_id\":68,\"name\":\"Gỏi Củ Hủ Dừa Tôm Thịt\",\"name_en\":\"Coconut Palm Salad with Shrimp & Pork\",\"description\":\"Gỏi củ hủ dừa tôm thịt\",\"price\":227880,\"stock\":-1,\"tags\":null,\"note_options\":null,\"note_options_en\":null,\"sort_order\":0,\"is_active\":1,\"service_type\":\"restaurant\",\"menu_type\":\"asia\"}', 'info', '2026-04-23 10:19:16');
INSERT INTO `activity_logs` VALUES ('233', 'update', 'menu_item', '203', '7', '115.74.225.100', 'Mozilla/5.0 (Windows NT 10.0; Win64; x64) AppleWebKit/537.36 (KHTML, like Gecko) Chrome/147.0.0.0 Safari/537.36', '/restaurant/admin/menu/update', 'POST', '{\"category_id\":68,\"name\":\"Gỏi Cuốn Tôm Thịt\",\"name_en\":\"Fresh Spring Rolls with Shrimp & Pork\",\"description\":\"Gỏi cuốn tôm thịt tươi\",\"price\":179280,\"stock\":-1,\"tags\":null,\"note_options\":null,\"note_options_en\":null,\"sort_order\":0,\"is_active\":1,\"service_type\":\"restaurant\",\"menu_type\":\"asia\"}', 'info', '2026-04-23 10:22:42');
INSERT INTO `activity_logs` VALUES ('234', 'update', 'menu_item', '201', '7', '115.74.225.100', 'Mozilla/5.0 (Windows NT 10.0; Win64; x64) AppleWebKit/537.36 (KHTML, like Gecko) Chrome/147.0.0.0 Safari/537.36', '/restaurant/admin/menu/update', 'POST', '{\"category_id\":68,\"name\":\"Gỏi Ngó Sen Đưa Tôm Thịt\",\"name_en\":\"Lotus Stems Salad with Shrimp & Pork\",\"description\":\"Gỏi ngó sen tôm thịt\",\"price\":227880,\"stock\":-1,\"tags\":null,\"note_options\":null,\"note_options_en\":null,\"sort_order\":0,\"is_active\":1,\"service_type\":\"restaurant\",\"menu_type\":\"asia\"}', 'info', '2026-04-23 10:22:59');
INSERT INTO `activity_logs` VALUES ('235', 'update', 'menu_item', '199', '7', '115.74.225.100', 'Mozilla/5.0 (Windows NT 10.0; Win64; x64) AppleWebKit/537.36 (KHTML, like Gecko) Chrome/147.0.0.0 Safari/537.36', '/restaurant/admin/menu/update', 'POST', '{\"category_id\":68,\"name\":\"Phở Cuốn\",\"name_en\":\"Rice Pancake Rolls with Beef\",\"description\":\"Phở cuốn với bò\",\"price\":197640,\"stock\":-1,\"tags\":null,\"note_options\":null,\"note_options_en\":null,\"sort_order\":0,\"is_active\":1,\"service_type\":\"restaurant\",\"menu_type\":\"asia\"}', 'info', '2026-04-23 10:23:59');
INSERT INTO `activity_logs` VALUES ('236', 'update', 'menu_item', '279', '7', '115.74.225.100', 'Mozilla/5.0 (Windows NT 10.0; Win64; x64) AppleWebKit/537.36 (KHTML, like Gecko) Chrome/147.0.0.0 Safari/537.36', '/restaurant/admin/menu/update', 'POST', '{\"category_id\":80,\"name\":\"Rau Thập Cẩm Xào Tỏi\",\"name_en\":\"Stir Fried Vegetables with Garlic\",\"description\":\"Rau thập cẩm xào tỏi\",\"price\":162000,\"stock\":-1,\"tags\":null,\"note_options\":null,\"note_options_en\":null,\"sort_order\":0,\"is_active\":1,\"service_type\":\"restaurant\",\"menu_type\":\"alacarte\"}', 'info', '2026-04-23 10:24:25');
INSERT INTO `activity_logs` VALUES ('237', 'update', 'menu_item', '248', '7', '115.74.225.100', 'Mozilla/5.0 (Windows NT 10.0; Win64; x64) AppleWebKit/537.36 (KHTML, like Gecko) Chrome/147.0.0.0 Safari/537.36', '/restaurant/admin/menu/update', 'POST', '{\"category_id\":74,\"name\":\"Súp Kem Bí Đỏ\",\"name_en\":\"Pumpkin Soup\",\"description\":\"Súp kem bí đỏ với kem, phô mai, bánh mì\",\"price\":137160,\"stock\":-1,\"tags\":null,\"note_options\":null,\"note_options_en\":null,\"sort_order\":0,\"is_active\":1,\"service_type\":\"restaurant\",\"menu_type\":\"asia\"}', 'info', '2026-04-23 10:24:41');
INSERT INTO `activity_logs` VALUES ('238', 'logout', 'user', '7', '7', '115.74.225.100', 'Mozilla/5.0 (Windows NT 10.0; Win64; x64) AppleWebKit/537.36 (KHTML, like Gecko) Chrome/147.0.0.0 Safari/537.36', '/restaurant/auth/logout', 'GET', '[]', 'info', '2026-04-23 10:24:55');
INSERT INTO `activity_logs` VALUES ('239', 'update', 'menu_item', '249', '7', '115.74.225.100', 'Mozilla/5.0 (Windows NT 10.0; Win64; x64) AppleWebKit/537.36 (KHTML, like Gecko) Chrome/147.0.0.0 Safari/537.36', '/restaurant/admin/menu/update', 'POST', '{\"category_id\":74,\"name\":\"Súp Kem Nấm Tươi\",\"name_en\":\"Creamy Mushroom Soup\",\"description\":\"Súp kem nấm tươi\",\"price\":137160,\"stock\":-1,\"tags\":null,\"note_options\":null,\"note_options_en\":null,\"sort_order\":0,\"is_active\":1,\"service_type\":\"restaurant\",\"menu_type\":\"asia\"}', 'info', '2026-04-23 10:24:56');
INSERT INTO `activity_logs` VALUES ('240', 'login', 'user', '2', '2', '115.74.225.100', 'Mozilla/5.0 (Windows NT 10.0; Win64; x64) AppleWebKit/537.36 (KHTML, like Gecko) Chrome/147.0.0.0 Safari/537.36', '/restaurant/auth/login', 'POST', '{\"success\":true,\"reason\":\"\"}', 'info', '2026-04-23 10:24:58');
INSERT INTO `activity_logs` VALUES ('241', 'update', 'setting', '0', '2', '115.74.225.100', 'Mozilla/5.0 (Windows NT 10.0; Win64; x64) AppleWebKit/537.36 (KHTML, like Gecko) Chrome/147.0.0.0 Safari/537.36', '/restaurant/it/settings/update', 'POST', '{\"key\":\"dev_mode\",\"value\":\"0\"}', 'info', '2026-04-23 10:25:02');
INSERT INTO `activity_logs` VALUES ('242', 'update', 'setting', '0', '2', '115.74.225.100', 'Mozilla/5.0 (Windows NT 10.0; Win64; x64) AppleWebKit/537.36 (KHTML, like Gecko) Chrome/147.0.0.0 Safari/537.36', '/restaurant/it/settings/update', 'POST', '{\"key\":\"dev_mode\",\"value\":\"0\"}', 'info', '2026-04-23 10:25:04');
INSERT INTO `activity_logs` VALUES ('243', 'update', 'menu_item', '250', '7', '115.74.225.100', 'Mozilla/5.0 (Windows NT 10.0; Win64; x64) AppleWebKit/537.36 (KHTML, like Gecko) Chrome/147.0.0.0 Safari/537.36', '/restaurant/admin/menu/update', 'POST', '{\"category_id\":74,\"name\":\"Súp Khoai Tây Thịt Nguội\",\"name_en\":\"Ham & Potato Soup\",\"description\":\"Súp khoai tây thịt nguội\",\"price\":137160,\"stock\":-1,\"tags\":null,\"note_options\":null,\"note_options_en\":null,\"sort_order\":0,\"is_active\":1,\"service_type\":\"restaurant\",\"menu_type\":\"asia\"}', 'info', '2026-04-23 10:25:10');
INSERT INTO `activity_logs` VALUES ('244', 'update', 'menu_item', '278', '7', '115.74.225.100', 'Mozilla/5.0 (Windows NT 10.0; Win64; x64) AppleWebKit/537.36 (KHTML, like Gecko) Chrome/147.0.0.0 Safari/537.36', '/restaurant/admin/menu/update', 'POST', '{\"category_id\":80,\"name\":\"Xà Lách Trộn Dầu Giấm\",\"name_en\":\"Mixed Salad with Vinegar Dressing\",\"description\":\"Xà lách, cà chua, hành tây, dưa leo\",\"price\":54000,\"stock\":-1,\"tags\":null,\"note_options\":null,\"note_options_en\":null,\"sort_order\":0,\"is_active\":1,\"service_type\":\"restaurant\",\"menu_type\":\"alacarte\"}', 'info', '2026-04-23 10:25:25');
INSERT INTO `activity_logs` VALUES ('245', 'update', 'menu_item', '252', '7', '115.74.225.100', 'Mozilla/5.0 (Windows NT 10.0; Win64; x64) AppleWebKit/537.36 (KHTML, like Gecko) Chrome/147.0.0.0 Safari/537.36', '/restaurant/admin/menu/update', 'POST', '{\"category_id\":75,\"name\":\"Xà Lách Cá Ngừ Kiểu Pháp\",\"name_en\":\"Nicoise Salad\",\"description\":\"Xà lách cá ngừ kiểu Pháp\",\"price\":173880,\"stock\":-1,\"tags\":null,\"note_options\":null,\"note_options_en\":null,\"sort_order\":0,\"is_active\":1,\"service_type\":\"restaurant\",\"menu_type\":\"europe\"}', 'info', '2026-04-23 10:26:24');
INSERT INTO `activity_logs` VALUES ('246', 'update', 'menu_item', '289', '7', '115.74.225.100', 'Mozilla/5.0 (Windows NT 10.0; Win64; x64) AppleWebKit/537.36 (KHTML, like Gecko) Chrome/147.0.0.0 Safari/537.36', '/restaurant/admin/menu/update', 'POST', '{\"category_id\":82,\"name\":\"Nước Cam Tươi\",\"name_en\":\"Orange Juice\",\"description\":\"Nước cam tươi\",\"price\":71280,\"stock\":-1,\"tags\":null,\"note_options\":null,\"note_options_en\":null,\"sort_order\":0,\"is_active\":1,\"service_type\":\"both\",\"menu_type\":\"other\"}', 'info', '2026-04-23 10:26:48');
INSERT INTO `activity_logs` VALUES ('247', 'update', 'menu_item', '293', '7', '115.74.225.100', 'Mozilla/5.0 (Windows NT 10.0; Win64; x64) AppleWebKit/537.36 (KHTML, like Gecko) Chrome/147.0.0.0 Safari/537.36', '/restaurant/admin/menu/update', 'POST', '{\"category_id\":82,\"name\":\"Nước Chanh Dây\",\"name_en\":\"Passion Fruit Juice\",\"description\":\"Nước chanh dây\",\"price\":71280,\"stock\":-1,\"tags\":null,\"note_options\":null,\"note_options_en\":null,\"sort_order\":0,\"is_active\":1,\"service_type\":\"both\",\"menu_type\":\"other\"}', 'info', '2026-04-23 10:27:03');
INSERT INTO `activity_logs` VALUES ('248', 'update', 'menu_item', '292', '7', '115.74.225.100', 'Mozilla/5.0 (Windows NT 10.0; Win64; x64) AppleWebKit/537.36 (KHTML, like Gecko) Chrome/147.0.0.0 Safari/537.36', '/restaurant/admin/menu/update', 'POST', '{\"category_id\":82,\"name\":\"Nước Ép Dưa Hấu\",\"name_en\":\"Water Melon Juice\",\"description\":\"Nước ép dưa hấu\",\"price\":71280,\"stock\":-1,\"tags\":null,\"note_options\":null,\"note_options_en\":null,\"sort_order\":0,\"is_active\":1,\"service_type\":\"both\",\"menu_type\":\"other\"}', 'info', '2026-04-23 10:28:01');
INSERT INTO `activity_logs` VALUES ('249', 'update', 'menu_item', '291', '7', '115.74.225.100', 'Mozilla/5.0 (Windows NT 10.0; Win64; x64) AppleWebKit/537.36 (KHTML, like Gecko) Chrome/147.0.0.0 Safari/537.36', '/restaurant/admin/menu/update', 'POST', '{\"category_id\":82,\"name\":\"Nước Ép Thơm\",\"name_en\":\"Pineapple Juice\",\"description\":\"Nước ép thơm\",\"price\":71280,\"stock\":-1,\"tags\":null,\"note_options\":null,\"note_options_en\":null,\"sort_order\":0,\"is_active\":1,\"service_type\":\"both\",\"menu_type\":\"other\"}', 'info', '2026-04-23 10:28:14');
INSERT INTO `activity_logs` VALUES ('250', 'update', 'menu_item', '290', '7', '115.74.225.100', 'Mozilla/5.0 (Windows NT 10.0; Win64; x64) AppleWebKit/537.36 (KHTML, like Gecko) Chrome/147.0.0.0 Safari/537.36', '/restaurant/admin/menu/update', 'POST', '{\"category_id\":82,\"name\":\"Nước Ép Xoài\",\"name_en\":\"Mango Juice\",\"description\":\"Nước xoài\",\"price\":77760,\"stock\":-1,\"tags\":null,\"note_options\":null,\"note_options_en\":null,\"sort_order\":0,\"is_active\":1,\"service_type\":\"both\",\"menu_type\":\"other\"}', 'info', '2026-04-23 10:28:28');
INSERT INTO `activity_logs` VALUES ('251', 'update', 'menu_item', '205', '7', '115.74.225.100', 'Mozilla/5.0 (Windows NT 10.0; Win64; x64) AppleWebKit/537.36 (KHTML, like Gecko) Chrome/147.0.0.0 Safari/537.36', '/restaurant/admin/menu/update', 'POST', '{\"category_id\":69,\"name\":\"Súp Bào Ngư Hải Sản\",\"name_en\":\"Abalone Seafood Soup\",\"description\":\"Súp bào ngư hải sản\",\"price\":167400,\"stock\":-1,\"tags\":null,\"note_options\":null,\"note_options_en\":null,\"sort_order\":0,\"is_active\":1,\"service_type\":\"restaurant\",\"menu_type\":\"europe\"}', 'info', '2026-04-23 10:28:47');
INSERT INTO `activity_logs` VALUES ('252', 'update', 'menu_item', '206', '7', '115.74.225.100', 'Mozilla/5.0 (Windows NT 10.0; Win64; x64) AppleWebKit/537.36 (KHTML, like Gecko) Chrome/147.0.0.0 Safari/537.36', '/restaurant/admin/menu/update', 'POST', '{\"category_id\":69,\"name\":\"Súp Cua Hải Sản Tam Tơ\",\"name_en\":\"Tam To Crab Meat & Seafood Soup\",\"description\":\"Súp cua hải sản tam tố\",\"price\":162000,\"stock\":-1,\"tags\":null,\"note_options\":null,\"note_options_en\":null,\"sort_order\":0,\"is_active\":1,\"service_type\":\"restaurant\",\"menu_type\":\"europe\"}', 'info', '2026-04-23 10:29:10');
INSERT INTO `activity_logs` VALUES ('253', 'delete', 'menu_item', '207', '7', '115.74.225.100', 'Mozilla/5.0 (Windows NT 10.0; Win64; x64) AppleWebKit/537.36 (KHTML, like Gecko) Chrome/147.0.0.0 Safari/537.36', '/restaurant/admin/menu/delete', 'POST', '{\"reason\":\"not_in_use\"}', 'info', '2026-04-23 10:29:40');
INSERT INTO `activity_logs` VALUES ('254', 'delete', 'menu_item', '208', '7', '115.74.225.100', 'Mozilla/5.0 (Windows NT 10.0; Win64; x64) AppleWebKit/537.36 (KHTML, like Gecko) Chrome/147.0.0.0 Safari/537.36', '/restaurant/admin/menu/delete', 'POST', '{\"reason\":\"not_in_use\"}', 'info', '2026-04-23 10:30:15');
INSERT INTO `activity_logs` VALUES ('255', 'delete', 'menu_item', '210', '7', '115.74.225.100', 'Mozilla/5.0 (Windows NT 10.0; Win64; x64) AppleWebKit/537.36 (KHTML, like Gecko) Chrome/147.0.0.0 Safari/537.36', '/restaurant/admin/menu/delete', 'POST', '{\"reason\":\"not_in_use\"}', 'info', '2026-04-23 10:30:25');
INSERT INTO `activity_logs` VALUES ('256', 'delete', 'menu_item', '211', '7', '115.74.225.100', 'Mozilla/5.0 (Windows NT 10.0; Win64; x64) AppleWebKit/537.36 (KHTML, like Gecko) Chrome/147.0.0.0 Safari/537.36', '/restaurant/admin/menu/delete', 'POST', '{\"reason\":\"not_in_use\"}', 'info', '2026-04-23 10:30:33');
INSERT INTO `activity_logs` VALUES ('257', 'update', 'menu_item', '252', '7', '115.74.225.100', 'Mozilla/5.0 (Windows NT 10.0; Win64; x64) AppleWebKit/537.36 (KHTML, like Gecko) Chrome/147.0.0.0 Safari/537.36', '/restaurant/admin/menu/update', 'POST', '{\"category_id\":75,\"name\":\"Xà Lách Cá Ngừ Kiểu Pháp\",\"name_en\":\"Nicoise Salad\",\"description\":\"Xà lách cá ngừ kiểu Pháp\",\"price\":173880,\"stock\":-1,\"tags\":null,\"note_options\":null,\"note_options_en\":null,\"sort_order\":0,\"is_active\":1,\"service_type\":\"restaurant\",\"menu_type\":\"europe\"}', 'info', '2026-04-23 10:30:53');
INSERT INTO `activity_logs` VALUES ('258', 'update', 'menu_item', '253', '7', '115.74.225.100', 'Mozilla/5.0 (Windows NT 10.0; Win64; x64) AppleWebKit/537.36 (KHTML, like Gecko) Chrome/147.0.0.0 Safari/537.36', '/restaurant/admin/menu/update', 'POST', '{\"category_id\":75,\"name\":\"Xà Lách Gà Nướng\",\"name_en\":\"Grilled Chicken Salad\",\"description\":\"Xà lách gà nướng\",\"price\":162000,\"stock\":-1,\"tags\":null,\"note_options\":null,\"note_options_en\":null,\"sort_order\":0,\"is_active\":1,\"service_type\":\"restaurant\",\"menu_type\":\"europe\"}', 'info', '2026-04-23 10:31:08');
INSERT INTO `activity_logs` VALUES ('259', 'update', 'menu_item', '251', '7', '115.74.225.100', 'Mozilla/5.0 (Windows NT 10.0; Win64; x64) AppleWebKit/537.36 (KHTML, like Gecko) Chrome/147.0.0.0 Safari/537.36', '/restaurant/admin/menu/update', 'POST', '{\"category_id\":75,\"name\":\"Xà Lách Trộn Kiểu Pháp\",\"name_en\":\"Caesar Salad\",\"description\":\"Xà lách Romaine, gà, bacon, phô mai Parmesan\",\"price\":173880,\"stock\":-1,\"tags\":null,\"note_options\":null,\"note_options_en\":null,\"sort_order\":0,\"is_active\":1,\"service_type\":\"restaurant\",\"menu_type\":\"europe\"}', 'info', '2026-04-23 10:31:25');
INSERT INTO `activity_logs` VALUES ('260', 'delete', 'menu_item', '215', '7', '115.74.225.100', 'Mozilla/5.0 (Windows NT 10.0; Win64; x64) AppleWebKit/537.36 (KHTML, like Gecko) Chrome/147.0.0.0 Safari/537.36', '/restaurant/admin/menu/delete', 'POST', '{\"reason\":\"not_in_use\"}', 'info', '2026-04-23 10:31:43');
INSERT INTO `activity_logs` VALUES ('261', 'delete', 'menu_item', '212', '7', '115.74.225.100', 'Mozilla/5.0 (Windows NT 10.0; Win64; x64) AppleWebKit/537.36 (KHTML, like Gecko) Chrome/147.0.0.0 Safari/537.36', '/restaurant/admin/menu/delete', 'POST', '{\"reason\":\"not_in_use\"}', 'info', '2026-04-23 10:31:54');
INSERT INTO `activity_logs` VALUES ('262', 'delete', 'menu_item', '216', '7', '115.74.225.100', 'Mozilla/5.0 (Windows NT 10.0; Win64; x64) AppleWebKit/537.36 (KHTML, like Gecko) Chrome/147.0.0.0 Safari/537.36', '/restaurant/admin/menu/delete', 'POST', '{\"reason\":\"not_in_use\"}', 'info', '2026-04-23 10:32:09');
INSERT INTO `activity_logs` VALUES ('263', 'delete', 'menu_item', '213', '7', '115.74.225.100', 'Mozilla/5.0 (Windows NT 10.0; Win64; x64) AppleWebKit/537.36 (KHTML, like Gecko) Chrome/147.0.0.0 Safari/537.36', '/restaurant/admin/menu/delete', 'POST', '{\"reason\":\"not_in_use\"}', 'info', '2026-04-23 10:32:37');
INSERT INTO `activity_logs` VALUES ('264', 'delete', 'menu_item', '214', '7', '115.74.225.100', 'Mozilla/5.0 (Windows NT 10.0; Win64; x64) AppleWebKit/537.36 (KHTML, like Gecko) Chrome/147.0.0.0 Safari/537.36', '/restaurant/admin/menu/delete', 'POST', '{\"reason\":\"not_in_use\"}', 'info', '2026-04-23 10:32:44');
INSERT INTO `activity_logs` VALUES ('265', 'delete', 'menu_item', '218', '7', '115.74.225.100', 'Mozilla/5.0 (Windows NT 10.0; Win64; x64) AppleWebKit/537.36 (KHTML, like Gecko) Chrome/147.0.0.0 Safari/537.36', '/restaurant/admin/menu/delete', 'POST', '{\"reason\":\"not_in_use\"}', 'info', '2026-04-23 10:32:52');
INSERT INTO `activity_logs` VALUES ('266', 'delete', 'menu_item', '217', '7', '115.74.225.100', 'Mozilla/5.0 (Windows NT 10.0; Win64; x64) AppleWebKit/537.36 (KHTML, like Gecko) Chrome/147.0.0.0 Safari/537.36', '/restaurant/admin/menu/delete', 'POST', '{\"reason\":\"not_in_use\"}', 'info', '2026-04-23 10:32:58');
INSERT INTO `activity_logs` VALUES ('267', 'logout', 'user', '2', '2', '115.74.225.100', 'Mozilla/5.0 (Windows NT 10.0; Win64; x64) AppleWebKit/537.36 (KHTML, like Gecko) Chrome/147.0.0.0 Safari/537.36', '/restaurant/auth/logout', 'GET', '[]', 'info', '2026-04-23 11:18:41');
INSERT INTO `activity_logs` VALUES ('268', 'login', 'user', '5', '5', '115.74.225.100', 'Mozilla/5.0 (Windows NT 10.0; Win64; x64) AppleWebKit/537.36 (KHTML, like Gecko) Chrome/147.0.0.0 Safari/537.36', '/restaurant/auth/login', 'POST', '{\"success\":true,\"reason\":\"\"}', 'info', '2026-04-23 11:18:44');
INSERT INTO `activity_logs` VALUES ('269', 'logout', 'user', '5', '5', '115.74.225.100', 'Mozilla/5.0 (Windows NT 10.0; Win64; x64) AppleWebKit/537.36 (KHTML, like Gecko) Chrome/147.0.0.0 Safari/537.36', '/restaurant/auth/logout', 'GET', '[]', 'info', '2026-04-23 11:18:56');
INSERT INTO `activity_logs` VALUES ('270', 'login', 'user', '2', '2', '115.74.225.100', 'Mozilla/5.0 (Windows NT 10.0; Win64; x64) AppleWebKit/537.36 (KHTML, like Gecko) Chrome/147.0.0.0 Safari/537.36', '/restaurant/auth/login', 'POST', '{\"success\":true,\"reason\":\"\"}', 'info', '2026-04-23 11:19:00');
INSERT INTO `activity_logs` VALUES ('271', 'logout', 'user', '2', '2', '115.74.225.100', 'Mozilla/5.0 (Windows NT 10.0; Win64; x64) AppleWebKit/537.36 (KHTML, like Gecko) Chrome/147.0.0.0 Safari/537.36', '/restaurant/auth/logout', 'GET', '[]', 'info', '2026-04-23 11:22:32');
INSERT INTO `activity_logs` VALUES ('272', 'login', 'user', '5', '5', '115.74.225.100', 'Mozilla/5.0 (Windows NT 10.0; Win64; x64) AppleWebKit/537.36 (KHTML, like Gecko) Chrome/147.0.0.0 Safari/537.36', '/restaurant/auth/login', 'POST', '{\"success\":true,\"reason\":\"\"}', 'info', '2026-04-23 11:22:35');
INSERT INTO `activity_logs` VALUES ('273', 'logout', 'user', '5', '5', '115.74.225.100', 'Mozilla/5.0 (Windows NT 10.0; Win64; x64) AppleWebKit/537.36 (KHTML, like Gecko) Chrome/147.0.0.0 Safari/537.36', '/restaurant/auth/logout', 'GET', '[]', 'info', '2026-04-23 11:25:34');
INSERT INTO `activity_logs` VALUES ('274', 'error', 'user', '0', NULL, '115.74.225.100', 'Mozilla/5.0 (Windows NT 10.0; Win64; x64) AppleWebKit/537.36 (KHTML, like Gecko) Chrome/147.0.0.0 Safari/537.36', '/restaurant/auth/login', 'POST', '{\"success\":false,\"reason\":\"Invalid PIN for user: admin01\"}', 'warning', '2026-04-23 11:25:41');
INSERT INTO `activity_logs` VALUES ('275', 'login', 'user', '2', '2', '115.74.225.100', 'Mozilla/5.0 (Windows NT 10.0; Win64; x64) AppleWebKit/537.36 (KHTML, like Gecko) Chrome/147.0.0.0 Safari/537.36', '/restaurant/auth/login', 'POST', '{\"success\":true,\"reason\":\"\"}', 'info', '2026-04-23 11:25:45');
INSERT INTO `activity_logs` VALUES ('276', 'login', 'user', '2', '2', '115.74.225.100', 'Mozilla/5.0 (Windows NT 10.0; Win64; x64) AppleWebKit/537.36 (KHTML, like Gecko) Chrome/147.0.0.0 Safari/537.36', '/restaurant/auth/login', 'POST', '{\"success\":true,\"reason\":\"\"}', 'info', '2026-04-23 13:20:14');
INSERT INTO `activity_logs` VALUES ('277', 'login', 'user', '7', '7', '118.69.64.122', 'Mozilla/5.0 (Macintosh; Intel Mac OS X 10_15_7) AppleWebKit/605.1.15 (KHTML, like Gecko) Version/17.6 Safari/605.1.15', '/restaurant/auth/login', 'POST', '{\"success\":true,\"reason\":\"\"}', 'info', '2026-04-23 13:41:45');
INSERT INTO `activity_logs` VALUES ('278', 'login', 'user', '7', '7', '118.69.64.122', 'Mozilla/5.0 (Macintosh; Intel Mac OS X 10_15_7) AppleWebKit/605.1.15 (KHTML, like Gecko) Version/17.6 Safari/605.1.15', '/restaurant/auth/login', 'POST', '{\"success\":true,\"reason\":\"\"}', 'info', '2026-04-24 05:58:48');
INSERT INTO `activity_logs` VALUES ('279', 'login', 'user', '2', '2', '118.69.64.122', 'Mozilla/5.0 (Macintosh; Intel Mac OS X 10_15_7) AppleWebKit/605.1.15 (KHTML, like Gecko) Version/17.6 Safari/605.1.15', '/restaurant/auth/login', 'POST', '{\"success\":true,\"reason\":\"\"}', 'info', '2026-04-24 07:08:52');
INSERT INTO `activity_logs` VALUES ('280', 'logout', 'user', '2', '2', '118.69.64.122', 'Mozilla/5.0 (Macintosh; Intel Mac OS X 10_15_7) AppleWebKit/605.1.15 (KHTML, like Gecko) Version/17.6 Safari/605.1.15', '/restaurant/auth/logout', 'GET', '[]', 'info', '2026-04-24 07:08:58');
INSERT INTO `activity_logs` VALUES ('281', 'error', 'user', '0', NULL, '118.69.64.122', 'Mozilla/5.0 (Macintosh; Intel Mac OS X 10_15_7) AppleWebKit/605.1.15 (KHTML, like Gecko) Version/17.6 Safari/605.1.15', '/restaurant/auth/login', 'POST', '{\"success\":false,\"reason\":\"Invalid PIN for user: it\"}', 'warning', '2026-04-24 07:09:01');
INSERT INTO `activity_logs` VALUES ('282', 'login', 'user', '2', '2', '118.69.64.122', 'Mozilla/5.0 (Macintosh; Intel Mac OS X 10_15_7) AppleWebKit/605.1.15 (KHTML, like Gecko) Version/17.6 Safari/605.1.15', '/restaurant/auth/login', 'POST', '{\"success\":true,\"reason\":\"\"}', 'info', '2026-04-24 07:09:03');
INSERT INTO `activity_logs` VALUES ('283', 'login', 'user', '2', '2', '113.169.157.198', 'Mozilla/5.0 (Macintosh; Intel Mac OS X 10_15_7) AppleWebKit/605.1.15 (KHTML, like Gecko) Version/17.6 Safari/605.1.15', '/restaurant/auth/login', 'POST', '{\"success\":true,\"reason\":\"\"}', 'info', '2026-04-24 08:00:58');
INSERT INTO `activity_logs` VALUES ('284', 'login', 'user', '5', '5', '113.169.157.198', 'Mozilla/5.0 (Macintosh; Intel Mac OS X 10_15_7) AppleWebKit/605.1.15 (KHTML, like Gecko) Version/17.6 Safari/605.1.15', '/restaurant/auth/login', 'POST', '{\"success\":true,\"reason\":\"\"}', 'info', '2026-04-24 08:01:31');
INSERT INTO `activity_logs` VALUES ('285', 'login', 'user', '7', '7', '113.169.157.198', 'Mozilla/5.0 (Macintosh; Intel Mac OS X 10_15_7) AppleWebKit/605.1.15 (KHTML, like Gecko) Version/17.6 Safari/605.1.15', '/restaurant/auth/login', 'POST', '{\"success\":true,\"reason\":\"\"}', 'info', '2026-04-24 09:16:51');
INSERT INTO `activity_logs` VALUES ('286', 'logout', 'user', '7', '7', '115.74.225.100', 'Mozilla/5.0 (Macintosh; Intel Mac OS X 10_15_7) AppleWebKit/605.1.15 (KHTML, like Gecko) Version/17.6 Safari/605.1.15', '/restaurant/auth/logout', 'GET', '[]', 'info', '2026-04-24 10:20:34');
INSERT INTO `activity_logs` VALUES ('287', 'login', 'user', '2', '2', '115.74.225.100', 'Mozilla/5.0 (Macintosh; Intel Mac OS X 10_15_7) AppleWebKit/605.1.15 (KHTML, like Gecko) Version/17.6 Safari/605.1.15', '/restaurant/auth/login', 'POST', '{\"success\":true,\"reason\":\"\"}', 'info', '2026-04-24 10:20:38');
INSERT INTO `activity_logs` VALUES ('288', 'cancel', 'table', '1', '2', '115.74.225.100', 'Mozilla/5.0 (Macintosh; Intel Mac OS X 10_15_7) AppleWebKit/605.1.15 (KHTML, like Gecko) Version/17.6 Safari/605.1.15', '/restaurant/admin/realtime', 'GET', '{\"order_id\":\"64\",\"table_name\":\"A.01\",\"reason\":\"auto_cancel_no_items\",\"message\":\"Hệ thống tự động huỷ do không đặt món sau 5 phút\",\"order_source\":\"customer_qr\",\"waiter_id\":null,\"session_id\":\"a5cde2ce1230a2078505dd1ddb43ef3d\"}', 'notice', '2026-04-24 10:39:37');
INSERT INTO `activity_logs` VALUES ('289', 'cancel', 'table', '5', '2', '115.74.225.100', 'Mozilla/5.0 (Macintosh; Intel Mac OS X 10_15_7) AppleWebKit/605.1.15 (KHTML, like Gecko) Version/17.6 Safari/605.1.15', '/restaurant/admin/realtime', 'GET', '{\"order_id\":\"65\",\"table_name\":\"A.05\",\"reason\":\"auto_cancel_no_items\",\"message\":\"Hệ thống tự động huỷ do không đặt món sau 5 phút\",\"order_source\":\"customer_qr\",\"waiter_id\":null,\"session_id\":\"4c7b9c62301f7a16edd9d35d804b8eb6\"}', 'notice', '2026-04-24 10:39:37');
INSERT INTO `activity_logs` VALUES ('290', 'login', 'user', '7', '7', '1.55.121.249', 'Mozilla/5.0 (Macintosh; Intel Mac OS X 10_15_7) AppleWebKit/605.1.15 (KHTML, like Gecko) Version/17.6 Safari/605.1.15', '/restaurant/auth/login', 'POST', '{\"success\":true,\"reason\":\"\"}', 'info', '2026-04-24 18:25:34');
INSERT INTO `activity_logs` VALUES ('291', 'logout', 'user', '7', '7', '1.55.121.249', 'Mozilla/5.0 (Macintosh; Intel Mac OS X 10_15_7) AppleWebKit/605.1.15 (KHTML, like Gecko) Version/17.6 Safari/605.1.15', '/restaurant/auth/logout', 'GET', '[]', 'info', '2026-04-24 18:25:40');
INSERT INTO `activity_logs` VALUES ('292', 'login', 'user', '2', '2', '1.55.121.249', 'Mozilla/5.0 (Macintosh; Intel Mac OS X 10_15_7) AppleWebKit/605.1.15 (KHTML, like Gecko) Version/17.6 Safari/605.1.15', '/restaurant/auth/login', 'POST', '{\"success\":true,\"reason\":\"\"}', 'info', '2026-04-24 18:25:52');
INSERT INTO `activity_logs` VALUES ('293', 'update', 'setting', '0', '2', '1.55.121.249', 'Mozilla/5.0 (Macintosh; Intel Mac OS X 10_15_7) AppleWebKit/605.1.15 (KHTML, like Gecko) Version/17.6 Safari/605.1.15', '/restaurant/it/settings/update', 'POST', '{\"key\":\"dev_mode\",\"value\":\"1\"}', 'info', '2026-04-24 18:26:03');
INSERT INTO `activity_logs` VALUES ('294', 'logout', 'user', '2', '2', '1.55.121.249', 'Mozilla/5.0 (Macintosh; Intel Mac OS X 10_15_7) AppleWebKit/605.1.15 (KHTML, like Gecko) Version/17.6 Safari/605.1.15', '/restaurant/auth/logout', 'GET', '[]', 'info', '2026-04-24 19:01:32');
INSERT INTO `activity_logs` VALUES ('295', 'login', 'user', '5', '5', '1.55.121.249', 'Mozilla/5.0 (Macintosh; Intel Mac OS X 10_15_7) AppleWebKit/605.1.15 (KHTML, like Gecko) Version/17.6 Safari/605.1.15', '/restaurant/auth/login', 'POST', '{\"success\":true,\"reason\":\"\"}', 'info', '2026-04-24 19:01:35');
INSERT INTO `activity_logs` VALUES ('296', 'create', 'order_item', NULL, '5', '1.55.121.249', 'Mozilla/5.0 (Macintosh; Intel Mac OS X 10_15_7) AppleWebKit/605.1.15 (KHTML, like Gecko) Version/17.6 Safari/605.1.15', '/restaurant/orders/add', 'POST', '{\"order_id\":61,\"menu_item_id\":205,\"item_name\":\"Súp Bào Ngư Hải Sản\",\"quantity\":1,\"note\":\"\"}', 'info', '2026-04-24 19:05:05');
INSERT INTO `activity_logs` VALUES ('297', 'logout', 'user', '5', '5', '1.55.121.249', 'Mozilla/5.0 (Macintosh; Intel Mac OS X 10_15_7) AppleWebKit/605.1.15 (KHTML, like Gecko) Version/17.6 Safari/605.1.15', '/restaurant/auth/logout', 'GET', '[]', 'info', '2026-04-24 19:07:46');
INSERT INTO `activity_logs` VALUES ('298', 'login', 'user', '7', '7', '1.55.121.249', 'Mozilla/5.0 (Macintosh; Intel Mac OS X 10_15_7) AppleWebKit/605.1.15 (KHTML, like Gecko) Version/17.6 Safari/605.1.15', '/restaurant/auth/login', 'POST', '{\"success\":true,\"reason\":\"\"}', 'info', '2026-04-24 19:07:50');
INSERT INTO `activity_logs` VALUES ('299', 'cancel', 'table', '7', '7', '1.55.121.249', 'Mozilla/5.0 (Macintosh; Intel Mac OS X 10_15_7) AppleWebKit/605.1.15 (KHTML, like Gecko) Version/17.6 Safari/605.1.15', '/restaurant/admin/tables', 'GET', '{\"order_id\":\"67\",\"table_name\":\"B.01\",\"reason\":\"auto_cancel_no_items\",\"message\":\"Hệ thống tự động huỷ do không đặt món sau 5 phút\",\"order_source\":\"customer_qr\",\"waiter_id\":null,\"session_id\":\"35e421a81e6f86bc30c264da6fae7379\"}', 'notice', '2026-04-24 19:13:32');
INSERT INTO `activity_logs` VALUES ('300', 'logout', 'user', '7', '7', '1.55.121.249', 'Mozilla/5.0 (Macintosh; Intel Mac OS X 10_15_7) AppleWebKit/605.1.15 (KHTML, like Gecko) Version/17.6 Safari/605.1.15', '/restaurant/auth/logout', 'GET', '[]', 'info', '2026-04-24 19:15:21');
INSERT INTO `activity_logs` VALUES ('301', 'login', 'user', '5', '5', '1.55.121.249', 'Mozilla/5.0 (Macintosh; Intel Mac OS X 10_15_7) AppleWebKit/605.1.15 (KHTML, like Gecko) Version/17.6 Safari/605.1.15', '/restaurant/auth/login', 'POST', '{\"success\":true,\"reason\":\"\"}', 'info', '2026-04-24 19:15:24');
INSERT INTO `activity_logs` VALUES ('302', 'create', 'order_item', NULL, '5', '1.55.121.249', 'Mozilla/5.0 (Macintosh; Intel Mac OS X 10_15_7) AppleWebKit/605.1.15 (KHTML, like Gecko) Version/17.6 Safari/605.1.15', '/restaurant/orders/add', 'POST', '{\"order_id\":66,\"menu_item_id\":204,\"item_name\":\"Chả Giò Hải Sản Aurora\",\"quantity\":1,\"note\":\"\"}', 'info', '2026-04-24 19:15:32');
INSERT INTO `activity_logs` VALUES ('303', 'create', 'order_item', NULL, '5', '1.55.121.249', 'Mozilla/5.0 (Macintosh; Intel Mac OS X 10_15_7) AppleWebKit/605.1.15 (KHTML, like Gecko) Version/17.6 Safari/605.1.15', '/restaurant/orders/add', 'POST', '{\"order_id\":66,\"menu_item_id\":202,\"item_name\":\"Gỏi Củ Hủ Dừa Tôm Thịt\",\"quantity\":1,\"note\":\"\"}', 'info', '2026-04-24 19:15:35');
INSERT INTO `activity_logs` VALUES ('304', 'create', 'order_item', NULL, '5', '1.55.121.249', 'Mozilla/5.0 (Macintosh; Intel Mac OS X 10_15_7) AppleWebKit/605.1.15 (KHTML, like Gecko) Version/17.6 Safari/605.1.15', '/restaurant/orders/add', 'POST', '{\"order_id\":66,\"menu_item_id\":200,\"item_name\":\"Bò Cuộn Cải Xanh\",\"quantity\":1,\"note\":\"\"}', 'info', '2026-04-24 19:34:13');
INSERT INTO `activity_logs` VALUES ('305', 'create', 'order_item', NULL, '5', '1.55.121.249', 'Mozilla/5.0 (Macintosh; Intel Mac OS X 10_15_7) AppleWebKit/605.1.15 (KHTML, like Gecko) Version/17.6 Safari/605.1.15', '/restaurant/orders/add', 'POST', '{\"order_id\":66,\"menu_item_id\":204,\"item_name\":\"Chả Giò Hải Sản Aurora\",\"quantity\":1,\"note\":\"\"}', 'info', '2026-04-24 19:34:31');
INSERT INTO `activity_logs` VALUES ('306', 'create', 'order_item', NULL, '5', '1.55.121.249', 'Mozilla/5.0 (Macintosh; Intel Mac OS X 10_15_7) AppleWebKit/605.1.15 (KHTML, like Gecko) Version/17.6 Safari/605.1.15', '/restaurant/orders/add', 'POST', '{\"order_id\":66,\"menu_item_id\":200,\"item_name\":\"Bò Cuộn Cải Xanh\",\"quantity\":1,\"note\":\"\"}', 'info', '2026-04-24 19:40:05');
INSERT INTO `activity_logs` VALUES ('307', 'create', 'order_item', NULL, '5', '1.55.121.249', 'Mozilla/5.0 (Macintosh; Intel Mac OS X 10_15_7) AppleWebKit/605.1.15 (KHTML, like Gecko) Version/17.6 Safari/605.1.15', '/restaurant/orders/add', 'POST', '{\"order_id\":63,\"menu_item_id\":200,\"item_name\":\"Bò Cuộn Cải Xanh\",\"quantity\":1,\"note\":\"\"}', 'info', '2026-04-24 19:40:45');
INSERT INTO `activity_logs` VALUES ('308', 'create', 'order_item', NULL, '5', '1.55.121.249', 'Mozilla/5.0 (Macintosh; Intel Mac OS X 10_15_7) AppleWebKit/605.1.15 (KHTML, like Gecko) Version/17.6 Safari/605.1.15', '/restaurant/orders/add', 'POST', '{\"order_id\":63,\"menu_item_id\":204,\"item_name\":\"Chả Giò Hải Sản Aurora\",\"quantity\":1,\"note\":\"\"}', 'info', '2026-04-24 19:41:53');
INSERT INTO `activity_logs` VALUES ('309', 'create', 'order', '68', '5', '1.55.121.249', 'Mozilla/5.0 (Macintosh; Intel Mac OS X 10_15_7) AppleWebKit/605.1.15 (KHTML, like Gecko) Version/17.6 Safari/605.1.15', '/restaurant/tables/open', 'POST', '{\"table_id\":8,\"waiter_id\":\"5\",\"guest_count\":2,\"shift_id\":null}', 'info', '2026-04-24 19:42:06');
INSERT INTO `activity_logs` VALUES ('310', 'create', 'order_item', NULL, '5', '1.55.121.249', 'Mozilla/5.0 (Macintosh; Intel Mac OS X 10_15_7) AppleWebKit/605.1.15 (KHTML, like Gecko) Version/17.6 Safari/605.1.15', '/restaurant/orders/add', 'POST', '{\"order_id\":68,\"menu_item_id\":200,\"item_name\":\"Bò Cuộn Cải Xanh\",\"quantity\":1,\"note\":\"\"}', 'info', '2026-04-24 19:42:08');
INSERT INTO `activity_logs` VALUES ('311', 'create', 'order_item', NULL, '5', '1.55.121.249', 'Mozilla/5.0 (Macintosh; Intel Mac OS X 10_15_7) AppleWebKit/605.1.15 (KHTML, like Gecko) Version/17.6 Safari/605.1.15', '/restaurant/orders/add', 'POST', '{\"order_id\":68,\"menu_item_id\":204,\"item_name\":\"Chả Giò Hải Sản Aurora\",\"quantity\":1,\"note\":\"\"}', 'info', '2026-04-24 19:42:09');
INSERT INTO `activity_logs` VALUES ('312', 'create', 'order_item', NULL, '5', '1.55.121.249', 'Mozilla/5.0 (Macintosh; Intel Mac OS X 10_15_7) AppleWebKit/605.1.15 (KHTML, like Gecko) Version/17.6 Safari/605.1.15', '/restaurant/orders/add', 'POST', '{\"order_id\":68,\"menu_item_id\":202,\"item_name\":\"Gỏi Củ Hủ Dừa Tôm Thịt\",\"quantity\":1,\"note\":\"\"}', 'info', '2026-04-24 19:42:10');
INSERT INTO `activity_logs` VALUES ('313', 'create', 'order_item', NULL, '5', '1.55.121.249', 'Mozilla/5.0 (Macintosh; Intel Mac OS X 10_15_7) AppleWebKit/605.1.15 (KHTML, like Gecko) Version/17.6 Safari/605.1.15', '/restaurant/orders/add', 'POST', '{\"order_id\":68,\"menu_item_id\":203,\"item_name\":\"Gỏi Cuốn Tôm Thịt\",\"quantity\":1,\"note\":\"\"}', 'info', '2026-04-24 19:42:10');
INSERT INTO `activity_logs` VALUES ('314', 'create', 'order_item', NULL, '5', '1.55.121.249', 'Mozilla/5.0 (Macintosh; Intel Mac OS X 10_15_7) AppleWebKit/605.1.15 (KHTML, like Gecko) Version/17.6 Safari/605.1.15', '/restaurant/orders/add', 'POST', '{\"order_id\":68,\"menu_item_id\":204,\"item_name\":\"Chả Giò Hải Sản Aurora\",\"quantity\":1,\"note\":\"\"}', 'info', '2026-04-24 19:42:32');
INSERT INTO `activity_logs` VALUES ('315', 'create', 'order_item', NULL, '5', '1.55.121.249', 'Mozilla/5.0 (Macintosh; Intel Mac OS X 10_15_7) AppleWebKit/605.1.15 (KHTML, like Gecko) Version/17.6 Safari/605.1.15', '/restaurant/orders/add', 'POST', '{\"order_id\":68,\"menu_item_id\":200,\"item_name\":\"Bò Cuộn Cải Xanh\",\"quantity\":1,\"note\":\"\"}', 'info', '2026-04-24 19:43:14');
INSERT INTO `activity_logs` VALUES ('316', 'create', 'order_item', NULL, '5', '1.55.121.249', 'Mozilla/5.0 (Macintosh; Intel Mac OS X 10_15_7) AppleWebKit/605.1.15 (KHTML, like Gecko) Version/17.6 Safari/605.1.15', '/restaurant/orders/add', 'POST', '{\"order_id\":68,\"menu_item_id\":200,\"item_name\":\"Bò Cuộn Cải Xanh\",\"quantity\":1,\"note\":\"\"}', 'info', '2026-04-24 19:54:20');
INSERT INTO `activity_logs` VALUES ('317', 'create', 'order_item', NULL, '5', '1.55.121.249', 'Mozilla/5.0 (Macintosh; Intel Mac OS X 10_15_7) AppleWebKit/605.1.15 (KHTML, like Gecko) Version/17.6 Safari/605.1.15', '/restaurant/orders/add', 'POST', '{\"order_id\":68,\"menu_item_id\":256,\"item_name\":\"Spaghetti Marinara\",\"quantity\":1,\"note\":\"\"}', 'info', '2026-04-24 19:54:27');
INSERT INTO `activity_logs` VALUES ('318', 'create', 'order_item', NULL, '5', '1.55.121.249', 'Mozilla/5.0 (Macintosh; Intel Mac OS X 10_15_7) AppleWebKit/605.1.15 (KHTML, like Gecko) Version/17.6 Safari/605.1.15', '/restaurant/orders/add', 'POST', '{\"order_id\":68,\"menu_item_id\":204,\"item_name\":\"Chả Giò Hải Sản Aurora\",\"quantity\":1,\"note\":\"\"}', 'info', '2026-04-24 20:01:24');
INSERT INTO `activity_logs` VALUES ('319', 'create', 'order_item', NULL, '5', '1.55.121.249', 'Mozilla/5.0 (Macintosh; Intel Mac OS X 10_15_7) AppleWebKit/605.1.15 (KHTML, like Gecko) Version/17.6 Safari/605.1.15', '/restaurant/orders/add', 'POST', '{\"order_id\":68,\"menu_item_id\":200,\"item_name\":\"Bò Cuộn Cải Xanh\",\"quantity\":1,\"note\":\"\"}', 'info', '2026-04-24 20:12:06');
INSERT INTO `activity_logs` VALUES ('320', 'create', 'order_item', NULL, '5', '1.55.121.249', 'Mozilla/5.0 (Macintosh; Intel Mac OS X 10_15_7) AppleWebKit/605.1.15 (KHTML, like Gecko) Version/17.6 Safari/605.1.15', '/restaurant/orders/add', 'POST', '{\"order_id\":69,\"menu_item_id\":200,\"item_name\":\"Bò Cuộn Cải Xanh\",\"quantity\":1,\"note\":\"\"}', 'info', '2026-04-24 20:17:53');
INSERT INTO `activity_logs` VALUES ('321', 'create', 'order_item', NULL, '5', '1.55.121.249', 'Mozilla/5.0 (Macintosh; Intel Mac OS X 10_15_7) AppleWebKit/605.1.15 (KHTML, like Gecko) Version/17.6 Safari/605.1.15', '/restaurant/orders/add', 'POST', '{\"order_id\":69,\"menu_item_id\":204,\"item_name\":\"Chả Giò Hải Sản Aurora\",\"quantity\":1,\"note\":\"\"}', 'info', '2026-04-24 20:17:55');
INSERT INTO `activity_logs` VALUES ('322', 'create', 'order_item', NULL, '5', '1.55.121.249', 'Mozilla/5.0 (Macintosh; Intel Mac OS X 10_15_7) AppleWebKit/605.1.15 (KHTML, like Gecko) Version/17.6 Safari/605.1.15', '/restaurant/orders/add', 'POST', '{\"order_id\":69,\"menu_item_id\":202,\"item_name\":\"Gỏi Củ Hủ Dừa Tôm Thịt\",\"quantity\":1,\"note\":\"\"}', 'info', '2026-04-24 20:17:57');
INSERT INTO `activity_logs` VALUES ('323', 'create', 'order', '70', '5', '1.55.121.249', 'Mozilla/5.0 (Macintosh; Intel Mac OS X 10_15_7) AppleWebKit/605.1.15 (KHTML, like Gecko) Version/17.6 Safari/605.1.15', '/restaurant/tables/open', 'POST', '{\"table_id\":35,\"waiter_id\":\"5\",\"guest_count\":3,\"shift_id\":null}', 'info', '2026-04-24 20:18:10');
INSERT INTO `activity_logs` VALUES ('324', 'cancel', 'table', '35', '5', '1.55.121.249', 'Mozilla/5.0 (Macintosh; Intel Mac OS X 10_15_7) AppleWebKit/605.1.15 (KHTML, like Gecko) Version/17.6 Safari/605.1.15', '/restaurant/tables', 'GET', '{\"order_id\":\"70\",\"table_name\":\"702\",\"reason\":\"auto_cancel_no_items\",\"message\":\"Hệ thống tự động huỷ do không đặt món sau 5 phút\",\"order_source\":\"waiter\",\"waiter_id\":\"5\",\"session_id\":null}', 'notice', '2026-04-24 20:37:19');
INSERT INTO `activity_logs` VALUES ('325', 'create', 'order', '71', '5', '1.55.121.249', 'Mozilla/5.0 (Macintosh; Intel Mac OS X 10_15_7) AppleWebKit/605.1.15 (KHTML, like Gecko) Version/17.6 Safari/605.1.15', '/restaurant/tables/open', 'POST', '{\"table_id\":46,\"waiter_id\":\"5\",\"guest_count\":2,\"shift_id\":null}', 'info', '2026-04-24 20:37:37');
INSERT INTO `activity_logs` VALUES ('326', 'create', 'order_item', NULL, '5', '1.55.121.249', 'Mozilla/5.0 (Macintosh; Intel Mac OS X 10_15_7) AppleWebKit/605.1.15 (KHTML, like Gecko) Version/17.6 Safari/605.1.15', '/restaurant/orders/add', 'POST', '{\"order_id\":71,\"menu_item_id\":204,\"item_name\":\"Chả Giò Hải Sản Aurora\",\"quantity\":1,\"note\":\"\"}', 'info', '2026-04-24 20:39:24');
INSERT INTO `activity_logs` VALUES ('327', 'create', 'order_item', NULL, '5', '1.55.121.249', 'Mozilla/5.0 (Macintosh; Intel Mac OS X 10_15_7) AppleWebKit/605.1.15 (KHTML, like Gecko) Version/17.6 Safari/605.1.15', '/restaurant/orders/add', 'POST', '{\"order_id\":71,\"menu_item_id\":296,\"item_name\":\"Heineken Can Lon\",\"quantity\":1,\"note\":\"\"}', 'info', '2026-04-24 20:39:24');
INSERT INTO `activity_logs` VALUES ('328', 'logout', 'user', '5', '5', '1.55.121.249', 'Mozilla/5.0 (Macintosh; Intel Mac OS X 10_15_7) AppleWebKit/605.1.15 (KHTML, like Gecko) Version/17.6 Safari/605.1.15', '/restaurant/auth/logout', 'GET', '[]', 'info', '2026-04-24 20:41:06');
INSERT INTO `activity_logs` VALUES ('329', 'login', 'user', '2', '2', '1.55.121.249', 'Mozilla/5.0 (Macintosh; Intel Mac OS X 10_15_7) AppleWebKit/605.1.15 (KHTML, like Gecko) Version/17.6 Safari/605.1.15', '/restaurant/auth/login', 'POST', '{\"success\":true,\"reason\":\"\"}', 'info', '2026-04-24 20:41:15');
INSERT INTO `activity_logs` VALUES ('330', 'logout', 'user', '2', '2', '1.55.121.249', 'Mozilla/5.0 (Macintosh; Intel Mac OS X 10_15_7) AppleWebKit/605.1.15 (KHTML, like Gecko) Version/17.6 Safari/605.1.15', '/restaurant/auth/logout', 'GET', '[]', 'info', '2026-04-24 21:31:07');
INSERT INTO `activity_logs` VALUES ('331', 'login', 'user', '7', '7', '1.55.121.249', 'Mozilla/5.0 (Macintosh; Intel Mac OS X 10_15_7) AppleWebKit/605.1.15 (KHTML, like Gecko) Version/17.6 Safari/605.1.15', '/restaurant/auth/login', 'POST', '{\"success\":true,\"reason\":\"\"}', 'info', '2026-04-24 21:31:09');
INSERT INTO `activity_logs` VALUES ('332', 'logout', 'user', '7', '7', '1.55.121.249', 'Mozilla/5.0 (Macintosh; Intel Mac OS X 10_15_7) AppleWebKit/605.1.15 (KHTML, like Gecko) Version/17.6 Safari/605.1.15', '/restaurant/auth/logout', 'GET', '[]', 'info', '2026-04-24 21:43:44');
INSERT INTO `activity_logs` VALUES ('333', 'login', 'user', '2', '2', '1.55.121.249', 'Mozilla/5.0 (Macintosh; Intel Mac OS X 10_15_7) AppleWebKit/605.1.15 (KHTML, like Gecko) Version/17.6 Safari/605.1.15', '/restaurant/auth/login', 'POST', '{\"success\":true,\"reason\":\"\"}', 'info', '2026-04-24 21:43:47');
INSERT INTO `activity_logs` VALUES ('334', 'error', 'user', '0', NULL, '1.55.121.249', 'Mozilla/5.0 (Macintosh; Intel Mac OS X 10_15_7) AppleWebKit/537.36 (KHTML, like Gecko) Chrome/147.0.0.0 Safari/537.36', '/restaurant/auth/login', 'POST', '{\"success\":false,\"reason\":\"Invalid PIN for user: it\"}', 'warning', '2026-04-24 21:45:31');
INSERT INTO `activity_logs` VALUES ('335', 'login', 'user', '2', '2', '1.55.121.249', 'Mozilla/5.0 (Macintosh; Intel Mac OS X 10_15_7) AppleWebKit/537.36 (KHTML, like Gecko) Chrome/147.0.0.0 Safari/537.36', '/restaurant/auth/login', 'POST', '{\"success\":true,\"reason\":\"\"}', 'info', '2026-04-24 21:45:34');
INSERT INTO `activity_logs` VALUES ('336', 'logout', 'user', '2', '2', '1.55.121.249', 'Mozilla/5.0 (Macintosh; Intel Mac OS X 10_15_7) AppleWebKit/605.1.15 (KHTML, like Gecko) Version/17.6 Safari/605.1.15', '/restaurant/auth/logout', 'GET', '[]', 'info', '2026-04-24 21:48:58');
INSERT INTO `activity_logs` VALUES ('337', 'login', 'user', '5', '5', '1.55.121.249', 'Mozilla/5.0 (Macintosh; Intel Mac OS X 10_15_7) AppleWebKit/605.1.15 (KHTML, like Gecko) Version/17.6 Safari/605.1.15', '/restaurant/auth/login', 'POST', '{\"success\":true,\"reason\":\"\"}', 'info', '2026-04-24 21:49:01');
INSERT INTO `activity_logs` VALUES ('338', 'logout', 'user', '5', '5', '1.55.121.249', 'Mozilla/5.0 (Macintosh; Intel Mac OS X 10_15_7) AppleWebKit/605.1.15 (KHTML, like Gecko) Version/17.6 Safari/605.1.15', '/restaurant/auth/logout', 'GET', '[]', 'info', '2026-04-24 22:48:59');
INSERT INTO `activity_logs` VALUES ('339', 'login', 'user', '7', '7', '1.55.121.249', 'Mozilla/5.0 (Macintosh; Intel Mac OS X 10_15_7) AppleWebKit/605.1.15 (KHTML, like Gecko) Version/17.6 Safari/605.1.15', '/restaurant/auth/login', 'POST', '{\"success\":true,\"reason\":\"\"}', 'info', '2026-04-24 22:49:03');
INSERT INTO `activity_logs` VALUES ('340', 'login', 'user', '7', '7', '1.55.121.249', 'Mozilla/5.0 (Macintosh; Intel Mac OS X 10_15_7) AppleWebKit/605.1.15 (KHTML, like Gecko) Version/17.6 Safari/605.1.15', '/restaurant/auth/login', 'POST', '{\"success\":true,\"reason\":\"\"}', 'info', '2026-04-25 08:46:22');
INSERT INTO `activity_logs` VALUES ('341', 'login', 'user', '5', '5', '104.28.160.162', 'Mozilla/5.0 (Windows NT 10.0; Win64; x64) AppleWebKit/537.36 (KHTML, like Gecko) Chrome/146.0.0.0 Safari/537.36', '/restaurant/auth/login', 'POST', '{\"success\":true,\"reason\":\"\"}', 'info', '2026-04-28 11:06:40');
INSERT INTO `activity_logs` VALUES ('342', 'logout', 'user', '5', '5', '104.28.160.162', 'Mozilla/5.0 (Windows NT 10.0; Win64; x64) AppleWebKit/537.36 (KHTML, like Gecko) Chrome/146.0.0.0 Safari/537.36', '/restaurant/auth/logout', 'GET', '[]', 'info', '2026-04-28 11:11:39');
INSERT INTO `activity_logs` VALUES ('343', 'login', 'user', '7', '7', '104.28.160.162', 'Mozilla/5.0 (Windows NT 10.0; Win64; x64) AppleWebKit/537.36 (KHTML, like Gecko) Chrome/146.0.0.0 Safari/537.36', '/restaurant/auth/login', 'POST', '{\"success\":true,\"reason\":\"\"}', 'info', '2026-04-28 11:11:43');
INSERT INTO `activity_logs` VALUES ('344', 'logout', 'user', '7', '7', '104.28.160.162', 'Mozilla/5.0 (Windows NT 10.0; Win64; x64) AppleWebKit/537.36 (KHTML, like Gecko) Chrome/146.0.0.0 Safari/537.36', '/restaurant/auth/logout', 'GET', '[]', 'info', '2026-04-28 11:19:14');
INSERT INTO `activity_logs` VALUES ('345', 'login', 'user', '5', '5', '104.28.160.162', 'Mozilla/5.0 (Windows NT 10.0; Win64; x64) AppleWebKit/537.36 (KHTML, like Gecko) Chrome/146.0.0.0 Safari/537.36', '/restaurant/auth/login', 'POST', '{\"success\":true,\"reason\":\"\"}', 'info', '2026-04-28 11:19:40');
INSERT INTO `activity_logs` VALUES ('346', 'login', 'user', '2', '2', '113.161.147.9', 'Mozilla/5.0 (Macintosh; Intel Mac OS X 10_15_7) AppleWebKit/605.1.15 (KHTML, like Gecko) Version/17.6 Safari/605.1.15', '/restaurant/auth/login', 'POST', '{\"success\":true,\"reason\":\"\"}', 'info', '2026-04-28 13:41:23');
INSERT INTO `activity_logs` VALUES ('347', 'logout', 'user', '2', '2', '113.161.147.9', 'Mozilla/5.0 (Macintosh; Intel Mac OS X 10_15_7) AppleWebKit/605.1.15 (KHTML, like Gecko) Version/17.6 Safari/605.1.15', '/restaurant/auth/logout', 'GET', '[]', 'info', '2026-04-28 13:41:56');
INSERT INTO `activity_logs` VALUES ('348', 'error', 'user', '0', NULL, '113.161.147.9', 'Mozilla/5.0 (Macintosh; Intel Mac OS X 10_15_7) AppleWebKit/605.1.15 (KHTML, like Gecko) Version/17.6 Safari/605.1.15', '/restaurant/auth/login', 'POST', '{\"success\":false,\"reason\":\"Invalid PIN for user: it\"}', 'warning', '2026-04-28 13:42:02');
INSERT INTO `activity_logs` VALUES ('349', 'login', 'user', '2', '2', '113.161.147.9', 'Mozilla/5.0 (Macintosh; Intel Mac OS X 10_15_7) AppleWebKit/605.1.15 (KHTML, like Gecko) Version/17.6 Safari/605.1.15', '/restaurant/auth/login', 'POST', '{\"success\":true,\"reason\":\"\"}', 'info', '2026-04-28 13:42:05');
INSERT INTO `activity_logs` VALUES ('350', 'logout', 'user', '2', '2', '113.161.147.9', 'Mozilla/5.0 (Macintosh; Intel Mac OS X 10_15_7) AppleWebKit/605.1.15 (KHTML, like Gecko) Version/17.6 Safari/605.1.15', '/restaurant/auth/logout', 'GET', '[]', 'info', '2026-04-28 13:42:37');
INSERT INTO `activity_logs` VALUES ('351', 'login', 'user', '5', '5', '113.161.147.9', 'Mozilla/5.0 (Macintosh; Intel Mac OS X 10_15_7) AppleWebKit/605.1.15 (KHTML, like Gecko) Version/17.6 Safari/605.1.15', '/restaurant/auth/login', 'POST', '{\"success\":true,\"reason\":\"\"}', 'info', '2026-04-28 13:42:40');
INSERT INTO `activity_logs` VALUES ('352', 'login', 'user', '2', '2', '115.74.225.100', 'Mozilla/5.0 (Windows NT 10.0; Win64; x64) AppleWebKit/537.36 (KHTML, like Gecko) Chrome/147.0.0.0 Safari/537.36', '/restaurant/auth/login', 'POST', '{\"success\":true,\"reason\":\"\"}', 'info', '2026-04-28 13:49:27');
INSERT INTO `activity_logs` VALUES ('353', 'logout', 'user', '5', '5', '113.161.147.9', 'Mozilla/5.0 (Macintosh; Intel Mac OS X 10_15_7) AppleWebKit/605.1.15 (KHTML, like Gecko) Version/17.6 Safari/605.1.15', '/restaurant/auth/logout', 'GET', '[]', 'info', '2026-04-28 13:58:41');
INSERT INTO `activity_logs` VALUES ('354', 'login', 'user', '2', '2', '113.161.147.9', 'Mozilla/5.0 (Macintosh; Intel Mac OS X 10_15_7) AppleWebKit/605.1.15 (KHTML, like Gecko) Version/17.6 Safari/605.1.15', '/restaurant/auth/login', 'POST', '{\"success\":true,\"reason\":\"\"}', 'info', '2026-04-28 13:58:44');
INSERT INTO `activity_logs` VALUES ('355', 'logout', 'user', '2', '2', '118.69.64.122', 'Mozilla/5.0 (Macintosh; Intel Mac OS X 10_15_7) AppleWebKit/605.1.15 (KHTML, like Gecko) Version/17.6 Safari/605.1.15', '/restaurant/auth/logout', 'GET', '[]', 'info', '2026-04-28 14:15:26');
INSERT INTO `activity_logs` VALUES ('356', 'login', 'user', '5', '5', '118.69.64.122', 'Mozilla/5.0 (Macintosh; Intel Mac OS X 10_15_7) AppleWebKit/605.1.15 (KHTML, like Gecko) Version/17.6 Safari/605.1.15', '/restaurant/auth/login', 'POST', '{\"success\":true,\"reason\":\"\"}', 'info', '2026-04-28 14:15:29');
INSERT INTO `activity_logs` VALUES ('357', 'logout', 'user', '5', '5', '118.69.64.122', 'Mozilla/5.0 (Macintosh; Intel Mac OS X 10_15_7) AppleWebKit/605.1.15 (KHTML, like Gecko) Version/17.6 Safari/605.1.15', '/restaurant/auth/logout', 'GET', '[]', 'info', '2026-04-28 14:18:17');
INSERT INTO `activity_logs` VALUES ('358', 'error', 'user', '0', NULL, '118.69.64.122', 'Mozilla/5.0 (Macintosh; Intel Mac OS X 10_15_7) AppleWebKit/605.1.15 (KHTML, like Gecko) Version/17.6 Safari/605.1.15', '/restaurant/auth/login', 'POST', '{\"success\":false,\"reason\":\"Invalid PIN for user: it\"}', 'warning', '2026-04-28 14:18:21');
INSERT INTO `activity_logs` VALUES ('359', 'error', 'user', '0', NULL, '118.69.64.122', 'Mozilla/5.0 (Macintosh; Intel Mac OS X 10_15_7) AppleWebKit/605.1.15 (KHTML, like Gecko) Version/17.6 Safari/605.1.15', '/restaurant/auth/login', 'POST', '{\"success\":false,\"reason\":\"Invalid PIN for user: it\"}', 'warning', '2026-04-28 14:18:25');
INSERT INTO `activity_logs` VALUES ('360', 'login', 'user', '2', '2', '118.69.64.122', 'Mozilla/5.0 (Macintosh; Intel Mac OS X 10_15_7) AppleWebKit/605.1.15 (KHTML, like Gecko) Version/17.6 Safari/605.1.15', '/restaurant/auth/login', 'POST', '{\"success\":true,\"reason\":\"\"}', 'info', '2026-04-28 14:18:28');
INSERT INTO `activity_logs` VALUES ('361', 'login', 'user', '2', '2', '115.74.225.100', 'Mozilla/5.0 (Windows NT 10.0; Win64; x64) AppleWebKit/537.36 (KHTML, like Gecko) Chrome/147.0.0.0 Safari/537.36', '/restaurant/auth/login', 'POST', '{\"success\":true,\"reason\":\"\"}', 'info', '2026-05-02 18:33:50');
INSERT INTO `activity_logs` VALUES ('362', 'logout', 'user', '2', '2', '115.74.225.100', 'Mozilla/5.0 (Windows NT 10.0; Win64; x64) AppleWebKit/537.36 (KHTML, like Gecko) Chrome/147.0.0.0 Safari/537.36', '/restaurant/auth/logout', 'GET', '[]', 'info', '2026-05-02 18:34:09');
INSERT INTO `activity_logs` VALUES ('363', 'login', 'user', '5', '5', '115.74.225.100', 'Mozilla/5.0 (Windows NT 10.0; Win64; x64) AppleWebKit/537.36 (KHTML, like Gecko) Chrome/147.0.0.0 Safari/537.36', '/restaurant/auth/login', 'POST', '{\"success\":true,\"reason\":\"\"}', 'info', '2026-05-02 18:34:11');
INSERT INTO `activity_logs` VALUES ('364', 'login', 'user', '2', '2', '115.74.225.100', 'Mozilla/5.0 (Windows NT 10.0; Win64; x64) AppleWebKit/537.36 (KHTML, like Gecko) Chrome/147.0.0.0 Safari/537.36', '/restaurant/auth/login', 'POST', '{\"success\":true,\"reason\":\"\"}', 'info', '2026-05-04 08:23:02');
INSERT INTO `activity_logs` VALUES ('365', 'logout', 'user', '2', '2', '115.74.225.100', 'Mozilla/5.0 (Windows NT 10.0; Win64; x64) AppleWebKit/537.36 (KHTML, like Gecko) Chrome/147.0.0.0 Safari/537.36', '/restaurant/auth/logout', 'GET', '[]', 'info', '2026-05-04 08:23:07');
INSERT INTO `activity_logs` VALUES ('366', 'login', 'user', '5', '5', '115.74.225.100', 'Mozilla/5.0 (Windows NT 10.0; Win64; x64) AppleWebKit/537.36 (KHTML, like Gecko) Chrome/147.0.0.0 Safari/537.36', '/restaurant/auth/login', 'POST', '{\"success\":true,\"reason\":\"\"}', 'info', '2026-05-04 08:23:10');
INSERT INTO `activity_logs` VALUES ('367', 'login', 'user', '5', '5', '118.69.64.122', 'Mozilla/5.0 (Macintosh; Intel Mac OS X 10_15_7) AppleWebKit/605.1.15 (KHTML, like Gecko) Version/17.6 Safari/605.1.15', '/restaurant/auth/login', 'POST', '{\"success\":true,\"reason\":\"\"}', 'info', '2026-05-04 08:50:08');
INSERT INTO `activity_logs` VALUES ('368', 'login', 'user', '7', '7', '118.69.64.122', 'Mozilla/5.0 (Macintosh; Intel Mac OS X 10_15_7) AppleWebKit/605.1.15 (KHTML, like Gecko) Version/17.6 Safari/605.1.15', '/restaurant/auth/login', 'POST', '{\"success\":true,\"reason\":\"\"}', 'info', '2026-05-04 08:50:36');
INSERT INTO `activity_logs` VALUES ('369', 'cancel', 'table', '34', '7', '118.69.64.122', 'Mozilla/5.0 (Macintosh; Intel Mac OS X 10_15_7) AppleWebKit/605.1.15 (KHTML, like Gecko) Version/17.6 Safari/605.1.15', '/restaurant/admin/tables?type=table', 'GET', '{\"order_id\":\"76\",\"table_name\":\"701\",\"reason\":\"auto_cancel_no_items\",\"message\":\"Hệ thống tự động huỷ do không đặt món sau 5 phút\",\"order_source\":\"customer_qr\",\"waiter_id\":null,\"session_id\":\"c66acb78a612deafc30a58fe3d4ff365\"}', 'notice', '2026-05-04 09:02:38');
INSERT INTO `activity_logs` VALUES ('370', 'cancel', 'table', '40', '7', '118.69.64.122', 'Mozilla/5.0 (Macintosh; Intel Mac OS X 10_15_7) AppleWebKit/605.1.15 (KHTML, like Gecko) Version/17.6 Safari/605.1.15', '/restaurant/admin/tables?type=table', 'GET', '{\"order_id\":\"77\",\"table_name\":\"707\",\"reason\":\"auto_cancel_no_items\",\"message\":\"Hệ thống tự động huỷ do không đặt món sau 5 phút\",\"order_source\":\"customer_qr\",\"waiter_id\":null,\"session_id\":\"c66acb78a612deafc30a58fe3d4ff365\"}', 'notice', '2026-05-04 09:02:38');
INSERT INTO `activity_logs` VALUES ('371', 'login', 'user', '7', '7', '115.74.225.100', 'Mozilla/5.0 (Windows NT 10.0; Win64; x64) AppleWebKit/537.36 (KHTML, like Gecko) Chrome/147.0.0.0 Safari/537.36', '/restaurant/auth/login', 'POST', '{\"success\":true,\"reason\":\"\"}', 'info', '2026-05-04 11:33:55');
INSERT INTO `activity_logs` VALUES ('372', 'update', 'menu_item', '281', '7', '115.74.225.100', 'Mozilla/5.0 (Windows NT 10.0; Win64; x64) AppleWebKit/537.36 (KHTML, like Gecko) Chrome/147.0.0.0 Safari/537.36', '/restaurant/admin/menu/update', 'POST', '{\"category_id\":80,\"name\":\"Khoai Tây Chiên\",\"name_en\":\"French Fries\",\"description\":\"Khoai tây chiên\",\"price\":60000,\"stock\":-1,\"tags\":null,\"note_options\":null,\"note_options_en\":null,\"sort_order\":0,\"is_active\":1,\"service_type\":\"restaurant\",\"menu_type\":\"alacarte\"}', 'info', '2026-05-04 11:37:37');
INSERT INTO `activity_logs` VALUES ('373', 'update', 'menu_item', '294', '7', '115.74.225.100', 'Mozilla/5.0 (Windows NT 10.0; Win64; x64) AppleWebKit/537.36 (KHTML, like Gecko) Chrome/147.0.0.0 Safari/537.36', '/restaurant/admin/menu/update', 'POST', '{\"category_id\":83,\"name\":\"Tiger Can Lon\",\"name_en\":\"Tiger\",\"description\":\"Bia Tiger can lon\",\"price\":35640,\"stock\":-1,\"tags\":null,\"note_options\":null,\"note_options_en\":null,\"sort_order\":0,\"is_active\":1,\"service_type\":\"both\",\"menu_type\":\"other\"}', 'info', '2026-05-04 11:40:18');
INSERT INTO `activity_logs` VALUES ('374', 'update', 'menu_item', '296', '7', '115.74.225.100', 'Mozilla/5.0 (Windows NT 10.0; Win64; x64) AppleWebKit/537.36 (KHTML, like Gecko) Chrome/147.0.0.0 Safari/537.36', '/restaurant/admin/menu/update', 'POST', '{\"category_id\":83,\"name\":\"Heineken Can Lon\",\"name_en\":\"Heineken\",\"description\":\"Bia Heineken can lon\",\"price\":39960,\"stock\":-1,\"tags\":null,\"note_options\":null,\"note_options_en\":null,\"sort_order\":0,\"is_active\":1,\"service_type\":\"both\",\"menu_type\":\"other\"}', 'info', '2026-05-04 11:40:41');
INSERT INTO `activity_logs` VALUES ('375', 'update', 'menu_item', '297', '7', '115.74.225.100', 'Mozilla/5.0 (Windows NT 10.0; Win64; x64) AppleWebKit/537.36 (KHTML, like Gecko) Chrome/147.0.0.0 Safari/537.36', '/restaurant/admin/menu/update', 'POST', '{\"category_id\":83,\"name\":\"Heineken Silver Can Lon\",\"name_en\":\"Heineken Silver\",\"description\":\"Bia Heineken Silver can lon\",\"price\":43200,\"stock\":-1,\"tags\":null,\"note_options\":null,\"note_options_en\":null,\"sort_order\":0,\"is_active\":1,\"service_type\":\"both\",\"menu_type\":\"other\"}', 'info', '2026-05-04 11:41:12');
INSERT INTO `activity_logs` VALUES ('376', 'update', 'menu_item', '295', '7', '115.74.225.100', 'Mozilla/5.0 (Windows NT 10.0; Win64; x64) AppleWebKit/537.36 (KHTML, like Gecko) Chrome/147.0.0.0 Safari/537.36', '/restaurant/admin/menu/update', 'POST', '{\"category_id\":83,\"name\":\"Tiger Silver Can Lon\",\"name_en\":\"Tiger Silver\",\"description\":\"Bia Tiger Silver can lon\",\"price\":37800,\"stock\":-1,\"tags\":null,\"note_options\":null,\"note_options_en\":null,\"sort_order\":0,\"is_active\":1,\"service_type\":\"both\",\"menu_type\":\"other\"}', 'info', '2026-05-04 11:41:51');
INSERT INTO `activity_logs` VALUES ('377', 'update', 'menu_item', '299', '7', '115.74.225.100', 'Mozilla/5.0 (Windows NT 10.0; Win64; x64) AppleWebKit/537.36 (KHTML, like Gecko) Chrome/147.0.0.0 Safari/537.36', '/restaurant/admin/menu/update', 'POST', '{\"category_id\":84,\"name\":\"7 Up\",\"name_en\":\"7 Up\",\"description\":\"Nước ngọt 7 Up\",\"price\":29160,\"stock\":-1,\"tags\":null,\"note_options\":null,\"note_options_en\":null,\"sort_order\":0,\"is_active\":1,\"service_type\":\"both\",\"menu_type\":\"other\"}', 'info', '2026-05-04 11:42:25');
INSERT INTO `activity_logs` VALUES ('378', 'update', 'menu_item', '254', '7', '115.74.225.100', 'Mozilla/5.0 (Windows NT 10.0; Win64; x64) AppleWebKit/537.36 (KHTML, like Gecko) Chrome/147.0.0.0 Safari/537.36', '/restaurant/admin/menu/update', 'POST', '{\"category_id\":76,\"name\":\"Spaghetti Bolognese\",\"name_en\":\"Spaghetti Bolognese\",\"description\":\"Mì Ý sốt bò bằm\",\"price\":258120,\"stock\":-1,\"tags\":null,\"note_options\":null,\"note_options_en\":null,\"sort_order\":0,\"is_active\":1,\"service_type\":\"restaurant\",\"menu_type\":\"europe\"}', 'info', '2026-05-04 11:43:59');
INSERT INTO `activity_logs` VALUES ('379', 'update', 'menu_item', '255', '7', '115.74.225.100', 'Mozilla/5.0 (Windows NT 10.0; Win64; x64) AppleWebKit/537.36 (KHTML, like Gecko) Chrome/147.0.0.0 Safari/537.36', '/restaurant/admin/menu/update', 'POST', '{\"category_id\":76,\"name\":\"Spaghetti Carbonara\",\"name_en\":\"Spaghetti Carbonara\",\"description\":\"Mì Ý sốt kem\",\"price\":227880,\"stock\":-1,\"tags\":null,\"note_options\":null,\"note_options_en\":null,\"sort_order\":0,\"is_active\":1,\"service_type\":\"restaurant\",\"menu_type\":\"europe\"}', 'info', '2026-05-04 11:44:14');
INSERT INTO `activity_logs` VALUES ('380', 'update', 'menu_item', '256', '7', '115.74.225.100', 'Mozilla/5.0 (Windows NT 10.0; Win64; x64) AppleWebKit/537.36 (KHTML, like Gecko) Chrome/147.0.0.0 Safari/537.36', '/restaurant/admin/menu/update', 'POST', '{\"category_id\":76,\"name\":\"Spaghetti Marinara\",\"name_en\":\"Spaghetti Marinara\",\"description\":\"Mì Ý sốt hải sản\",\"price\":305640,\"stock\":-1,\"tags\":null,\"note_options\":null,\"note_options_en\":null,\"sort_order\":0,\"is_active\":1,\"service_type\":\"restaurant\",\"menu_type\":\"europe\"}', 'info', '2026-05-04 11:44:42');
INSERT INTO `activity_logs` VALUES ('381', 'delete', 'menu_item', '261', '7', '115.74.225.100', 'Mozilla/5.0 (Windows NT 10.0; Win64; x64) AppleWebKit/537.36 (KHTML, like Gecko) Chrome/147.0.0.0 Safari/537.36', '/restaurant/admin/menu/delete', 'POST', '{\"reason\":\"not_in_use\"}', 'info', '2026-05-04 11:45:02');
INSERT INTO `activity_logs` VALUES ('382', 'update', 'menu_item', '259', '7', '115.74.225.100', 'Mozilla/5.0 (Windows NT 10.0; Win64; x64) AppleWebKit/537.36 (KHTML, like Gecko) Chrome/147.0.0.0 Safari/537.36', '/restaurant/admin/menu/update', 'POST', '{\"category_id\":77,\"name\":\"Burger Bò\",\"name_en\":\"Beef Burger\",\"description\":\"Burger bò\",\"price\":258120,\"stock\":-1,\"tags\":null,\"note_options\":null,\"note_options_en\":null,\"sort_order\":0,\"is_active\":1,\"service_type\":\"restaurant\",\"menu_type\":\"europe\"}', 'info', '2026-05-04 11:45:49');
INSERT INTO `activity_logs` VALUES ('383', 'update', 'menu_item', '257', '7', '115.74.225.100', 'Mozilla/5.0 (Windows NT 10.0; Win64; x64) AppleWebKit/537.36 (KHTML, like Gecko) Chrome/147.0.0.0 Safari/537.36', '/restaurant/admin/menu/update', 'POST', '{\"category_id\":77,\"name\":\"Bánh Mì Sandwich Kẹp Phô Mai Thịt Nguội\",\"name_en\":\"Ham Cheese Sandwich\",\"description\":\"Bánh mì sandwich kẹp phô mai thịt nguội\",\"price\":209520,\"stock\":-1,\"tags\":null,\"note_options\":null,\"note_options_en\":null,\"sort_order\":0,\"is_active\":1,\"service_type\":\"restaurant\",\"menu_type\":\"europe\"}', 'info', '2026-05-04 11:46:09');
INSERT INTO `activity_logs` VALUES ('384', 'update', 'menu_item', '258', '7', '115.74.225.100', 'Mozilla/5.0 (Windows NT 10.0; Win64; x64) AppleWebKit/537.36 (KHTML, like Gecko) Chrome/147.0.0.0 Safari/537.36', '/restaurant/admin/menu/update', 'POST', '{\"category_id\":77,\"name\":\"Bánh Mì Sandwich Thập Cẩm\",\"name_en\":\"Club Sandwich\",\"description\":\"Bánh mì sandwich thập cẩm\",\"price\":251640,\"stock\":-1,\"tags\":null,\"note_options\":null,\"note_options_en\":null,\"sort_order\":0,\"is_active\":1,\"service_type\":\"restaurant\",\"menu_type\":\"europe\"}', 'info', '2026-05-04 11:46:34');
INSERT INTO `activity_logs` VALUES ('385', 'delete', 'menu_item', '260', '7', '115.74.225.100', 'Mozilla/5.0 (Windows NT 10.0; Win64; x64) AppleWebKit/537.36 (KHTML, like Gecko) Chrome/147.0.0.0 Safari/537.36', '/restaurant/admin/menu/delete', 'POST', '{\"reason\":\"not_in_use\"}', 'info', '2026-05-04 11:46:52');
INSERT INTO `activity_logs` VALUES ('386', 'update', 'menu_item', '222', '7', '115.74.225.100', 'Mozilla/5.0 (Windows NT 10.0; Win64; x64) AppleWebKit/537.36 (KHTML, like Gecko) Chrome/147.0.0.0 Safari/537.36', '/restaurant/admin/menu/update', 'POST', '{\"category_id\":71,\"name\":\"Cơm Chiên Cá Mặn Gà Xé\",\"name_en\":\"Fried Rice with Salted Fish & Shredded Chicken\",\"description\":\"Cơm chiên cá mặn gà xé\",\"price\":131760,\"stock\":-1,\"tags\":null,\"note_options\":null,\"note_options_en\":null,\"sort_order\":0,\"is_active\":1,\"service_type\":\"restaurant\",\"menu_type\":\"asia\"}', 'info', '2026-05-04 11:47:22');
INSERT INTO `activity_logs` VALUES ('387', 'delete', 'menu_item', '226', '7', '115.74.225.100', 'Mozilla/5.0 (Windows NT 10.0; Win64; x64) AppleWebKit/537.36 (KHTML, like Gecko) Chrome/147.0.0.0 Safari/537.36', '/restaurant/admin/menu/delete', 'POST', '{\"reason\":\"not_in_use\"}', 'info', '2026-05-04 11:47:34');
INSERT INTO `activity_logs` VALUES ('388', 'delete', 'menu_item', '227', '7', '115.74.225.100', 'Mozilla/5.0 (Windows NT 10.0; Win64; x64) AppleWebKit/537.36 (KHTML, like Gecko) Chrome/147.0.0.0 Safari/537.36', '/restaurant/admin/menu/delete', 'POST', '{\"reason\":\"not_in_use\"}', 'info', '2026-05-04 11:47:40');
INSERT INTO `activity_logs` VALUES ('389', 'update', 'menu_item', '223', '7', '115.74.225.100', 'Mozilla/5.0 (Windows NT 10.0; Win64; x64) AppleWebKit/537.36 (KHTML, like Gecko) Chrome/147.0.0.0 Safari/537.36', '/restaurant/admin/menu/update', 'POST', '{\"category_id\":71,\"name\":\"Cơm Chiên Hải Sản Kim Sa\",\"name_en\":\"Seafood Fried Rice with Salted Egg\",\"description\":\"Cơm chiên hải sản kim sa\",\"price\":162000,\"stock\":-1,\"tags\":null,\"note_options\":null,\"note_options_en\":null,\"sort_order\":0,\"is_active\":1,\"service_type\":\"restaurant\",\"menu_type\":\"asia\"}', 'info', '2026-05-04 11:47:53');
INSERT INTO `activity_logs` VALUES ('390', 'delete', 'menu_item', '228', '7', '115.74.225.100', 'Mozilla/5.0 (Windows NT 10.0; Win64; x64) AppleWebKit/537.36 (KHTML, like Gecko) Chrome/147.0.0.0 Safari/537.36', '/restaurant/admin/menu/delete', 'POST', '{\"reason\":\"not_in_use\"}', 'info', '2026-05-04 11:47:58');
INSERT INTO `activity_logs` VALUES ('391', 'update', 'menu_item', '224', '7', '115.74.225.100', 'Mozilla/5.0 (Windows NT 10.0; Win64; x64) AppleWebKit/537.36 (KHTML, like Gecko) Chrome/147.0.0.0 Safari/537.36', '/restaurant/admin/menu/update', 'POST', '{\"category_id\":71,\"name\":\"Cơm Chiên Thịt Xá Xíu Xốt XO\",\"name_en\":\"Fried Rice with Char Siu & XO Sauce\",\"description\":\"Cơm chiên thịt xá xíu xốt XO\",\"price\":162000,\"stock\":-1,\"tags\":null,\"note_options\":null,\"note_options_en\":null,\"sort_order\":0,\"is_active\":1,\"service_type\":\"restaurant\",\"menu_type\":\"asia\"}', 'info', '2026-05-04 11:48:10');
INSERT INTO `activity_logs` VALUES ('392', 'delete', 'menu_item', '284', '7', '115.74.225.100', 'Mozilla/5.0 (Windows NT 10.0; Win64; x64) AppleWebKit/537.36 (KHTML, like Gecko) Chrome/147.0.0.0 Safari/537.36', '/restaurant/admin/menu/delete', 'POST', '{\"reason\":\"not_in_use\"}', 'info', '2026-05-04 11:49:20');
INSERT INTO `activity_logs` VALUES ('393', 'delete', 'menu_item', '220', '7', '115.74.225.100', 'Mozilla/5.0 (Windows NT 10.0; Win64; x64) AppleWebKit/537.36 (KHTML, like Gecko) Chrome/147.0.0.0 Safari/537.36', '/restaurant/admin/menu/delete', 'POST', '{\"reason\":\"not_in_use\"}', 'info', '2026-05-04 11:49:50');
INSERT INTO `activity_logs` VALUES ('394', 'delete', 'menu_item', '225', '7', '115.74.225.100', 'Mozilla/5.0 (Windows NT 10.0; Win64; x64) AppleWebKit/537.36 (KHTML, like Gecko) Chrome/147.0.0.0 Safari/537.36', '/restaurant/admin/menu/delete', 'POST', '{\"reason\":\"not_in_use\"}', 'info', '2026-05-04 11:49:58');
INSERT INTO `activity_logs` VALUES ('395', 'delete', 'menu_item', '221', '7', '115.74.225.100', 'Mozilla/5.0 (Windows NT 10.0; Win64; x64) AppleWebKit/537.36 (KHTML, like Gecko) Chrome/147.0.0.0 Safari/537.36', '/restaurant/admin/menu/delete', 'POST', '{\"reason\":\"not_in_use\"}', 'info', '2026-05-04 11:50:05');
INSERT INTO `activity_logs` VALUES ('396', 'update', 'menu_item', '298', '7', '115.74.225.100', 'Mozilla/5.0 (Windows NT 10.0; Win64; x64) AppleWebKit/537.36 (KHTML, like Gecko) Chrome/147.0.0.0 Safari/537.36', '/restaurant/admin/menu/update', 'POST', '{\"category_id\":84,\"name\":\"Pepsi\",\"name_en\":\"Pepsi\",\"description\":\"Nước ngọt Pepsi\",\"price\":29160,\"stock\":-1,\"tags\":null,\"note_options\":null,\"note_options_en\":null,\"sort_order\":0,\"is_active\":1,\"service_type\":\"both\",\"menu_type\":\"other\"}', 'info', '2026-05-04 11:50:37');
INSERT INTO `activity_logs` VALUES ('397', 'delete', 'menu_item', '300', '7', '115.74.225.100', 'Mozilla/5.0 (Windows NT 10.0; Win64; x64) AppleWebKit/537.36 (KHTML, like Gecko) Chrome/147.0.0.0 Safari/537.36', '/restaurant/admin/menu/delete', 'POST', '{\"reason\":\"not_in_use\"}', 'info', '2026-05-04 11:50:50');
INSERT INTO `activity_logs` VALUES ('398', 'delete', 'menu_item', '219', '7', '115.74.225.100', 'Mozilla/5.0 (Windows NT 10.0; Win64; x64) AppleWebKit/537.36 (KHTML, like Gecko) Chrome/147.0.0.0 Safari/537.36', '/restaurant/admin/menu/delete', 'POST', '{\"reason\":\"not_in_use\"}', 'info', '2026-05-04 11:51:28');
INSERT INTO `activity_logs` VALUES ('399', 'delete', 'menu_item', '302', '7', '115.74.225.100', 'Mozilla/5.0 (Windows NT 10.0; Win64; x64) AppleWebKit/537.36 (KHTML, like Gecko) Chrome/147.0.0.0 Safari/537.36', '/restaurant/admin/menu/delete', 'POST', '{\"reason\":\"not_in_use\"}', 'info', '2026-05-04 11:51:35');
INSERT INTO `activity_logs` VALUES ('400', 'update', 'menu_item', '301', '7', '115.74.225.100', 'Mozilla/5.0 (Windows NT 10.0; Win64; x64) AppleWebKit/537.36 (KHTML, like Gecko) Chrome/147.0.0.0 Safari/537.36', '/restaurant/admin/menu/update', 'POST', '{\"category_id\":85,\"name\":\"Aquafina 500ml\",\"name_en\":\"Aquafina 500ml\",\"description\":\"Nước suối Aquafina 500ml\",\"price\":23760,\"stock\":-1,\"tags\":null,\"note_options\":null,\"note_options_en\":null,\"sort_order\":0,\"is_active\":1,\"service_type\":\"both\",\"menu_type\":\"other\"}', 'info', '2026-05-04 11:51:58');
INSERT INTO `activity_logs` VALUES ('401', 'update', 'menu_item', '231', '7', '115.74.225.100', 'Mozilla/5.0 (Windows NT 10.0; Win64; x64) AppleWebKit/537.36 (KHTML, like Gecko) Chrome/147.0.0.0 Safari/537.36', '/restaurant/admin/menu/update', 'POST', '{\"category_id\":72,\"name\":\"Bún Cá Hà Nội\",\"name_en\":\"Vietnamese Fish Noodle Soup\",\"description\":\"Bún cá Hà Nội\",\"price\":102600,\"stock\":-1,\"tags\":null,\"note_options\":null,\"note_options_en\":null,\"sort_order\":0,\"is_active\":1,\"service_type\":\"restaurant\",\"menu_type\":\"asia\"}', 'info', '2026-05-04 11:53:11');
INSERT INTO `activity_logs` VALUES ('402', 'update', 'menu_item', '229', '7', '115.74.225.100', 'Mozilla/5.0 (Windows NT 10.0; Win64; x64) AppleWebKit/537.36 (KHTML, like Gecko) Chrome/147.0.0.0 Safari/537.36', '/restaurant/admin/menu/update', 'POST', '{\"category_id\":72,\"name\":\"Bún Mọc Măng Dọc Mùng\",\"name_en\":\"Vietnamese Colocasia Gigantea Noodle Soup\",\"description\":\"Bún mọc măng dọc mùng\",\"price\":102600,\"stock\":-1,\"tags\":null,\"note_options\":null,\"note_options_en\":null,\"sort_order\":0,\"is_active\":1,\"service_type\":\"restaurant\",\"menu_type\":\"asia\"}', 'info', '2026-05-04 11:53:29');
INSERT INTO `activity_logs` VALUES ('403', 'update', 'menu_item', '230', '7', '115.74.225.100', 'Mozilla/5.0 (Windows NT 10.0; Win64; x64) AppleWebKit/537.36 (KHTML, like Gecko) Chrome/147.0.0.0 Safari/537.36', '/restaurant/admin/menu/update', 'POST', '{\"category_id\":72,\"name\":\"Bún Ốc Hà Nội\",\"name_en\":\"Vietnamese Noodle Soup with Snail\",\"description\":\"Bún ốc Hà Nội\",\"price\":102600,\"stock\":-1,\"tags\":null,\"note_options\":null,\"note_options_en\":null,\"sort_order\":0,\"is_active\":1,\"service_type\":\"restaurant\",\"menu_type\":\"asia\"}', 'info', '2026-05-04 11:53:41');
INSERT INTO `activity_logs` VALUES ('404', 'update', 'menu_item', '232', '7', '115.74.225.100', 'Mozilla/5.0 (Windows NT 10.0; Win64; x64) AppleWebKit/537.36 (KHTML, like Gecko) Chrome/147.0.0.0 Safari/537.36', '/restaurant/admin/menu/update', 'POST', '{\"category_id\":72,\"name\":\"Bún Xào Singapore\",\"name_en\":\"Stir Fried Rice Noodle Singapore Style\",\"description\":\"Bún xào Singapore\",\"price\":221400,\"stock\":-1,\"tags\":null,\"note_options\":null,\"note_options_en\":null,\"sort_order\":0,\"is_active\":1,\"service_type\":\"restaurant\",\"menu_type\":\"asia\"}', 'info', '2026-05-04 11:54:15');
INSERT INTO `activity_logs` VALUES ('405', 'delete', 'menu_item', '237', '7', '115.74.225.100', 'Mozilla/5.0 (Windows NT 10.0; Win64; x64) AppleWebKit/537.36 (KHTML, like Gecko) Chrome/147.0.0.0 Safari/537.36', '/restaurant/admin/menu/delete', 'POST', '{\"reason\":\"not_in_use\"}', 'info', '2026-05-04 11:54:54');
INSERT INTO `activity_logs` VALUES ('406', 'delete', 'menu_item', '266', '7', '115.74.225.100', 'Mozilla/5.0 (Windows NT 10.0; Win64; x64) AppleWebKit/537.36 (KHTML, like Gecko) Chrome/147.0.0.0 Safari/537.36', '/restaurant/admin/menu/delete', 'POST', '{\"reason\":\"not_in_use\"}', 'info', '2026-05-04 11:55:18');
INSERT INTO `activity_logs` VALUES ('407', 'update', 'menu_item', '262', '7', '115.74.225.100', 'Mozilla/5.0 (Windows NT 10.0; Win64; x64) AppleWebKit/537.36 (KHTML, like Gecko) Chrome/147.0.0.0 Safari/537.36', '/restaurant/admin/menu/update', 'POST', '{\"category_id\":78,\"name\":\"Cá Hồi Nướng Xốt Nấm Hoặc Xốt Tiêu\",\"name_en\":\"Grilled Salmon with Mushroom Sauce or Pepper Sauce\",\"description\":\"Cá hồi nướng xốt nấm hoặc xốt tiêu\",\"price\":569160,\"stock\":-1,\"tags\":null,\"note_options\":null,\"note_options_en\":null,\"sort_order\":0,\"is_active\":1,\"service_type\":\"restaurant\",\"menu_type\":\"europe\"}', 'info', '2026-05-04 11:55:31');
INSERT INTO `activity_logs` VALUES ('408', 'delete', 'menu_item', '240', '7', '115.74.225.100', 'Mozilla/5.0 (Windows NT 10.0; Win64; x64) AppleWebKit/537.36 (KHTML, like Gecko) Chrome/147.0.0.0 Safari/537.36', '/restaurant/admin/menu/delete', 'POST', '{\"reason\":\"not_in_use\"}', 'info', '2026-05-04 11:55:41');
INSERT INTO `activity_logs` VALUES ('409', 'update', 'menu_item', '236', '7', '115.74.225.100', 'Mozilla/5.0 (Windows NT 10.0; Win64; x64) AppleWebKit/537.36 (KHTML, like Gecko) Chrome/147.0.0.0 Safari/537.36', '/restaurant/admin/menu/update', 'POST', '{\"category_id\":72,\"name\":\"Mì Xào Hải Sản\",\"name_en\":\"Stir Fried Yellow Noodle with Seafood\",\"description\":\"Mì xào hải sản\",\"price\":227880,\"stock\":-1,\"tags\":null,\"note_options\":null,\"note_options_en\":null,\"sort_order\":0,\"is_active\":1,\"service_type\":\"restaurant\",\"menu_type\":\"asia\"}', 'info', '2026-05-04 11:56:33');
INSERT INTO `activity_logs` VALUES ('410', 'update', 'menu_item', '235', '7', '115.74.225.100', 'Mozilla/5.0 (Windows NT 10.0; Win64; x64) AppleWebKit/537.36 (KHTML, like Gecko) Chrome/147.0.0.0 Safari/537.36', '/restaurant/admin/menu/update', 'POST', '{\"category_id\":72,\"name\":\"Mì Xào Thịt Bò\",\"name_en\":\"Stir Fried Yellow Noodle with Beef\",\"description\":\"Mì xào thịt bò\",\"price\":227880,\"stock\":-1,\"tags\":null,\"note_options\":null,\"note_options_en\":null,\"sort_order\":0,\"is_active\":1,\"service_type\":\"restaurant\",\"menu_type\":\"asia\"}', 'info', '2026-05-04 11:56:45');
INSERT INTO `activity_logs` VALUES ('411', 'delete', 'menu_item', '238', '7', '115.74.225.100', 'Mozilla/5.0 (Windows NT 10.0; Win64; x64) AppleWebKit/537.36 (KHTML, like Gecko) Chrome/147.0.0.0 Safari/537.36', '/restaurant/admin/menu/delete', 'POST', '{\"reason\":\"not_in_use\"}', 'info', '2026-05-04 11:56:51');
INSERT INTO `activity_logs` VALUES ('412', 'update', 'menu_item', '234', '7', '115.74.225.100', 'Mozilla/5.0 (Windows NT 10.0; Win64; x64) AppleWebKit/537.36 (KHTML, like Gecko) Chrome/147.0.0.0 Safari/537.36', '/restaurant/admin/menu/update', 'POST', '{\"category_id\":72,\"name\":\"Mì Xào Tôm\",\"name_en\":\"Stir Fried Yellow Noodle with Shrimp\",\"description\":\"Mì xào tôm\",\"price\":192240,\"stock\":-1,\"tags\":null,\"note_options\":null,\"note_options_en\":null,\"sort_order\":0,\"is_active\":1,\"service_type\":\"restaurant\",\"menu_type\":\"asia\"}', 'info', '2026-05-04 11:57:59');
INSERT INTO `activity_logs` VALUES ('413', 'delete', 'menu_item', '239', '7', '115.74.225.100', 'Mozilla/5.0 (Windows NT 10.0; Win64; x64) AppleWebKit/537.36 (KHTML, like Gecko) Chrome/147.0.0.0 Safari/537.36', '/restaurant/admin/menu/delete', 'POST', '{\"reason\":\"not_in_use\"}', 'info', '2026-05-04 11:58:18');
INSERT INTO `activity_logs` VALUES ('414', 'update', 'menu_item', '233', '7', '115.74.225.100', 'Mozilla/5.0 (Windows NT 10.0; Win64; x64) AppleWebKit/537.36 (KHTML, like Gecko) Chrome/147.0.0.0 Safari/537.36', '/restaurant/admin/menu/update', 'POST', '{\"category_id\":72,\"name\":\"Miến Xào Hàn Quốc\",\"name_en\":\"Stir Fried Vermicelli with Beef & Vegetables\",\"description\":\"Miến xào Hàn Quốc\",\"price\":281880,\"stock\":-1,\"tags\":null,\"note_options\":null,\"note_options_en\":null,\"sort_order\":0,\"is_active\":1,\"service_type\":\"restaurant\",\"menu_type\":\"asia\"}', 'info', '2026-05-04 11:58:57');
INSERT INTO `activity_logs` VALUES ('415', 'error', 'user', '0', NULL, '118.69.64.122', 'Mozilla/5.0 (Windows NT 10.0; Win64; x64) AppleWebKit/537.36 (KHTML, like Gecko) Chrome/147.0.0.0 Safari/537.36', '/restaurant/auth/login', 'POST', '{\"success\":false,\"reason\":\"Invalid PIN for user: it\"}', 'warning', '2026-05-04 16:06:39');
INSERT INTO `activity_logs` VALUES ('416', 'login', 'user', '2', '2', '118.69.64.122', 'Mozilla/5.0 (Windows NT 10.0; Win64; x64) AppleWebKit/537.36 (KHTML, like Gecko) Chrome/147.0.0.0 Safari/537.36', '/restaurant/auth/login', 'POST', '{\"success\":true,\"reason\":\"\"}', 'info', '2026-05-04 16:06:43');
INSERT INTO `activity_logs` VALUES ('417', 'logout', 'user', '2', '2', '118.69.64.122', 'Mozilla/5.0 (Windows NT 10.0; Win64; x64) AppleWebKit/537.36 (KHTML, like Gecko) Chrome/147.0.0.0 Safari/537.36', '/restaurant/auth/logout', 'GET', '[]', 'info', '2026-05-04 16:07:07');
INSERT INTO `activity_logs` VALUES ('418', 'login', 'user', '5', '5', '118.69.64.122', 'Mozilla/5.0 (Windows NT 10.0; Win64; x64) AppleWebKit/537.36 (KHTML, like Gecko) Chrome/147.0.0.0 Safari/537.36', '/restaurant/auth/login', 'POST', '{\"success\":true,\"reason\":\"\"}', 'info', '2026-05-04 16:07:10');
INSERT INTO `activity_logs` VALUES ('419', 'logout', 'user', '5', '5', '118.69.64.122', 'Mozilla/5.0 (Windows NT 10.0; Win64; x64) AppleWebKit/537.36 (KHTML, like Gecko) Chrome/147.0.0.0 Safari/537.36', '/restaurant/auth/logout', 'GET', '[]', 'info', '2026-05-04 16:08:14');
INSERT INTO `activity_logs` VALUES ('420', 'error', 'user', '0', NULL, '118.69.64.122', 'Mozilla/5.0 (Windows NT 10.0; Win64; x64) AppleWebKit/537.36 (KHTML, like Gecko) Chrome/147.0.0.0 Safari/537.36', '/restaurant/auth/login', 'POST', '{\"success\":false,\"reason\":\"Invalid PIN for user: admin01\"}', 'warning', '2026-05-04 16:08:19');
INSERT INTO `activity_logs` VALUES ('421', 'login', 'user', '7', '7', '118.69.64.122', 'Mozilla/5.0 (Windows NT 10.0; Win64; x64) AppleWebKit/537.36 (KHTML, like Gecko) Chrome/147.0.0.0 Safari/537.36', '/restaurant/auth/login', 'POST', '{\"success\":true,\"reason\":\"\"}', 'info', '2026-05-04 16:08:21');
INSERT INTO `activity_logs` VALUES ('422', 'login', 'user', '7', '7', '115.74.225.100', 'Mozilla/5.0 (Windows NT 10.0; Win64; x64) AppleWebKit/537.36 (KHTML, like Gecko) Chrome/147.0.0.0 Safari/537.36', '/restaurant/auth/login', 'POST', '{\"success\":true,\"reason\":\"\"}', 'info', '2026-05-05 06:55:08');
INSERT INTO `activity_logs` VALUES ('423', 'delete', 'menu_item', '303', '7', '115.74.225.100', 'Mozilla/5.0 (Windows NT 10.0; Win64; x64) AppleWebKit/537.36 (KHTML, like Gecko) Chrome/147.0.0.0 Safari/537.36', '/restaurant/admin/menu/delete', 'POST', '{\"reason\":\"not_in_use\"}', 'info', '2026-05-05 06:55:33');
INSERT INTO `activity_logs` VALUES ('424', 'update', 'menu_item', '265', '7', '115.74.225.100', 'Mozilla/5.0 (Windows NT 10.0; Win64; x64) AppleWebKit/537.36 (KHTML, like Gecko) Chrome/147.0.0.0 Safari/537.36', '/restaurant/admin/menu/update', 'POST', '{\"category_id\":78,\"name\":\"Thăn Bò Áp Chảo Xốt Nấm Hoặc Xốt Tiêu\",\"name_en\":\"Roasted Beef Tenderloin with Mushroom Sauce or Pepper Sauce\",\"description\":\"Thăn bò áp chảo xốt nấm hoặc xốt tiêu\",\"price\":426600,\"stock\":-1,\"tags\":null,\"note_options\":null,\"note_options_en\":null,\"sort_order\":0,\"is_active\":1,\"service_type\":\"restaurant\",\"menu_type\":\"europe\"}', 'info', '2026-05-05 06:56:09');
INSERT INTO `activity_logs` VALUES ('425', 'delete', 'menu_item', '268', '7', '115.74.225.100', 'Mozilla/5.0 (Windows NT 10.0; Win64; x64) AppleWebKit/537.36 (KHTML, like Gecko) Chrome/147.0.0.0 Safari/537.36', '/restaurant/admin/menu/delete', 'POST', '{\"reason\":\"not_in_use\"}', 'info', '2026-05-05 06:56:18');
INSERT INTO `activity_logs` VALUES ('426', 'update', 'menu_item', '264', '7', '115.74.225.100', 'Mozilla/5.0 (Windows NT 10.0; Win64; x64) AppleWebKit/537.36 (KHTML, like Gecko) Chrome/147.0.0.0 Safari/537.36', '/restaurant/admin/menu/update', 'POST', '{\"category_id\":78,\"name\":\"Ức Gà Nướng Xốt Nấm\",\"name_en\":\"Grilled Chicken Breast with Mushroom Sauce\",\"description\":\"Ức gà nướng xốt nấm\",\"price\":185760,\"stock\":-1,\"tags\":null,\"note_options\":null,\"note_options_en\":null,\"sort_order\":0,\"is_active\":1,\"service_type\":\"restaurant\",\"menu_type\":\"europe\"}', 'info', '2026-05-05 06:56:48');
INSERT INTO `activity_logs` VALUES ('427', 'update', 'menu_item', '263', '7', '115.74.225.100', 'Mozilla/5.0 (Windows NT 10.0; Win64; x64) AppleWebKit/537.36 (KHTML, like Gecko) Chrome/147.0.0.0 Safari/537.36', '/restaurant/admin/menu/update', 'POST', '{\"category_id\":78,\"name\":\"Ức Vịt Xông Khói Xốt Samba\",\"name_en\":\"Smoked Duck Breast with Samba Sauce\",\"description\":\"Ức vịt xông khói xốt samba\",\"price\":245160,\"stock\":-1,\"tags\":null,\"note_options\":null,\"note_options_en\":null,\"sort_order\":0,\"is_active\":1,\"service_type\":\"restaurant\",\"menu_type\":\"europe\"}', 'info', '2026-05-05 06:57:14');
INSERT INTO `activity_logs` VALUES ('428', 'delete', 'menu_item', '267', '7', '115.74.225.100', 'Mozilla/5.0 (Windows NT 10.0; Win64; x64) AppleWebKit/537.36 (KHTML, like Gecko) Chrome/147.0.0.0 Safari/537.36', '/restaurant/admin/menu/delete', 'POST', '{\"reason\":\"not_in_use\"}', 'info', '2026-05-05 06:57:21');
INSERT INTO `activity_logs` VALUES ('429', 'update', 'menu_item', '241', '7', '115.74.225.100', 'Mozilla/5.0 (Windows NT 10.0; Win64; x64) AppleWebKit/537.36 (KHTML, like Gecko) Chrome/147.0.0.0 Safari/537.36', '/restaurant/admin/menu/update', 'POST', '{\"category_id\":73,\"name\":\"Cháo Bò Bằm\",\"name_en\":\"Rice Porridge with Minced Beef\",\"description\":\"Cháo bò bằm\",\"price\":131760,\"stock\":-1,\"tags\":null,\"note_options\":null,\"note_options_en\":null,\"sort_order\":0,\"is_active\":1,\"service_type\":\"restaurant\",\"menu_type\":\"asia\"}', 'info', '2026-05-05 06:57:43');
INSERT INTO `activity_logs` VALUES ('430', 'delete', 'menu_item', '244', '7', '115.74.225.100', 'Mozilla/5.0 (Windows NT 10.0; Win64; x64) AppleWebKit/537.36 (KHTML, like Gecko) Chrome/147.0.0.0 Safari/537.36', '/restaurant/admin/menu/delete', 'POST', '{\"reason\":\"not_in_use\"}', 'info', '2026-05-05 06:58:26');
INSERT INTO `activity_logs` VALUES ('431', 'update', 'menu_item', '243', '7', '115.74.225.100', 'Mozilla/5.0 (Windows NT 10.0; Win64; x64) AppleWebKit/537.36 (KHTML, like Gecko) Chrome/147.0.0.0 Safari/537.36', '/restaurant/admin/menu/update', 'POST', '{\"category_id\":73,\"name\":\"Cháo Hải Sản\",\"name_en\":\"Rice Porridge with Seafood\",\"description\":\"Cháo hải sản\",\"price\":185760,\"stock\":-1,\"tags\":null,\"note_options\":null,\"note_options_en\":null,\"sort_order\":0,\"is_active\":1,\"service_type\":\"restaurant\",\"menu_type\":\"asia\"}', 'info', '2026-05-05 06:58:41');
INSERT INTO `activity_logs` VALUES ('432', 'delete', 'menu_item', '246', '7', '115.74.225.100', 'Mozilla/5.0 (Windows NT 10.0; Win64; x64) AppleWebKit/537.36 (KHTML, like Gecko) Chrome/147.0.0.0 Safari/537.36', '/restaurant/admin/menu/delete', 'POST', '{\"reason\":\"not_in_use\"}', 'info', '2026-05-05 06:58:45');
INSERT INTO `activity_logs` VALUES ('433', 'delete', 'menu_item', '247', '7', '115.74.225.100', 'Mozilla/5.0 (Windows NT 10.0; Win64; x64) AppleWebKit/537.36 (KHTML, like Gecko) Chrome/147.0.0.0 Safari/537.36', '/restaurant/admin/menu/delete', 'POST', '{\"reason\":\"not_in_use\"}', 'info', '2026-05-05 06:58:59');
INSERT INTO `activity_logs` VALUES ('434', 'update', 'menu_item', '242', '7', '115.74.225.100', 'Mozilla/5.0 (Windows NT 10.0; Win64; x64) AppleWebKit/537.36 (KHTML, like Gecko) Chrome/147.0.0.0 Safari/537.36', '/restaurant/admin/menu/update', 'POST', '{\"category_id\":73,\"name\":\"Cháo Thịt Bằm\",\"name_en\":\"Rice Porridge with Minced Pork\",\"description\":\"Cháo thịt bằm\",\"price\":108000,\"stock\":-1,\"tags\":null,\"note_options\":null,\"note_options_en\":null,\"sort_order\":0,\"is_active\":1,\"service_type\":\"restaurant\",\"menu_type\":\"asia\"}', 'info', '2026-05-05 06:59:13');
INSERT INTO `activity_logs` VALUES ('435', 'delete', 'menu_item', '245', '7', '115.74.225.100', 'Mozilla/5.0 (Windows NT 10.0; Win64; x64) AppleWebKit/537.36 (KHTML, like Gecko) Chrome/147.0.0.0 Safari/537.36', '/restaurant/admin/menu/delete', 'POST', '{\"reason\":\"not_in_use\"}', 'info', '2026-05-05 06:59:19');
INSERT INTO `activity_logs` VALUES ('436', 'update', 'menu_item', '272', '7', '115.74.225.100', 'Mozilla/5.0 (Windows NT 10.0; Win64; x64) AppleWebKit/537.36 (KHTML, like Gecko) Chrome/147.0.0.0 Safari/537.36', '/restaurant/admin/menu/update', 'POST', '{\"category_id\":79,\"name\":\"Chuối Đốt Rượu\",\"name_en\":\"Banana Flambe\",\"description\":\"Chuối đốt rượu\",\"price\":101520,\"stock\":-1,\"tags\":null,\"note_options\":null,\"note_options_en\":null,\"sort_order\":0,\"is_active\":1,\"service_type\":\"restaurant\",\"menu_type\":\"europe\"}', 'info', '2026-05-05 06:59:46');
INSERT INTO `activity_logs` VALUES ('437', 'update', 'menu_item', '271', '7', '115.74.225.100', 'Mozilla/5.0 (Windows NT 10.0; Win64; x64) AppleWebKit/537.36 (KHTML, like Gecko) Chrome/147.0.0.0 Safari/537.36', '/restaurant/admin/menu/update', 'POST', '{\"category_id\":79,\"name\":\"Thơm Đốt Rượu\",\"name_en\":\"Pineapple Flambe\",\"description\":\"Thơm đốt rượu\",\"price\":101520,\"stock\":-1,\"tags\":null,\"note_options\":null,\"note_options_en\":null,\"sort_order\":0,\"is_active\":1,\"service_type\":\"restaurant\",\"menu_type\":\"europe\"}', 'info', '2026-05-05 07:00:00');
INSERT INTO `activity_logs` VALUES ('438', 'delete', 'menu_item', '304', '7', '115.74.225.100', 'Mozilla/5.0 (Windows NT 10.0; Win64; x64) AppleWebKit/537.36 (KHTML, like Gecko) Chrome/147.0.0.0 Safari/537.36', '/restaurant/admin/menu/delete', 'POST', '{\"reason\":\"not_in_use\"}', 'info', '2026-05-05 07:00:46');
INSERT INTO `activity_logs` VALUES ('439', 'update', 'menu_item', '307', '7', '115.74.225.100', 'Mozilla/5.0 (Windows NT 10.0; Win64; x64) AppleWebKit/537.36 (KHTML, like Gecko) Chrome/147.0.0.0 Safari/537.36', '/restaurant/admin/menu/update', 'POST', '{\"category_id\":86,\"name\":\"Trà Lài\",\"name_en\":\"Jasmine Tea\",\"description\":\"Trà lài\",\"price\":59400,\"stock\":-1,\"tags\":null,\"note_options\":null,\"note_options_en\":null,\"sort_order\":0,\"is_active\":1,\"service_type\":\"both\",\"menu_type\":\"other\"}', 'info', '2026-05-05 07:01:05');
INSERT INTO `activity_logs` VALUES ('440', 'update', 'menu_item', '305', '7', '115.74.225.100', 'Mozilla/5.0 (Windows NT 10.0; Win64; x64) AppleWebKit/537.36 (KHTML, like Gecko) Chrome/147.0.0.0 Safari/537.36', '/restaurant/admin/menu/update', 'POST', '{\"category_id\":86,\"name\":\"Trà Lipton\",\"name_en\":\"Lipton Tea\",\"description\":\"Trà Lipton\",\"price\":59400,\"stock\":-1,\"tags\":null,\"note_options\":null,\"note_options_en\":null,\"sort_order\":0,\"is_active\":1,\"service_type\":\"both\",\"menu_type\":\"other\"}', 'info', '2026-05-05 07:01:21');
INSERT INTO `activity_logs` VALUES ('441', 'delete', 'menu_item', '306', '7', '115.74.225.100', 'Mozilla/5.0 (Windows NT 10.0; Win64; x64) AppleWebKit/537.36 (KHTML, like Gecko) Chrome/147.0.0.0 Safari/537.36', '/restaurant/admin/menu/delete', 'POST', '{\"reason\":\"not_in_use\"}', 'info', '2026-05-05 07:01:33');
INSERT INTO `activity_logs` VALUES ('442', 'update', 'menu_item', '274', '7', '115.74.225.100', 'Mozilla/5.0 (Windows NT 10.0; Win64; x64) AppleWebKit/537.36 (KHTML, like Gecko) Chrome/147.0.0.0 Safari/537.36', '/restaurant/admin/menu/update', 'POST', '{\"category_id\":79,\"name\":\"Trái Cây 3 Loại\",\"name_en\":\"03 Kind of Seasonal Fresh Fruit\",\"description\":\"Trái cây 3 loại: Xoài, Thơm, Ổi\",\"price\":179280,\"stock\":-1,\"tags\":null,\"note_options\":null,\"note_options_en\":null,\"sort_order\":0,\"is_active\":1,\"service_type\":\"restaurant\",\"menu_type\":\"europe\"}', 'info', '2026-05-05 07:01:51');
INSERT INTO `activity_logs` VALUES ('443', 'delete', 'menu_item', '277', '7', '115.74.225.100', 'Mozilla/5.0 (Windows NT 10.0; Win64; x64) AppleWebKit/537.36 (KHTML, like Gecko) Chrome/147.0.0.0 Safari/537.36', '/restaurant/admin/menu/delete', 'POST', '{\"reason\":\"not_in_use\"}', 'info', '2026-05-05 07:01:57');
INSERT INTO `activity_logs` VALUES ('444', 'update', 'menu_item', '275', '7', '115.74.225.100', 'Mozilla/5.0 (Windows NT 10.0; Win64; x64) AppleWebKit/537.36 (KHTML, like Gecko) Chrome/147.0.0.0 Safari/537.36', '/restaurant/admin/menu/update', 'POST', '{\"category_id\":79,\"name\":\"Trái Cây 4 Loại\",\"name_en\":\"04 Kind of Seasonal Fresh Fruit\",\"description\":\"Trái cây 4 loại: Xoài, Thơm, Ổi, Dưa Hấu\",\"price\":227880,\"stock\":-1,\"tags\":null,\"note_options\":null,\"note_options_en\":null,\"sort_order\":0,\"is_active\":1,\"service_type\":\"restaurant\",\"menu_type\":\"europe\"}', 'info', '2026-05-05 07:02:16');
INSERT INTO `activity_logs` VALUES ('445', 'delete', 'menu_item', '269', '7', '115.74.225.100', 'Mozilla/5.0 (Windows NT 10.0; Win64; x64) AppleWebKit/537.36 (KHTML, like Gecko) Chrome/147.0.0.0 Safari/537.36', '/restaurant/admin/menu/delete', 'POST', '{\"reason\":\"not_in_use\"}', 'info', '2026-05-05 07:02:51');
INSERT INTO `activity_logs` VALUES ('446', 'delete', 'menu_item', '273', '7', '115.74.225.100', 'Mozilla/5.0 (Windows NT 10.0; Win64; x64) AppleWebKit/537.36 (KHTML, like Gecko) Chrome/147.0.0.0 Safari/537.36', '/restaurant/admin/menu/delete', 'POST', '{\"reason\":\"not_in_use\"}', 'info', '2026-05-05 07:02:59');
INSERT INTO `activity_logs` VALUES ('447', 'update', 'menu_item', '270', '7', '115.74.225.100', 'Mozilla/5.0 (Windows NT 10.0; Win64; x64) AppleWebKit/537.36 (KHTML, like Gecko) Chrome/147.0.0.0 Safari/537.36', '/restaurant/admin/menu/update', 'POST', '{\"category_id\":79,\"name\":\"Xoài Đốt Rượu\",\"name_en\":\"Mango Flambe\",\"description\":\"Xoài đốt rượu\",\"price\":113400,\"stock\":-1,\"tags\":null,\"note_options\":null,\"note_options_en\":null,\"sort_order\":0,\"is_active\":1,\"service_type\":\"restaurant\",\"menu_type\":\"europe\"}', 'info', '2026-05-05 07:03:12');
INSERT INTO `activity_logs` VALUES ('448', 'delete', 'menu_item', '276', '7', '115.74.225.100', 'Mozilla/5.0 (Windows NT 10.0; Win64; x64) AppleWebKit/537.36 (KHTML, like Gecko) Chrome/147.0.0.0 Safari/537.36', '/restaurant/admin/menu/delete', 'POST', '{\"reason\":\"not_in_use\"}', 'info', '2026-05-05 07:03:17');
INSERT INTO `activity_logs` VALUES ('449', 'logout', 'user', '7', '7', '115.74.225.100', 'Mozilla/5.0 (Windows NT 10.0; Win64; x64) AppleWebKit/537.36 (KHTML, like Gecko) Chrome/147.0.0.0 Safari/537.36', '/restaurant/auth/logout', 'GET', '[]', 'info', '2026-05-05 07:08:59');
INSERT INTO `activity_logs` VALUES ('450', 'login', 'user', '5', '5', '115.74.225.100', 'Mozilla/5.0 (Windows NT 10.0; Win64; x64) AppleWebKit/537.36 (KHTML, like Gecko) Chrome/147.0.0.0 Safari/537.36', '/restaurant/auth/login', 'POST', '{\"success\":true,\"reason\":\"\"}', 'info', '2026-05-05 07:09:06');
INSERT INTO `activity_logs` VALUES ('451', 'logout', 'user', '5', '5', '115.74.225.100', 'Mozilla/5.0 (Windows NT 10.0; Win64; x64) AppleWebKit/537.36 (KHTML, like Gecko) Chrome/147.0.0.0 Safari/537.36', '/restaurant/auth/logout', 'GET', '[]', 'info', '2026-05-05 07:09:28');
INSERT INTO `activity_logs` VALUES ('452', 'login', 'user', '7', '7', '115.74.225.100', 'Mozilla/5.0 (Windows NT 10.0; Win64; x64) AppleWebKit/537.36 (KHTML, like Gecko) Chrome/147.0.0.0 Safari/537.36', '/restaurant/auth/login', 'POST', '{\"success\":true,\"reason\":\"\"}', 'info', '2026-05-05 07:09:31');
INSERT INTO `activity_logs` VALUES ('453', 'cancel', 'table', '34', '7', '115.74.225.100', 'Mozilla/5.0 (Windows NT 10.0; Win64; x64) AppleWebKit/537.36 (KHTML, like Gecko) Chrome/147.0.0.0 Safari/537.36', '/restaurant/admin/tables', 'GET', '{\"order_id\":\"79\",\"table_name\":\"701\",\"reason\":\"auto_cancel_no_items\",\"message\":\"Hệ thống tự động huỷ do không đặt món sau 5 phút\",\"order_source\":\"customer_qr\",\"waiter_id\":null,\"session_id\":\"3cdf7668bc450e0eb4973ed6881e0c19\"}', 'notice', '2026-05-05 07:20:43');
INSERT INTO `activity_logs` VALUES ('454', 'cancel', 'table', '1', '7', '115.74.225.100', 'Mozilla/5.0 (Windows NT 10.0; Win64; x64) AppleWebKit/537.36 (KHTML, like Gecko) Chrome/147.0.0.0 Safari/537.36', '/restaurant/admin/tables', 'GET', '{\"order_id\":\"80\",\"table_name\":\"A.01\",\"reason\":\"auto_cancel_no_items\",\"message\":\"Hệ thống tự động huỷ do không đặt món sau 5 phút\",\"order_source\":\"customer_qr\",\"waiter_id\":null,\"session_id\":\"3cdf7668bc450e0eb4973ed6881e0c19\"}', 'notice', '2026-05-05 07:20:43');
INSERT INTO `activity_logs` VALUES ('455', 'login', 'user', '5', '5', '113.169.157.198', 'Mozilla/5.0 (Macintosh; Intel Mac OS X 10_15_7) AppleWebKit/605.1.15 (KHTML, like Gecko) Version/16.6.2 Safari/605.1.15', '/restaurant/auth/login', 'POST', '{\"success\":true,\"reason\":\"\"}', 'info', '2026-05-05 07:23:45');
INSERT INTO `activity_logs` VALUES ('456', 'logout', 'user', '5', '5', '113.169.157.198', 'Mozilla/5.0 (Macintosh; Intel Mac OS X 10_15_7) AppleWebKit/605.1.15 (KHTML, like Gecko) Version/16.6.2 Safari/605.1.15', '/restaurant/auth/logout', 'GET', '[]', 'info', '2026-05-05 07:24:04');
INSERT INTO `activity_logs` VALUES ('457', 'login', 'user', '7', '7', '113.169.157.198', 'Mozilla/5.0 (Macintosh; Intel Mac OS X 10_15_7) AppleWebKit/605.1.15 (KHTML, like Gecko) Version/16.6.2 Safari/605.1.15', '/restaurant/auth/login', 'POST', '{\"success\":true,\"reason\":\"\"}', 'info', '2026-05-05 07:24:07');
INSERT INTO `activity_logs` VALUES ('458', 'cancel', 'table', '34', '7', '115.74.225.100', 'Mozilla/5.0 (Windows NT 10.0; Win64; x64) AppleWebKit/537.36 (KHTML, like Gecko) Chrome/147.0.0.0 Safari/537.36', '/restaurant/admin/tables', 'GET', '{\"order_id\":\"81\",\"table_name\":\"701\",\"reason\":\"auto_cancel_no_items\",\"message\":\"Hệ thống tự động huỷ do không đặt món sau 5 phút\",\"order_source\":\"customer_qr\",\"waiter_id\":null,\"session_id\":\"3cdf7668bc450e0eb4973ed6881e0c19\"}', 'notice', '2026-05-05 07:52:33');
INSERT INTO `activity_logs` VALUES ('459', 'cancel', 'table', '1', '7', '115.74.225.100', 'Mozilla/5.0 (Windows NT 10.0; Win64; x64) AppleWebKit/537.36 (KHTML, like Gecko) Chrome/147.0.0.0 Safari/537.36', '/restaurant/admin/tables', 'GET', '{\"order_id\":\"82\",\"table_name\":\"A.01\",\"reason\":\"auto_cancel_no_items\",\"message\":\"Hệ thống tự động huỷ do không đặt món sau 5 phút\",\"order_source\":\"customer_qr\",\"waiter_id\":null,\"session_id\":\"3cdf7668bc450e0eb4973ed6881e0c19\"}', 'notice', '2026-05-05 07:52:33');
INSERT INTO `activity_logs` VALUES ('460', 'logout', 'user', '7', '7', '115.74.225.100', 'Mozilla/5.0 (Windows NT 10.0; Win64; x64) AppleWebKit/537.36 (KHTML, like Gecko) Chrome/147.0.0.0 Safari/537.36', '/restaurant/auth/logout', 'GET', '[]', 'info', '2026-05-05 08:04:09');
INSERT INTO `activity_logs` VALUES ('461', 'login', 'user', '7', '7', '115.74.225.100', 'Mozilla/5.0 (Windows NT 10.0; Win64; x64) AppleWebKit/537.36 (KHTML, like Gecko) Chrome/147.0.0.0 Safari/537.36', '/restaurant/auth/login', 'POST', '{\"success\":true,\"reason\":\"\"}', 'info', '2026-05-05 08:04:11');
INSERT INTO `activity_logs` VALUES ('462', 'update', 'menu_item', '200', '7', '115.74.225.100', 'Mozilla/5.0 (Windows NT 10.0; Win64; x64) AppleWebKit/537.36 (KHTML, like Gecko) Chrome/147.0.0.0 Safari/537.36', '/restaurant/admin/menu/update', 'POST', '{\"category_id\":68,\"name\":\"Bò Cuộn Cải Xanh\",\"name_en\":\"Mustard Leaf Rolls with Beef\",\"description\":\"Bò cuốn lá xanh mù tạt\",\"price\":197640,\"stock\":-1,\"tags\":null,\"note_options\":null,\"note_options_en\":null,\"sort_order\":0,\"is_active\":1,\"service_type\":\"restaurant\",\"menu_type\":\"asia\"}', 'info', '2026-05-05 08:04:24');
INSERT INTO `activity_logs` VALUES ('463', 'logout', 'user', '7', '7', '115.74.225.100', 'Mozilla/5.0 (Windows NT 10.0; Win64; x64) AppleWebKit/537.36 (KHTML, like Gecko) Chrome/147.0.0.0 Safari/537.36', '/restaurant/auth/logout', 'GET', '[]', 'info', '2026-05-05 08:04:46');
INSERT INTO `activity_logs` VALUES ('464', 'login', 'user', '5', '5', '115.74.225.100', 'Mozilla/5.0 (Windows NT 10.0; Win64; x64) AppleWebKit/537.36 (KHTML, like Gecko) Chrome/147.0.0.0 Safari/537.36', '/restaurant/auth/login', 'POST', '{\"success\":true,\"reason\":\"\"}', 'info', '2026-05-05 08:04:48');
INSERT INTO `activity_logs` VALUES ('465', 'cancel', 'table', '34', '5', '115.74.225.100', 'Mozilla/5.0 (Windows NT 10.0; Win64; x64) AppleWebKit/537.36 (KHTML, like Gecko) Chrome/147.0.0.0 Safari/537.36', '/restaurant/tables', 'GET', '{\"order_id\":\"83\",\"table_name\":\"701\",\"reason\":\"auto_cancel_no_items\",\"message\":\"Hệ thống tự động huỷ do không đặt món sau 5 phút\",\"order_source\":\"customer_qr\",\"waiter_id\":null,\"session_id\":\"3cdf7668bc450e0eb4973ed6881e0c19\"}', 'notice', '2026-05-05 08:04:48');
INSERT INTO `activity_logs` VALUES ('466', 'cancel', 'table', '1', '5', '115.74.225.100', 'Mozilla/5.0 (Windows NT 10.0; Win64; x64) AppleWebKit/537.36 (KHTML, like Gecko) Chrome/147.0.0.0 Safari/537.36', '/restaurant/tables', 'GET', '{\"order_id\":\"84\",\"table_name\":\"A.01\",\"reason\":\"auto_cancel_no_items\",\"message\":\"Hệ thống tự động huỷ do không đặt món sau 5 phút\",\"order_source\":\"customer_qr\",\"waiter_id\":null,\"session_id\":\"3cdf7668bc450e0eb4973ed6881e0c19\"}', 'notice', '2026-05-05 08:04:48');
INSERT INTO `activity_logs` VALUES ('467', 'login', 'user', '7', '7', '115.74.225.100', 'Mozilla/5.0 (Windows NT 10.0; Win64; x64) AppleWebKit/537.36 (KHTML, like Gecko) Chrome/147.0.0.0 Safari/537.36', '/restaurant/auth/login', 'POST', '{\"success\":true,\"reason\":\"\"}', 'info', '2026-05-05 08:04:57');
INSERT INTO `activity_logs` VALUES ('468', 'login', 'user', '2', '2', '118.69.64.122', 'Mozilla/5.0 (Macintosh; Intel Mac OS X 10_15_7) AppleWebKit/605.1.15 (KHTML, like Gecko) Version/17.6 Safari/605.1.15', '/restaurant/auth/login', 'POST', '{\"success\":true,\"reason\":\"\"}', 'info', '2026-05-05 08:30:34');

DROP TABLE IF EXISTS `customer_sessions`;
CREATE TABLE `customer_sessions` (
  `id` int(10) unsigned NOT NULL AUTO_INCREMENT,
  `session_id` varchar(255) NOT NULL,
  `table_id` int(10) unsigned NOT NULL,
  `order_id` int(10) unsigned DEFAULT NULL,
  `ip_address` varchar(45) DEFAULT NULL,
  `user_agent` text DEFAULT NULL,
  `location_data` text DEFAULT NULL COMMENT 'JSON location data for customer tracking',
  `is_active` tinyint(1) NOT NULL DEFAULT 1,
  `last_activity` timestamp NOT NULL DEFAULT current_timestamp() ON UPDATE current_timestamp(),
  `expires_at` timestamp NULL DEFAULT NULL,
  `created_at` timestamp NOT NULL DEFAULT current_timestamp(),
  PRIMARY KEY (`id`),
  UNIQUE KEY `idx_session_id` (`session_id`),
  KEY `idx_table_active` (`table_id`,`is_active`)
) ENGINE=InnoDB AUTO_INCREMENT=217 DEFAULT CHARSET=utf8mb4 COLLATE=utf8mb4_unicode_ci;

INSERT INTO `customer_sessions` VALUES ('1', '8nqjohv2kjgupk6b3jnnusnhqn', '2', NULL, '118.69.64.122', 'Mozilla/5.0 (iPhone; CPU iPhone OS 18_7 like Mac OS X) AppleWebKit/605.1.15 (KHTML, like Gecko) Version/26.4 Mobile/15E148 Safari/604.1', NULL, '1', '2026-04-08 17:59:58', '2026-04-09 17:59:58', '2026-04-08 17:58:59');
INSERT INTO `customer_sessions` VALUES ('3', 'dj0liqblpnju396un6ea0cg0pa', '1', NULL, '14.241.187.72', 'Mozilla/5.0 (iPhone; CPU iPhone OS 18_7 like Mac OS X) AppleWebKit/605.1.15 (KHTML, like Gecko) Version/26.4 Mobile/15E148 Safari/604.1', NULL, '1', '2026-04-09 15:50:27', '2026-04-10 15:50:27', '2026-04-09 15:50:27');
INSERT INTO `customer_sessions` VALUES ('4', 'g9s81a7dvja3l872635ke2oej6', '1', NULL, '115.74.225.100', 'Mozilla/5.0 (iPhone; CPU iPhone OS 18_7 like Mac OS X) AppleWebKit/605.1.15 (KHTML, like Gecko) Version/26.4 Mobile/15E148 Safari/604.1', NULL, '1', '2026-04-09 15:58:01', '2026-04-10 15:58:01', '2026-04-09 15:50:55');
INSERT INTO `customer_sessions` VALUES ('7', 'ltb5p74q7jruck5ua25q7kuso9', '1', NULL, '115.74.225.100', 'Mozilla/5.0 (iPhone; CPU iPhone OS 18_7 like Mac OS X) AppleWebKit/605.1.15 (KHTML, like Gecko) Version/26.4 Mobile/15E148 Safari/604.1', NULL, '1', '2026-04-09 16:31:11', '2026-04-10 16:31:11', '2026-04-09 16:25:26');
INSERT INTO `customer_sessions` VALUES ('12', '6q3jg5395q0d7mv97b70cq7bsv', '34', NULL, '115.74.225.100', 'Mozilla/5.0 (iPhone; CPU iPhone OS 18_7 like Mac OS X) AppleWebKit/605.1.15 (KHTML, like Gecko) Version/26.4 Mobile/15E148 Safari/604.1', NULL, '1', '2026-04-09 16:58:02', '2026-04-10 16:58:02', '2026-04-09 16:47:44');
INSERT INTO `customer_sessions` VALUES ('16', 'skfic9eng0dvjadvr8u01at6fh', '34', NULL, '118.69.64.122', 'Mozilla/5.0 (iPhone; CPU iPhone OS 18_7 like Mac OS X) AppleWebKit/605.1.15 (KHTML, like Gecko) Version/26.4 Mobile/15E148 Safari/604.1', NULL, '1', '2026-04-09 17:25:00', '2026-04-10 17:25:00', '2026-04-09 17:19:46');
INSERT INTO `customer_sessions` VALUES ('23', 'u9l9rgflt0ulrpgkeqkvjm9jn4', '34', NULL, '118.69.64.122', 'Mozilla/5.0 (iPhone; CPU iPhone OS 18_7 like Mac OS X) AppleWebKit/605.1.15 (KHTML, like Gecko) Version/26.4 Mobile/15E148 Safari/604.1', NULL, '1', '2026-04-09 17:25:18', '2026-04-10 17:25:18', '2026-04-09 17:25:18');
INSERT INTO `customer_sessions` VALUES ('24', 'oe2tuq3m62pnqnu2prgpgncolu', '1', NULL, '115.74.225.100', 'Mozilla/5.0 (Windows NT 10.0; Win64; x64) AppleWebKit/537.36 (KHTML, like Gecko) Chrome/146.0.0.0 Safari/537.36', NULL, '1', '2026-04-09 18:27:57', '2026-04-10 18:27:57', '2026-04-09 18:15:47');
INSERT INTO `customer_sessions` VALUES ('31', 'fribfi3h09dbibta0hecvjlv32', '1', NULL, '123.31.134.55', 'Mozilla/5.0 (iPhone; CPU iPhone OS 18_7 like Mac OS X) AppleWebKit/605.1.15 (KHTML, like Gecko) Version/18.7.5 Mobile/15E148 Safari/604.1', NULL, '1', '2026-04-09 19:06:12', '2026-04-10 19:06:12', '2026-04-09 19:05:36');
INSERT INTO `customer_sessions` VALUES ('33', '2de659imbdreti7ps3tv3v00fd', '1', NULL, '115.74.225.100', 'Mozilla/5.0 (Windows NT 10.0; Win64; x64) AppleWebKit/537.36 (KHTML, like Gecko) Chrome/146.0.0.0 Safari/537.36', NULL, '1', '2026-04-09 19:10:45', '2026-04-10 19:10:45', '2026-04-09 19:10:45');
INSERT INTO `customer_sessions` VALUES ('34', 'qm0iagqgunsen9k8pd74sj3ku2', '19', NULL, '115.74.225.100', 'Mozilla/5.0 (iPhone; CPU iPhone OS 18_6_2 like Mac OS X) AppleWebKit/605.1.15 (KHTML, like Gecko) Version/18.6 Mobile/15E148 Safari/604.1', NULL, '1', '2026-04-10 08:43:47', '2026-04-11 08:43:47', '2026-04-10 08:42:38');
INSERT INTO `customer_sessions` VALUES ('37', '58bkl08dmr3u2l5j639dj7k655', '2', NULL, '118.69.240.61', 'Mozilla/5.0 (Macintosh; Intel Mac OS X 10_15_7) AppleWebKit/605.1.15 (KHTML, like Gecko) Version/17.6 Safari/605.1.15', NULL, '1', '2026-04-10 09:50:01', '2026-04-11 09:50:01', '2026-04-10 09:25:24');
INSERT INTO `customer_sessions` VALUES ('47', 'f8c7uba3e0r6ivvbm82l0gbu4c', '2', NULL, '123.31.134.55', 'Mozilla/5.0 (Macintosh; Intel Mac OS X 10_15_7) AppleWebKit/605.1.15 (KHTML, like Gecko) Version/17.6 Safari/605.1.15', NULL, '1', '2026-04-11 08:09:52', '2026-04-12 08:09:52', '2026-04-11 08:09:52');
INSERT INTO `customer_sessions` VALUES ('48', '0qrfo04dp843kltd1pfu16qvd0', '2', NULL, '123.31.134.55', 'Mozilla/5.0 (Macintosh; Intel Mac OS X 10_15_7) AppleWebKit/605.1.15 (KHTML, like Gecko) Version/17.6 Safari/605.1.15', NULL, '1', '2026-04-11 08:18:20', '2026-04-12 08:18:20', '2026-04-11 08:10:33');
INSERT INTO `customer_sessions` VALUES ('53', '001ies2h3bcffktd7kli5083fg', '2', NULL, '123.31.134.55', 'Mozilla/5.0 (Macintosh; Intel Mac OS X 10_15_7) AppleWebKit/605.1.15 (KHTML, like Gecko) Version/17.6 Safari/605.1.15', NULL, '1', '2026-04-11 08:30:22', '2026-04-12 08:30:22', '2026-04-11 08:29:58');
INSERT INTO `customer_sessions` VALUES ('55', 'grskqed64gr8q5ina6sukuai0c', '2', NULL, '123.31.134.55', 'Mozilla/5.0 (Macintosh; Intel Mac OS X 10_15_7) AppleWebKit/605.1.15 (KHTML, like Gecko) Version/17.6 Safari/605.1.15', NULL, '1', '2026-04-11 08:37:24', '2026-04-12 08:37:24', '2026-04-11 08:31:14');
INSERT INTO `customer_sessions` VALUES ('58', 'giidresm1mo5rmq084o7if2758', '3', NULL, '123.31.134.55', 'Mozilla/5.0 (Macintosh; Intel Mac OS X 10_15_7) AppleWebKit/605.1.15 (KHTML, like Gecko) Version/17.6 Safari/605.1.15', NULL, '1', '2026-04-11 08:45:49', '2026-04-12 08:45:49', '2026-04-11 08:45:25');
INSERT INTO `customer_sessions` VALUES ('60', '8mj006d6phq6u1p0n9s7urrbg4', '1', NULL, '115.74.225.100', 'Mozilla/5.0 (Windows NT 10.0; Win64; x64) AppleWebKit/537.36 (KHTML, like Gecko) Chrome/146.0.0.0 Safari/537.36', NULL, '1', '2026-04-14 14:03:22', '2026-04-15 14:03:22', '2026-04-14 14:03:22');
INSERT INTO `customer_sessions` VALUES ('61', 'tunnlik14r60n832tv4gdckk5t', '3', NULL, '113.169.157.198', 'Mozilla/5.0 (iPhone; CPU iPhone OS 18_7 like Mac OS X) AppleWebKit/605.1.15 (KHTML, like Gecko) Version/26.4 Mobile/15E148 Safari/604.1', NULL, '1', '2026-04-14 14:08:27', '2026-04-15 14:08:27', '2026-04-14 14:04:25');
INSERT INTO `customer_sessions` VALUES ('64', 't4htg400cl9nda19mjnvkegds3', '3', NULL, '113.169.157.198', 'Mozilla/5.0 (iPhone; CPU iPhone OS 18_7 like Mac OS X) AppleWebKit/605.1.15 (KHTML, like Gecko) Version/26.4 Mobile/15E148 Safari/604.1', NULL, '1', '2026-04-14 14:09:26', '2026-04-15 14:09:26', '2026-04-14 14:09:26');
INSERT INTO `customer_sessions` VALUES ('65', 'brgbi78iokgcfa8gm3clk17dkq', '1', NULL, '115.74.225.100', 'Mozilla/5.0 (iPhone; CPU iPhone OS 18_7 like Mac OS X) AppleWebKit/605.1.15 (KHTML, like Gecko) Version/26.2 Mobile/15E148 Safari/604.1', NULL, '1', '2026-04-21 15:40:48', '2026-04-22 15:40:48', '2026-04-21 15:39:15');
INSERT INTO `customer_sessions` VALUES ('68', 'ndsji1jmcrf0u8estf4k16tt5l', '4', NULL, '104.28.156.112', 'Mozilla/5.0 (Windows NT 10.0; Win64; x64) AppleWebKit/537.36 (KHTML, like Gecko) Chrome/147.0.0.0 Safari/537.36', NULL, '1', '2026-04-22 14:23:19', '2026-04-23 14:23:19', '2026-04-22 14:23:19');
INSERT INTO `customer_sessions` VALUES ('69', 'e4q497u1381cjc3qqu49dc94dr', '34', NULL, '115.74.225.100', 'Mozilla/5.0 (iPhone; CPU iPhone OS 18_7 like Mac OS X) AppleWebKit/605.1.15 (KHTML, like Gecko) Version/26.2 Mobile/15E148 Safari/604.1', NULL, '1', '2026-04-22 14:29:44', '2026-04-23 14:29:44', '2026-04-22 14:24:00');
INSERT INTO `customer_sessions` VALUES ('71', 'obnar6tger5v0jogd21dauplfv', '114', NULL, '115.74.225.100', 'Mozilla/5.0 (iPhone; CPU iPhone OS 18_7 like Mac OS X) AppleWebKit/605.1.15 (KHTML, like Gecko) Version/26.4 Mobile/15E148 Safari/604.1', NULL, '1', '2026-04-22 14:42:58', '2026-04-23 14:42:58', '2026-04-22 14:42:58');
INSERT INTO `customer_sessions` VALUES ('72', 'sdqll07dd4ojk6nb0sr9jitvd0', '34', NULL, '104.28.156.112', 'Mozilla/5.0 (Windows NT 10.0; Win64; x64) AppleWebKit/537.36 (KHTML, like Gecko) Chrome/147.0.0.0 Safari/537.36', NULL, '1', '2026-04-22 14:48:28', '2026-04-23 14:48:28', '2026-04-22 14:48:28');
INSERT INTO `customer_sessions` VALUES ('73', 'oo05t8jbdkik5jnpa3lvm8ncl8', '34', NULL, '104.28.156.112', 'Mozilla/5.0 (Windows NT 10.0; Win64; x64) AppleWebKit/537.36 (KHTML, like Gecko) Chrome/147.0.0.0 Safari/537.36', NULL, '1', '2026-04-22 14:55:12', '2026-04-23 14:55:12', '2026-04-22 14:53:26');
INSERT INTO `customer_sessions` VALUES ('75', '96iejjobaappvvd50ijmaner6s', '34', NULL, '104.28.156.112', 'Mozilla/5.0 (Windows NT 10.0; Win64; x64) AppleWebKit/537.36 (KHTML, like Gecko) Chrome/147.0.0.0 Safari/537.36', NULL, '1', '2026-04-22 14:57:01', '2026-04-23 14:57:01', '2026-04-22 14:57:01');
INSERT INTO `customer_sessions` VALUES ('76', 'dcdp0larrfjl2o1v1efdmjomqk', '34', NULL, '118.69.64.122', 'Mozilla/5.0 (iPhone; CPU iPhone OS 18_7 like Mac OS X) AppleWebKit/605.1.15 (KHTML, like Gecko) Version/26.4 Mobile/15E148 Safari/604.1', NULL, '1', '2026-04-22 16:49:59', '2026-04-23 16:49:59', '2026-04-22 15:41:31');
INSERT INTO `customer_sessions` VALUES ('83', 't69jbs67l5csh5a9p4pif9m0dg', '57', NULL, '42.116.120.95', 'Mozilla/5.0 (iPhone; CPU iPhone OS 18_6_2 like Mac OS X) AppleWebKit/605.1.15 (KHTML, like Gecko) Version/18.6 Mobile/15E148 Safari/604.1', NULL, '1', '2026-04-22 22:02:21', '2026-04-23 22:02:21', '2026-04-22 22:02:21');
INSERT INTO `customer_sessions` VALUES ('84', 'eks3hpnhte2uqs4vjhfovj0t91', '57', NULL, '42.116.120.95', 'Mozilla/5.0 (iPhone; CPU iPhone OS 18_6_2 like Mac OS X) AppleWebKit/605.1.15 (KHTML, like Gecko) Version/18.6 Mobile/15E148 Safari/604.1', NULL, '1', '2026-04-23 06:48:12', '2026-04-24 06:48:12', '2026-04-23 06:48:12');
INSERT INTO `customer_sessions` VALUES ('85', 'bnrrqcksrm7lrb5s0civ8tar69', '1', NULL, '118.69.64.122', 'Mozilla/5.0 (iPhone; CPU iPhone OS 18_7 like Mac OS X) AppleWebKit/605.1.15 (KHTML, like Gecko) Version/26.4 Mobile/15E148 Safari/604.1', NULL, '1', '2026-04-23 11:33:43', '2026-04-24 11:33:43', '2026-04-23 09:16:51');
INSERT INTO `customer_sessions` VALUES ('86', 'k09n18edpds0t4sabitdqpum32', '1', NULL, '115.74.225.100', 'Mozilla/5.0 (Windows NT 10.0; Win64; x64) AppleWebKit/537.36 (KHTML, like Gecko) Chrome/147.0.0.0 Safari/537.36', NULL, '1', '2026-04-23 09:59:12', '2026-04-24 09:59:12', '2026-04-23 09:59:12');
INSERT INTO `customer_sessions` VALUES ('87', 'ln4p14fbo8j1mr2184sdvnd84k', '1', NULL, '115.74.225.100', 'Mozilla/5.0 (iPhone; CPU iPhone OS 18_5 like Mac OS X) AppleWebKit/605.1.15 (KHTML, like Gecko) Version/18.5 Mobile/15E148 Safari/604.1', NULL, '1', '2026-04-23 10:18:52', '2026-04-24 10:18:52', '2026-04-23 09:59:28');
INSERT INTO `customer_sessions` VALUES ('88', 'j7jui3s3jab7g90huf717g2uis', '2', NULL, '118.69.64.122', 'Mozilla/5.0 (Macintosh; Intel Mac OS X 10_15_7) AppleWebKit/605.1.15 (KHTML, like Gecko) Version/17.6 Safari/605.1.15', NULL, '1', '2026-04-23 10:32:07', '2026-04-24 10:32:07', '2026-04-23 10:02:00');
INSERT INTO `customer_sessions` VALUES ('89', 'lettgbk4oqg60iiqp2nq8su1b9', '1', NULL, '118.69.64.122', 'Mozilla/5.0 (iPhone; CPU iPhone OS 18_7 like Mac OS X) AppleWebKit/605.1.15 (KHTML, like Gecko) Version/26.4 Mobile/15E148 Safari/604.1', NULL, '1', '2026-04-23 10:07:04', '2026-04-24 10:07:04', '2026-04-23 10:06:09');
INSERT INTO `customer_sessions` VALUES ('91', '6qrouf1hnna8aa16arsvpr92nc', '1', NULL, '118.69.64.122', 'Mozilla/5.0 (iPhone; CPU iPhone OS 18_7 like Mac OS X) AppleWebKit/605.1.15 (KHTML, like Gecko) Version/26.4 Mobile/15E148 Safari/604.1', NULL, '1', '2026-04-23 10:11:17', '2026-04-24 10:11:17', '2026-04-23 10:11:17');
INSERT INTO `customer_sessions` VALUES ('99', 'orpqg9vnoh86ged6pekm715im4', '1', NULL, '118.69.64.122', 'Mozilla/5.0 (Macintosh; Intel Mac OS X 10_15_7) AppleWebKit/537.36 (KHTML, like Gecko) Chrome/147.0.0.0 Safari/537.36', NULL, '1', '2026-04-23 10:20:07', '2026-04-24 10:20:07', '2026-04-23 10:20:07');
INSERT INTO `customer_sessions` VALUES ('100', 'pegmoi4d23g6cosffeu4e01cng', '1', NULL, '118.69.64.122', 'Mozilla/5.0 (iPhone; CPU iPhone OS 18_7 like Mac OS X) AppleWebKit/605.1.15 (KHTML, like Gecko) Version/26.4 Mobile/15E148 Safari/604.1', NULL, '1', '2026-04-23 10:20:39', '2026-04-24 10:20:39', '2026-04-23 10:20:39');
INSERT INTO `customer_sessions` VALUES ('101', 'sefke2dte6ctj0ik9m4m39t9lh', '13', NULL, '115.74.225.100', 'Mozilla/5.0 (iPhone; CPU iPhone OS 18_5 like Mac OS X) AppleWebKit/605.1.15 (KHTML, like Gecko) Version/18.5 Mobile/15E148 Safari/604.1', NULL, '1', '2026-04-23 11:14:35', '2026-04-24 11:14:35', '2026-04-23 10:25:16');
INSERT INTO `customer_sessions` VALUES ('117', 'h24rscp5omaooljhb9fjnim8gb', '13', NULL, '115.74.225.100', 'Mozilla/5.0 (iPhone; CPU iPhone OS 18_5 like Mac OS X) AppleWebKit/605.1.15 (KHTML, like Gecko) Version/18.5 Mobile/15E148 Safari/604.1', NULL, '1', '2026-04-23 11:19:48', '2026-04-24 11:19:48', '2026-04-23 11:19:48');
INSERT INTO `customer_sessions` VALUES ('118', 'j10f342egod8bv9fpbl6oa6le7', '1', NULL, '118.69.64.122', 'Mozilla/5.0 (iPhone; CPU iPhone OS 18_7 like Mac OS X) AppleWebKit/605.1.15 (KHTML, like Gecko) Version/26.4 Mobile/15E148 Safari/604.1', NULL, '1', '2026-04-23 11:22:08', '2026-04-24 11:22:08', '2026-04-23 11:20:11');
INSERT INTO `customer_sessions` VALUES ('128', '9gio370l2rd06o1igmubsak7aq', '1', NULL, '118.69.64.122', 'Mozilla/5.0 (iPhone; CPU iPhone OS 18_7 like Mac OS X) AppleWebKit/605.1.15 (KHTML, like Gecko) Version/26.4 Mobile/15E148 Safari/604.1', NULL, '1', '2026-04-23 13:22:13', '2026-04-24 13:22:13', '2026-04-23 13:21:57');
INSERT INTO `customer_sessions` VALUES ('130', 'bd20n2f1n1ragekhab9d004lbj', '1', NULL, '118.69.64.122', 'Mozilla/5.0 (iPhone; CPU iPhone OS 18_7 like Mac OS X) AppleWebKit/605.1.15 (KHTML, like Gecko) Version/26.4 Mobile/15E148 Safari/604.1', NULL, '1', '2026-04-23 13:32:39', '2026-04-24 13:32:39', '2026-04-23 13:29:11');
INSERT INTO `customer_sessions` VALUES ('133', '5aqcm88h57ejbnh6d16rphep1d', '1', NULL, '118.69.64.122', 'Mozilla/5.0 (iPhone; CPU iPhone OS 18_7 like Mac OS X) AppleWebKit/605.1.15 (KHTML, like Gecko) Version/26.4 Mobile/15E148 Safari/604.1', NULL, '1', '2026-04-23 13:32:58', '2026-04-24 13:32:58', '2026-04-23 13:32:58');
INSERT INTO `customer_sessions` VALUES ('134', 'l1b19jlgv8sqpruv3ec2oluq8f', '2', NULL, '115.74.225.100', 'Mozilla/5.0 (Windows NT 10.0; Win64; x64) AppleWebKit/537.36 (KHTML, like Gecko) Chrome/147.0.0.0 Safari/537.36', NULL, '1', '2026-04-23 13:42:53', '2026-04-24 13:42:53', '2026-04-23 13:33:14');
INSERT INTO `customer_sessions` VALUES ('136', 'lo5lk7c70jkn4fjue4sjaoii0t', '1', NULL, '118.69.64.122', 'Mozilla/5.0 (iPhone; CPU iPhone OS 18_7 like Mac OS X) AppleWebKit/605.1.15 (KHTML, like Gecko) Version/26.4 Mobile/15E148 Safari/604.1', NULL, '1', '2026-04-23 13:34:45', '2026-04-24 13:34:45', '2026-04-23 13:34:45');
INSERT INTO `customer_sessions` VALUES ('137', '8rhqrheu9cof32668klo2nedvu', '1', NULL, '118.69.64.122', 'Mozilla/5.0 (iPhone; CPU iPhone OS 18_7 like Mac OS X) AppleWebKit/605.1.15 (KHTML, like Gecko) Version/26.4 Mobile/15E148 Safari/604.1', NULL, '1', '2026-04-23 13:35:17', '2026-04-24 13:35:17', '2026-04-23 13:35:17');
INSERT INTO `customer_sessions` VALUES ('138', 'g62c9b23qo7rb6iie2gm6o87m2', '1', NULL, '118.69.64.122', 'Mozilla/5.0 (Macintosh; Intel Mac OS X 10_15_7) AppleWebKit/605.1.15 (KHTML, like Gecko) Version/17.6 Safari/605.1.15', NULL, '1', '2026-04-23 13:58:38', '2026-04-24 13:58:38', '2026-04-23 13:41:54');
INSERT INTO `customer_sessions` VALUES ('143', 'q8vqadf77172381sgtd3ppp9pb', '2', NULL, '118.69.64.122', 'Mozilla/5.0 (iPhone; CPU iPhone OS 18_7 like Mac OS X) AppleWebKit/605.1.15 (KHTML, like Gecko) Version/26.4 Mobile/15E148 Safari/604.1', NULL, '1', '2026-04-23 13:43:20', '2026-04-24 13:43:20', '2026-04-23 13:43:20');
INSERT INTO `customer_sessions` VALUES ('145', 'le3up5n45faj2d6rm35mld6rqc', '2', NULL, '118.69.64.122', 'Mozilla/5.0 (iPhone; CPU iPhone OS 18_7 like Mac OS X) AppleWebKit/605.1.15 (KHTML, like Gecko) Version/26.4 Mobile/15E148 Safari/604.1', NULL, '1', '2026-04-23 13:59:10', '2026-04-24 13:59:10', '2026-04-23 13:59:10');
INSERT INTO `customer_sessions` VALUES ('146', '0tcg2mo0qr8vmksrilqub25r9l', '3', NULL, '118.69.64.122', 'Mozilla/5.0 (Macintosh; Intel Mac OS X 10_15_7) AppleWebKit/605.1.15 (KHTML, like Gecko) Version/17.6 Safari/605.1.15', NULL, '1', '2026-04-23 14:04:30', '2026-04-24 14:04:30', '2026-04-23 14:01:23');
INSERT INTO `customer_sessions` VALUES ('149', 'htgdd8qj0n1n3t2ltbj22vvon2', '4', NULL, '118.69.64.122', 'Mozilla/5.0 (Macintosh; Intel Mac OS X 10_15_7) AppleWebKit/605.1.15 (KHTML, like Gecko) Version/17.6 Safari/605.1.15', NULL, '1', '2026-04-23 14:14:58', '2026-04-24 14:14:58', '2026-04-23 14:04:51');
INSERT INTO `customer_sessions` VALUES ('153', 'qln78d0t03aot6b7cnmvfqk115', '1', NULL, '118.69.64.122', 'Mozilla/5.0 (iPhone; CPU iPhone OS 18_7 like Mac OS X) AppleWebKit/605.1.15 (KHTML, like Gecko) Version/26.4 Mobile/15E148 Safari/604.1', NULL, '1', '2026-04-24 07:18:11', '2026-04-25 07:18:11', '2026-04-24 07:09:15');
INSERT INTO `customer_sessions` VALUES ('155', 'mv3pbbmni0i68rcaq49ckovc5t', '1', NULL, '118.69.64.122', 'Mozilla/5.0 (iPhone; CPU iPhone OS 18_7 like Mac OS X) AppleWebKit/605.1.15 (KHTML, like Gecko) Version/26.4 Mobile/15E148 Safari/604.1', NULL, '1', '2026-04-24 07:34:29', '2026-04-25 07:34:29', '2026-04-24 07:26:37');
INSERT INTO `customer_sessions` VALUES ('159', 'ap7e6qk3svv4d1a5qe66cq24it', '1', NULL, '118.69.64.122', 'Mozilla/5.0 (iPhone; CPU iPhone OS 18_7 like Mac OS X) AppleWebKit/605.1.15 (KHTML, like Gecko) Version/26.4 Mobile/15E148 Safari/604.1', NULL, '1', '2026-04-24 07:43:52', '2026-04-25 07:43:52', '2026-04-24 07:41:18');
INSERT INTO `customer_sessions` VALUES ('162', '7a9oj3c26cvt7je4v0kgt7bn8r', '1', NULL, '113.169.157.198', 'Mozilla/5.0 (iPhone; CPU iPhone OS 18_7 like Mac OS X) AppleWebKit/605.1.15 (KHTML, like Gecko) Version/26.4 Mobile/15E148 Safari/604.1', NULL, '1', '2026-04-24 08:01:03', '2026-04-25 08:01:03', '2026-04-24 08:00:47');
INSERT INTO `customer_sessions` VALUES ('164', '74mplfkg7pv6469thals2rgc08', '2', NULL, '115.74.225.100', 'Mozilla/5.0 (iPhone; CPU iPhone OS 18_7 like Mac OS X) AppleWebKit/605.1.15 (KHTML, like Gecko) Version/26.4 Mobile/15E148 Safari/604.1', NULL, '1', '2026-04-24 08:19:23', '2026-04-25 08:19:23', '2026-04-24 08:08:33');
INSERT INTO `customer_sessions` VALUES ('166', '07v6shiqt1rm9tskgbnmd81g73', '2', NULL, '115.74.225.100', 'Mozilla/5.0 (iPhone; CPU iPhone OS 18_7 like Mac OS X) AppleWebKit/605.1.15 (KHTML, like Gecko) Version/26.4 Mobile/15E148 Safari/604.1', NULL, '1', '2026-04-24 09:16:43', '2026-04-25 09:16:43', '2026-04-24 08:14:50');
INSERT INTO `customer_sessions` VALUES ('169', 'u6jounsvnqfr0asvkfor4ld1d2', '2', NULL, '115.74.225.100', 'Mozilla/5.0 (iPhone; CPU iPhone OS 18_7 like Mac OS X) AppleWebKit/605.1.15 (KHTML, like Gecko) Version/26.4 Mobile/15E148 Safari/604.1', NULL, '1', '2026-04-24 08:26:08', '2026-04-25 08:26:08', '2026-04-24 08:19:30');
INSERT INTO `customer_sessions` VALUES ('171', 'fe1p45bssk55luno75tgb3hf9d', '2', NULL, '115.74.225.100', 'Mozilla/5.0 (iPhone; CPU iPhone OS 18_7 like Mac OS X) AppleWebKit/605.1.15 (KHTML, like Gecko) Version/26.4 Mobile/15E148 Safari/604.1', NULL, '1', '2026-04-24 09:05:29', '2026-04-25 09:05:29', '2026-04-24 09:05:29');
INSERT INTO `customer_sessions` VALUES ('172', '699o3bb29mneb15rj99j6119a9', '3', NULL, '115.74.225.100', 'Mozilla/5.0 (iPhone; CPU iPhone OS 18_7 like Mac OS X) AppleWebKit/605.1.15 (KHTML, like Gecko) Version/26.4 Mobile/15E148 Safari/604.1', NULL, '1', '2026-04-24 09:13:16', '2026-04-25 09:13:16', '2026-04-24 09:05:50');
INSERT INTO `customer_sessions` VALUES ('176', 'memipan88eao8d9jlcft39lbvj', '3', NULL, '115.74.225.100', 'Mozilla/5.0 (iPhone; CPU iPhone OS 18_7 like Mac OS X) AppleWebKit/605.1.15 (KHTML, like Gecko) Version/26.4 Mobile/15E148 Safari/604.1', NULL, '1', '2026-04-24 09:16:57', '2026-04-25 09:16:57', '2026-04-24 09:16:57');
INSERT INTO `customer_sessions` VALUES ('177', 'lhj85ttjcnfqm73ju9se99kt5l', '3', NULL, '115.74.225.100', 'Mozilla/5.0 (iPhone; CPU iPhone OS 18_7 like Mac OS X) AppleWebKit/605.1.15 (KHTML, like Gecko) Version/26.4 Mobile/15E148 Safari/604.1', NULL, '1', '2026-04-24 09:20:50', '2026-04-25 09:20:50', '2026-04-24 09:20:50');
INSERT INTO `customer_sessions` VALUES ('178', '1l0m3kr74brek56nr8l56pnag2', '4', NULL, '115.74.225.100', 'Mozilla/5.0 (iPhone; CPU iPhone OS 18_7 like Mac OS X) AppleWebKit/605.1.15 (KHTML, like Gecko) Version/26.4 Mobile/15E148 Safari/604.1', NULL, '1', '2026-04-24 09:28:28', '2026-04-25 09:28:28', '2026-04-24 09:25:57');
INSERT INTO `customer_sessions` VALUES ('180', '90mehargno44gc630e6e3v5aeq', '6', NULL, '115.74.225.100', 'Mozilla/5.0 (iPhone; CPU iPhone OS 18_7 like Mac OS X) AppleWebKit/605.1.15 (KHTML, like Gecko) Version/26.4 Mobile/15E148 Safari/604.1', NULL, '1', '2026-04-24 09:38:39', '2026-04-25 09:38:39', '2026-04-24 09:37:48');
INSERT INTO `customer_sessions` VALUES ('182', 'j1ap06n21s8l3dnv310m9p77bq', '6', NULL, '115.74.225.100', 'Mozilla/5.0 (iPhone; CPU iPhone OS 18_7 like Mac OS X) AppleWebKit/605.1.15 (KHTML, like Gecko) Version/26.4 Mobile/15E148 Safari/604.1', NULL, '1', '2026-04-24 09:46:55', '2026-04-25 09:46:55', '2026-04-24 09:46:55');
INSERT INTO `customer_sessions` VALUES ('183', '6k2p3juji7phghggquufi08f8f', '6', NULL, '115.74.225.100', 'Mozilla/5.0 (iPhone; CPU iPhone OS 18_7 like Mac OS X) AppleWebKit/605.1.15 (KHTML, like Gecko) Version/26.4 Mobile/15E148 Safari/604.1', NULL, '1', '2026-04-24 09:52:45', '2026-04-25 09:52:45', '2026-04-24 09:52:20');
INSERT INTO `customer_sessions` VALUES ('185', '3b9g86tos7e0mb80u4gpo8t1ba', '1', NULL, '115.74.225.100', 'Mozilla/5.0 (iPhone; CPU iPhone OS 18_7 like Mac OS X) AppleWebKit/605.1.15 (KHTML, like Gecko) Version/26.4 Mobile/15E148 Safari/604.1', NULL, '1', '2026-04-24 10:20:52', '2026-04-25 10:20:52', '2026-04-24 10:20:52');
INSERT INTO `customer_sessions` VALUES ('186', 'uufuc6fs7ch0otgh5kdtlooraa', '5', NULL, '115.74.225.100', 'Mozilla/5.0 (iPhone; CPU iPhone OS 18_7 like Mac OS X) AppleWebKit/605.1.15 (KHTML, like Gecko) Version/26.4 Mobile/15E148 Safari/604.1', NULL, '1', '2026-04-24 10:21:01', '2026-04-25 10:21:01', '2026-04-24 10:21:01');
INSERT INTO `customer_sessions` VALUES ('187', 'q2r56r9qibamk6kdivun66pl0f', '1', NULL, '1.55.121.249', 'Mozilla/5.0 (Macintosh; Intel Mac OS X 10_15_7) AppleWebKit/605.1.15 (KHTML, like Gecko) Version/17.6 Safari/605.1.15', NULL, '1', '2026-04-24 18:55:43', '2026-04-25 18:55:43', '2026-04-24 18:37:08');
INSERT INTO `customer_sessions` VALUES ('193', 'ee6tt8fhsmbbpgc7gfi4uj0kcr', '1', NULL, '1.55.121.249', 'Mozilla/5.0 (Macintosh; Intel Mac OS X 10_15_7) AppleWebKit/605.1.15 (KHTML, like Gecko) Version/17.6 Safari/605.1.15', NULL, '1', '2026-04-24 19:07:31', '2026-04-25 19:07:31', '2026-04-24 19:07:31');
INSERT INTO `customer_sessions` VALUES ('194', 'js5q45s75d47s274rlnd3cmh0r', '7', NULL, '1.55.121.249', 'Mozilla/5.0 (Macintosh; Intel Mac OS X 10_15_7) AppleWebKit/605.1.15 (KHTML, like Gecko) Version/17.6 Safari/605.1.15', NULL, '1', '2026-04-24 19:07:57', '2026-04-25 19:07:57', '2026-04-24 19:07:57');
INSERT INTO `customer_sessions` VALUES ('195', 'cuui9miv6m4427peee61vi1q9s', '1', NULL, '1.55.121.249', 'Mozilla/5.0 (Macintosh; Intel Mac OS X 10_15_7) AppleWebKit/605.1.15 (KHTML, like Gecko) Version/17.6 Safari/605.1.15', NULL, '1', '2026-04-24 20:43:12', '2026-04-25 20:43:12', '2026-04-24 20:41:23');
INSERT INTO `customer_sessions` VALUES ('200', 'tmo8c7iris9orlvng0nr0ss79i', '1', NULL, '1.55.121.249', 'Mozilla/5.0 (iPhone; CPU iPhone OS 18_7 like Mac OS X) AppleWebKit/605.1.15 (KHTML, like Gecko) Version/26.4 Mobile/15E148 Safari/604.1', NULL, '1', '2026-04-25 23:05:19', '2026-04-26 23:05:19', '2026-04-25 23:05:19');
INSERT INTO `customer_sessions` VALUES ('201', '6u4sued95u6133ek10ljftigsk', '1', NULL, '118.69.64.122', 'Mozilla/5.0 (iPhone; CPU iPhone OS 18_7 like Mac OS X) AppleWebKit/605.1.15 (KHTML, like Gecko) Version/26.4 Mobile/15E148 Safari/604.1', NULL, '1', '2026-04-28 13:42:45', '2026-04-29 13:42:45', '2026-04-28 13:42:20');
INSERT INTO `customer_sessions` VALUES ('203', '6eqk3pj8voj1ubulikgcm79n8i', '5', NULL, '113.161.147.9', 'Mozilla/5.0 (iPhone; CPU iPhone OS 18_7 like Mac OS X) AppleWebKit/605.1.15 (KHTML, like Gecko) Version/26.4 Mobile/15E148 Safari/604.1', NULL, '1', '2026-04-28 13:49:39', '2026-04-29 13:49:39', '2026-04-28 13:49:39');
INSERT INTO `customer_sessions` VALUES ('204', 'hb287el3ko6i700o9rfsf10mjr', '1', NULL, '113.161.147.9', 'Mozilla/5.0 (iPhone; CPU iPhone OS 18_7 like Mac OS X) AppleWebKit/605.1.15 (KHTML, like Gecko) Version/26.4 Mobile/15E148 Safari/604.1', NULL, '1', '2026-04-28 14:15:29', '2026-04-29 14:15:29', '2026-04-28 14:14:46');
INSERT INTO `customer_sessions` VALUES ('206', 'm1oglpt9h1uk6mst5fb0q263fr', '1', NULL, '113.161.147.9', 'Mozilla/5.0 (iPhone; CPU iPhone OS 18_7 like Mac OS X) AppleWebKit/605.1.15 (KHTML, like Gecko) Version/26.4 Mobile/15E148 Safari/604.1', NULL, '1', '2026-04-28 14:40:14', '2026-04-29 14:40:14', '2026-04-28 14:39:27');
INSERT INTO `customer_sessions` VALUES ('208', '2si2e93i8257gukdi5gerl10p8', '1', NULL, '118.69.64.122', 'Mozilla/5.0 (iPhone; CPU iPhone OS 18_7 like Mac OS X) AppleWebKit/605.1.15 (KHTML, like Gecko) Version/26.4 Mobile/15E148 Safari/604.1', NULL, '1', '2026-04-28 14:42:51', '2026-04-29 14:42:51', '2026-04-28 14:42:51');
INSERT INTO `customer_sessions` VALUES ('209', 'm9mnk9k7cekj7l8bngjhblupka', '40', NULL, '118.69.64.122', 'Mozilla/5.0 (iPhone; CPU iPhone OS 18_7 like Mac OS X) AppleWebKit/605.1.15 (KHTML, like Gecko) Version/26.4 Mobile/15E148 Safari/604.1', NULL, '1', '2026-05-04 08:56:56', '2026-05-05 08:56:56', '2026-05-04 08:55:19');
INSERT INTO `customer_sessions` VALUES ('211', 'lik6809023g1p5f9becp0fntth', '1', NULL, '113.169.157.198', 'Mozilla/5.0 (iPhone; CPU iPhone OS 18_7 like Mac OS X) AppleWebKit/605.1.15 (KHTML, like Gecko) Version/18.7.5 Mobile/15E148 Safari/604.1', NULL, '1', '2026-05-05 07:54:01', '2026-05-06 07:54:01', '2026-05-05 07:10:55');

DROP TABLE IF EXISTS `location_limits`;
CREATE TABLE `location_limits` (
  `id` int(10) unsigned NOT NULL AUTO_INCREMENT,
  `name` varchar(100) NOT NULL DEFAULT 'Giới hạn QR Restaurant',
  `center_lat` decimal(10,8) NOT NULL COMMENT 'Vĩ độ trung tâm (Aurora Hotel)',
  `center_lng` decimal(11,8) NOT NULL COMMENT 'Kinh độ trung tâm',
  `radius_meters` int(10) unsigned NOT NULL DEFAULT 500 COMMENT 'Bán kính giới hạn (m)',
  `is_active` tinyint(1) NOT NULL DEFAULT 1 COMMENT 'Bật/tắt giới hạn vị trí',
  `created_at` timestamp NULL DEFAULT current_timestamp(),
  `updated_at` timestamp NULL DEFAULT current_timestamp() ON UPDATE current_timestamp(),
  PRIMARY KEY (`id`)
) ENGINE=InnoDB AUTO_INCREMENT=3 DEFAULT CHARSET=utf8mb4 COLLATE=utf8mb4_unicode_ci;

INSERT INTO `location_limits` VALUES ('1', 'Giới hạn QR Restaurant', '10.95770000', '106.84480000', '500', '1', '2026-03-08 16:36:35', '2026-03-08 16:36:35');
INSERT INTO `location_limits` VALUES ('2', 'Giới hạn QR Restaurant', '10.95770000', '106.84480000', '500', '1', '2026-03-08 16:46:06', '2026-03-08 16:46:06');

DROP TABLE IF EXISTS `menu_categories`;
CREATE TABLE `menu_categories` (
  `id` int(10) unsigned NOT NULL AUTO_INCREMENT,
  `name` varchar(100) NOT NULL COMMENT 'Tên danh mục: Khai vị, Chính, Tráng miệng...',
  `name_en` varchar(100) DEFAULT NULL COMMENT 'Tên tiếng Anh (tuỳ chọn)',
  `menu_type` varchar(50) DEFAULT 'asia' COMMENT 'Tham chiếu đến type_key trong menu_types',
  `icon` varchar(50) DEFAULT 'fa-utensils' COMMENT 'Font Awesome icon class',
  `sort_order` smallint(5) unsigned DEFAULT 0 COMMENT 'Thứ tự hiển thị',
  `is_active` tinyint(1) NOT NULL DEFAULT 1,
  `created_at` timestamp NOT NULL DEFAULT current_timestamp(),
  `updated_at` timestamp NOT NULL DEFAULT current_timestamp() ON UPDATE current_timestamp(),
  PRIMARY KEY (`id`)
) ENGINE=InnoDB AUTO_INCREMENT=87 DEFAULT CHARSET=utf8mb4 COLLATE=utf8mb4_unicode_ci;

INSERT INTO `menu_categories` VALUES ('68', 'Khai Vị', 'Appetizer', 'asia', 'fa-utensils', '1', '1', '2026-04-08 17:48:52', '2026-04-08 17:48:52');
INSERT INTO `menu_categories` VALUES ('69', 'Súp', 'Soup', 'europe', 'fa-bowl-food', '2', '1', '2026-04-08 17:48:52', '2026-04-09 18:00:41');
INSERT INTO `menu_categories` VALUES ('70', 'Gỏi', 'Vietnamese Salad', 'asia', 'fa-leaf', '3', '1', '2026-04-08 17:48:52', '2026-04-08 17:48:52');
INSERT INTO `menu_categories` VALUES ('71', 'Cơm & Xôi', 'Rice, Sticky Rice', 'asia', 'fa-bowl-rice', '4', '1', '2026-04-08 17:48:52', '2026-04-08 17:48:52');
INSERT INTO `menu_categories` VALUES ('72', 'Mì & Bún', 'Noodle', 'asia', 'fa-utensils', '5', '1', '2026-04-08 17:48:52', '2026-04-08 17:48:52');
INSERT INTO `menu_categories` VALUES ('73', 'Cháo', 'Rice Porridge', 'asia', 'fa-spoon', '6', '1', '2026-04-08 17:48:52', '2026-04-08 17:48:52');
INSERT INTO `menu_categories` VALUES ('74', 'Súp', 'Soup', 'asia', 'fa-bowl-food', '1', '1', '2026-04-08 17:48:52', '2026-04-09 18:00:28');
INSERT INTO `menu_categories` VALUES ('75', 'Xà Lách', 'Salad', 'europe', 'fa-leaf', '2', '1', '2026-04-08 17:48:52', '2026-04-08 17:48:52');
INSERT INTO `menu_categories` VALUES ('76', 'Mì Ý', 'Spaghetti', 'europe', 'fa-utensils', '3', '1', '2026-04-08 17:48:52', '2026-04-08 17:48:52');
INSERT INTO `menu_categories` VALUES ('77', 'Sandwich', 'Sandwich', 'europe', 'fa-bread-slice', '4', '1', '2026-04-08 17:48:52', '2026-04-08 17:48:52');
INSERT INTO `menu_categories` VALUES ('78', 'Món Chính', 'Main Course', 'europe', 'fa-drumstick-bite', '5', '1', '2026-04-08 17:48:52', '2026-04-08 17:48:52');
INSERT INTO `menu_categories` VALUES ('79', 'Tráng Miệng', 'Dessert', 'europe', 'fa-ice-cream', '6', '1', '2026-04-08 17:48:52', '2026-04-08 17:48:52');
INSERT INTO `menu_categories` VALUES ('80', 'Món Phụ', 'Sidedish', 'alacarte', 'fa-utensils', '1', '1', '2026-04-08 17:48:52', '2026-04-08 17:48:52');
INSERT INTO `menu_categories` VALUES ('81', 'Cà Phê', 'Coffee', 'other', 'fa-mug-hot', '1', '1', '2026-04-08 17:48:52', '2026-04-08 17:48:52');
INSERT INTO `menu_categories` VALUES ('82', 'Nước Ép', 'Fruit Juice', 'other', 'fa-glass-whiskey', '2', '1', '2026-04-08 17:48:52', '2026-04-08 17:48:52');
INSERT INTO `menu_categories` VALUES ('83', 'Bia', 'Beer', 'other', 'fa-beer', '3', '1', '2026-04-08 17:48:52', '2026-04-08 17:48:52');
INSERT INTO `menu_categories` VALUES ('84', 'Nước Ngọt', 'Soft Drink', 'other', 'fa-bottle-water', '4', '1', '2026-04-08 17:48:52', '2026-04-08 17:48:52');
INSERT INTO `menu_categories` VALUES ('85', 'Nước Suối', 'Mineral Water', 'other', 'fa-wine-bottle', '5', '1', '2026-04-08 17:48:52', '2026-04-08 17:48:52');
INSERT INTO `menu_categories` VALUES ('86', 'Trà', 'Tea Collection', 'other', 'fa-flask', '6', '1', '2026-04-08 17:48:52', '2026-04-08 17:48:52');

DROP TABLE IF EXISTS `menu_categories_backup`;
CREATE TABLE `menu_categories_backup` (
  `id` int(10) unsigned NOT NULL DEFAULT 0,
  `name` varchar(100) CHARACTER SET utf8mb4 COLLATE utf8mb4_unicode_ci NOT NULL COMMENT 'Tên danh mục: Khai vị, Chính, Tráng miệng...',
  `name_en` varchar(100) CHARACTER SET utf8mb4 COLLATE utf8mb4_unicode_ci DEFAULT NULL COMMENT 'Tên tiếng Anh (tuỳ chọn)',
  `menu_type` enum('asia','europe','alacarte','set','other') CHARACTER SET utf8mb4 COLLATE utf8mb4_unicode_ci DEFAULT 'asia',
  `icon` varchar(50) CHARACTER SET utf8mb4 COLLATE utf8mb4_unicode_ci DEFAULT 'fa-utensils' COMMENT 'Font Awesome icon class',
  `sort_order` smallint(5) unsigned DEFAULT 0 COMMENT 'Thứ tự hiển thị',
  `is_active` tinyint(1) NOT NULL DEFAULT 1,
  `created_at` timestamp NOT NULL DEFAULT current_timestamp(),
  `updated_at` timestamp NOT NULL DEFAULT current_timestamp() ON UPDATE current_timestamp()
) ENGINE=MyISAM DEFAULT CHARSET=latin1 COLLATE=latin1_swedish_ci;


DROP TABLE IF EXISTS `menu_items`;
CREATE TABLE `menu_items` (
  `id` int(10) unsigned NOT NULL AUTO_INCREMENT,
  `category_id` int(10) unsigned NOT NULL,
  `menu_type` varchar(50) DEFAULT 'asia' COMMENT 'Tham chiếu đến type_key trong menu_types',
  `name` varchar(150) NOT NULL COMMENT 'Tên món',
  `name_en` varchar(150) DEFAULT NULL COMMENT 'Tên tiếng Anh (tuỳ chọn)',
  `description` text DEFAULT NULL COMMENT 'Mô tả món',
  `price` decimal(10,0) NOT NULL DEFAULT 0 COMMENT 'Giá (VND)',
  `image` varchar(255) DEFAULT NULL COMMENT 'Đường dẫn ảnh món',
  `is_available` tinyint(1) NOT NULL DEFAULT 1 COMMENT '1=còn hàng, 0=hết hàng',
  `is_active` tinyint(1) NOT NULL DEFAULT 1 COMMENT '1=hiển thị, 0=ẩn',
  `service_type` enum('restaurant','room_service','both') NOT NULL DEFAULT 'both',
  `stock` int(11) NOT NULL DEFAULT -1,
  `tags` set('bestseller','new','spicy','vegetarian','recommended') DEFAULT NULL,
  `note_options` text DEFAULT NULL,
  `note_options_en` text DEFAULT NULL,
  `sort_order` smallint(5) unsigned DEFAULT 0,
  `created_at` timestamp NOT NULL DEFAULT current_timestamp(),
  `updated_at` timestamp NOT NULL DEFAULT current_timestamp() ON UPDATE current_timestamp(),
  PRIMARY KEY (`id`),
  KEY `idx_items_category` (`category_id`),
  KEY `idx_items_available` (`is_available`,`is_active`),
  CONSTRAINT `fk_items_category` FOREIGN KEY (`category_id`) REFERENCES `menu_categories` (`id`) ON UPDATE CASCADE
) ENGINE=InnoDB AUTO_INCREMENT=308 DEFAULT CHARSET=utf8mb4 COLLATE=utf8mb4_unicode_ci;

INSERT INTO `menu_items` VALUES ('199', '68', 'asia', 'Phở Cuốn', 'Rice Pancake Rolls with Beef', 'Phở cuốn với bò', '197640', NULL, '1', '1', 'restaurant', '-1', NULL, NULL, NULL, '0', '2026-04-08 17:48:52', '2026-04-23 10:23:59');
INSERT INTO `menu_items` VALUES ('200', '68', 'asia', 'Bò Cuộn Cải Xanh', 'Mustard Leaf Rolls with Beef', 'Bò cuốn lá xanh mù tạt', '197640', NULL, '1', '1', 'restaurant', '-1', NULL, NULL, NULL, '0', '2026-04-08 17:48:52', '2026-04-23 10:12:45');
INSERT INTO `menu_items` VALUES ('201', '68', 'asia', 'Gỏi Ngó Sen Đưa Tôm Thịt', 'Lotus Stems Salad with Shrimp & Pork', 'Gỏi ngó sen tôm thịt', '227880', NULL, '1', '1', 'restaurant', '-1', NULL, NULL, NULL, '0', '2026-04-08 17:48:52', '2026-04-23 10:22:59');
INSERT INTO `menu_items` VALUES ('202', '68', 'asia', 'Gỏi Củ Hủ Dừa Tôm Thịt', 'Coconut Palm Salad with Shrimp & Pork', 'Gỏi củ hủ dừa tôm thịt', '227880', NULL, '1', '1', 'restaurant', '-1', NULL, NULL, NULL, '0', '2026-04-08 17:48:52', '2026-04-23 10:19:16');
INSERT INTO `menu_items` VALUES ('203', '68', 'asia', 'Gỏi Cuốn Tôm Thịt', 'Fresh Spring Rolls with Shrimp & Pork', 'Gỏi cuốn tôm thịt tươi', '179280', NULL, '1', '1', 'restaurant', '-1', NULL, NULL, NULL, '0', '2026-04-08 17:48:52', '2026-04-23 10:22:42');
INSERT INTO `menu_items` VALUES ('204', '68', 'asia', 'Chả Giò Hải Sản Aurora', 'Aurora Deep Fried Seafood Spring Rolls', 'Chả giò hải sản Aurora', '179280', NULL, '1', '1', 'both', '-1', NULL, NULL, NULL, '0', '2026-04-08 17:48:52', '2026-04-23 10:13:59');
INSERT INTO `menu_items` VALUES ('205', '69', 'europe', 'Súp Bào Ngư Hải Sản', 'Abalone Seafood Soup', 'Súp bào ngư hải sản', '167400', NULL, '1', '1', 'restaurant', '-1', NULL, NULL, NULL, '0', '2026-04-08 17:48:52', '2026-04-23 10:28:47');
INSERT INTO `menu_items` VALUES ('206', '69', 'europe', 'Súp Cua Hải Sản Tam Tơ', 'Tam To Crab Meat & Seafood Soup', 'Súp cua hải sản tam tố', '162000', NULL, '1', '1', 'restaurant', '-1', NULL, NULL, NULL, '0', '2026-04-08 17:48:52', '2026-04-23 10:29:10');
INSERT INTO `menu_items` VALUES ('222', '71', 'asia', 'Cơm Chiên Cá Mặn Gà Xé', 'Fried Rice with Salted Fish & Shredded Chicken', 'Cơm chiên cá mặn gà xé', '131760', NULL, '1', '1', 'restaurant', '-1', NULL, NULL, NULL, '0', '2026-04-08 17:48:52', '2026-05-04 11:47:22');
INSERT INTO `menu_items` VALUES ('223', '71', 'asia', 'Cơm Chiên Hải Sản Kim Sa', 'Seafood Fried Rice with Salted Egg', 'Cơm chiên hải sản kim sa', '162000', NULL, '1', '1', 'restaurant', '-1', NULL, NULL, NULL, '0', '2026-04-08 17:48:52', '2026-05-04 11:47:53');
INSERT INTO `menu_items` VALUES ('224', '71', 'asia', 'Cơm Chiên Thịt Xá Xíu Xốt XO', 'Fried Rice with Char Siu & XO Sauce', 'Cơm chiên thịt xá xíu xốt XO', '162000', NULL, '1', '1', 'restaurant', '-1', NULL, NULL, NULL, '0', '2026-04-08 17:48:52', '2026-05-04 11:48:10');
INSERT INTO `menu_items` VALUES ('229', '72', 'asia', 'Bún Mọc Măng Dọc Mùng', 'Vietnamese Colocasia Gigantea Noodle Soup', 'Bún mọc măng dọc mùng', '102600', NULL, '1', '1', 'restaurant', '-1', NULL, NULL, NULL, '0', '2026-04-08 17:48:52', '2026-05-04 11:53:29');
INSERT INTO `menu_items` VALUES ('230', '72', 'asia', 'Bún Ốc Hà Nội', 'Vietnamese Noodle Soup with Snail', 'Bún ốc Hà Nội', '102600', NULL, '1', '1', 'restaurant', '-1', NULL, NULL, NULL, '0', '2026-04-08 17:48:52', '2026-05-04 11:53:41');
INSERT INTO `menu_items` VALUES ('231', '72', 'asia', 'Bún Cá Hà Nội', 'Vietnamese Fish Noodle Soup', 'Bún cá Hà Nội', '102600', NULL, '1', '1', 'restaurant', '-1', NULL, NULL, NULL, '0', '2026-04-08 17:48:52', '2026-05-04 11:53:11');
INSERT INTO `menu_items` VALUES ('232', '72', 'asia', 'Bún Xào Singapore', 'Stir Fried Rice Noodle Singapore Style', 'Bún xào Singapore', '221400', NULL, '1', '1', 'restaurant', '-1', NULL, NULL, NULL, '0', '2026-04-08 17:48:52', '2026-05-04 11:54:15');
INSERT INTO `menu_items` VALUES ('233', '72', 'asia', 'Miến Xào Hàn Quốc', 'Stir Fried Vermicelli with Beef & Vegetables', 'Miến xào Hàn Quốc', '281880', NULL, '1', '1', 'restaurant', '-1', NULL, NULL, NULL, '0', '2026-04-08 17:48:52', '2026-05-04 11:58:57');
INSERT INTO `menu_items` VALUES ('234', '72', 'asia', 'Mì Xào Tôm', 'Stir Fried Yellow Noodle with Shrimp', 'Mì xào tôm', '192240', NULL, '1', '1', 'restaurant', '-1', NULL, NULL, NULL, '0', '2026-04-08 17:48:52', '2026-05-04 11:57:59');
INSERT INTO `menu_items` VALUES ('235', '72', 'asia', 'Mì Xào Thịt Bò', 'Stir Fried Yellow Noodle with Beef', 'Mì xào thịt bò', '227880', NULL, '1', '1', 'restaurant', '-1', NULL, NULL, NULL, '0', '2026-04-08 17:48:52', '2026-05-04 11:56:45');
INSERT INTO `menu_items` VALUES ('236', '72', 'asia', 'Mì Xào Hải Sản', 'Stir Fried Yellow Noodle with Seafood', 'Mì xào hải sản', '227880', NULL, '1', '1', 'restaurant', '-1', NULL, NULL, NULL, '0', '2026-04-08 17:48:52', '2026-05-04 11:56:33');
INSERT INTO `menu_items` VALUES ('241', '73', 'asia', 'Cháo Bò Bằm', 'Rice Porridge with Minced Beef', 'Cháo bò bằm', '131760', NULL, '1', '1', 'restaurant', '-1', NULL, NULL, NULL, '0', '2026-04-08 17:48:52', '2026-05-05 06:57:43');
INSERT INTO `menu_items` VALUES ('242', '73', 'asia', 'Cháo Thịt Bằm', 'Rice Porridge with Minced Pork', 'Cháo thịt bằm', '108000', NULL, '1', '1', 'restaurant', '-1', NULL, NULL, NULL, '0', '2026-04-08 17:48:52', '2026-05-05 06:59:13');
INSERT INTO `menu_items` VALUES ('243', '73', 'asia', 'Cháo Hải Sản', 'Rice Porridge with Seafood', 'Cháo hải sản', '185760', NULL, '1', '1', 'restaurant', '-1', NULL, NULL, NULL, '0', '2026-04-08 17:48:52', '2026-05-05 06:58:41');
INSERT INTO `menu_items` VALUES ('248', '74', 'asia', 'Súp Kem Bí Đỏ', 'Pumpkin Soup', 'Súp kem bí đỏ với kem, phô mai, bánh mì', '137160', NULL, '1', '1', 'restaurant', '-1', NULL, NULL, NULL, '0', '2026-04-08 17:48:52', '2026-04-23 10:24:41');
INSERT INTO `menu_items` VALUES ('249', '74', 'asia', 'Súp Kem Nấm Tươi', 'Creamy Mushroom Soup', 'Súp kem nấm tươi', '137160', NULL, '1', '1', 'restaurant', '-1', NULL, NULL, NULL, '0', '2026-04-08 17:48:52', '2026-04-23 10:24:56');
INSERT INTO `menu_items` VALUES ('250', '74', 'asia', 'Súp Khoai Tây Thịt Nguội', 'Ham & Potato Soup', 'Súp khoai tây thịt nguội', '137160', NULL, '1', '1', 'restaurant', '-1', NULL, NULL, NULL, '0', '2026-04-08 17:48:52', '2026-04-23 10:25:10');
INSERT INTO `menu_items` VALUES ('251', '75', 'europe', 'Xà Lách Trộn Kiểu Pháp', 'Caesar Salad', 'Xà lách Romaine, gà, bacon, phô mai Parmesan', '173880', NULL, '1', '1', 'restaurant', '-1', NULL, NULL, NULL, '0', '2026-04-08 17:48:52', '2026-04-23 10:31:25');
INSERT INTO `menu_items` VALUES ('252', '75', 'europe', 'Xà Lách Cá Ngừ Kiểu Pháp', 'Nicoise Salad', 'Xà lách cá ngừ kiểu Pháp', '173880', NULL, '1', '1', 'restaurant', '-1', NULL, NULL, NULL, '0', '2026-04-08 17:48:52', '2026-04-23 10:26:24');
INSERT INTO `menu_items` VALUES ('253', '75', 'europe', 'Xà Lách Gà Nướng', 'Grilled Chicken Salad', 'Xà lách gà nướng', '162000', NULL, '1', '1', 'restaurant', '-1', NULL, NULL, NULL, '0', '2026-04-08 17:48:52', '2026-04-23 10:31:08');
INSERT INTO `menu_items` VALUES ('254', '76', 'europe', 'Spaghetti Bolognese', 'Spaghetti Bolognese', 'Mì Ý sốt bò bằm', '258120', NULL, '1', '1', 'restaurant', '-1', NULL, NULL, NULL, '0', '2026-04-08 17:48:52', '2026-05-04 11:43:59');
INSERT INTO `menu_items` VALUES ('255', '76', 'europe', 'Spaghetti Carbonara', 'Spaghetti Carbonara', 'Mì Ý sốt kem', '227880', NULL, '1', '1', 'restaurant', '-1', NULL, NULL, NULL, '0', '2026-04-08 17:48:52', '2026-05-04 11:44:14');
INSERT INTO `menu_items` VALUES ('256', '76', 'europe', 'Spaghetti Marinara', 'Spaghetti Marinara', 'Mì Ý sốt hải sản', '305640', NULL, '1', '1', 'restaurant', '-1', NULL, NULL, NULL, '0', '2026-04-08 17:48:52', '2026-05-04 11:44:42');
INSERT INTO `menu_items` VALUES ('257', '77', 'europe', 'Bánh Mì Sandwich Kẹp Phô Mai Thịt Nguội', 'Ham Cheese Sandwich', 'Bánh mì sandwich kẹp phô mai thịt nguội', '209520', NULL, '1', '1', 'restaurant', '-1', NULL, NULL, NULL, '0', '2026-04-08 17:48:52', '2026-05-04 11:46:09');
INSERT INTO `menu_items` VALUES ('258', '77', 'europe', 'Bánh Mì Sandwich Thập Cẩm', 'Club Sandwich', 'Bánh mì sandwich thập cẩm', '251640', NULL, '1', '1', 'restaurant', '-1', NULL, NULL, NULL, '0', '2026-04-08 17:48:52', '2026-05-04 11:46:34');
INSERT INTO `menu_items` VALUES ('259', '77', 'europe', 'Burger Bò', 'Beef Burger', 'Burger bò', '258120', NULL, '1', '1', 'restaurant', '-1', NULL, NULL, NULL, '0', '2026-04-08 17:48:52', '2026-05-04 11:45:49');
INSERT INTO `menu_items` VALUES ('262', '78', 'europe', 'Cá Hồi Nướng Xốt Nấm Hoặc Xốt Tiêu', 'Grilled Salmon with Mushroom Sauce or Pepper Sauce', 'Cá hồi nướng xốt nấm hoặc xốt tiêu', '569160', NULL, '1', '1', 'restaurant', '-1', NULL, NULL, NULL, '0', '2026-04-08 17:48:52', '2026-05-04 11:55:31');
INSERT INTO `menu_items` VALUES ('263', '78', 'europe', 'Ức Vịt Xông Khói Xốt Samba', 'Smoked Duck Breast with Samba Sauce', 'Ức vịt xông khói xốt samba', '245160', NULL, '1', '1', 'restaurant', '-1', NULL, NULL, NULL, '0', '2026-04-08 17:48:52', '2026-05-05 06:57:14');
INSERT INTO `menu_items` VALUES ('264', '78', 'europe', 'Ức Gà Nướng Xốt Nấm', 'Grilled Chicken Breast with Mushroom Sauce', 'Ức gà nướng xốt nấm', '185760', NULL, '1', '1', 'restaurant', '-1', NULL, NULL, NULL, '0', '2026-04-08 17:48:52', '2026-05-05 06:56:48');
INSERT INTO `menu_items` VALUES ('265', '78', 'europe', 'Thăn Bò Áp Chảo Xốt Nấm Hoặc Xốt Tiêu', 'Roasted Beef Tenderloin with Mushroom Sauce or Pepper Sauce', 'Thăn bò áp chảo xốt nấm hoặc xốt tiêu', '426600', NULL, '1', '1', 'restaurant', '-1', NULL, NULL, NULL, '0', '2026-04-08 17:48:52', '2026-05-05 06:56:09');
INSERT INTO `menu_items` VALUES ('270', '79', 'europe', 'Xoài Đốt Rượu', 'Mango Flambe', 'Xoài đốt rượu', '113400', NULL, '1', '1', 'restaurant', '-1', NULL, NULL, NULL, '0', '2026-04-08 17:48:52', '2026-05-05 07:03:12');
INSERT INTO `menu_items` VALUES ('271', '79', 'europe', 'Thơm Đốt Rượu', 'Pineapple Flambe', 'Thơm đốt rượu', '101520', NULL, '1', '1', 'restaurant', '-1', NULL, NULL, NULL, '0', '2026-04-08 17:48:52', '2026-05-05 07:00:00');
INSERT INTO `menu_items` VALUES ('272', '79', 'europe', 'Chuối Đốt Rượu', 'Banana Flambe', 'Chuối đốt rượu', '101520', NULL, '1', '1', 'restaurant', '-1', NULL, NULL, NULL, '0', '2026-04-08 17:48:52', '2026-05-05 06:59:46');
INSERT INTO `menu_items` VALUES ('274', '79', 'europe', 'Trái Cây 3 Loại', '03 Kind of Seasonal Fresh Fruit', 'Trái cây 3 loại: Xoài, Thơm, Ổi', '179280', NULL, '1', '1', 'restaurant', '-1', NULL, NULL, NULL, '0', '2026-04-08 17:48:52', '2026-05-05 07:01:51');
INSERT INTO `menu_items` VALUES ('275', '79', 'europe', 'Trái Cây 4 Loại', '04 Kind of Seasonal Fresh Fruit', 'Trái cây 4 loại: Xoài, Thơm, Ổi, Dưa Hấu', '227880', NULL, '1', '1', 'restaurant', '-1', NULL, NULL, NULL, '0', '2026-04-08 17:48:52', '2026-05-05 07:02:16');
INSERT INTO `menu_items` VALUES ('278', '80', 'alacarte', 'Xà Lách Trộn Dầu Giấm', 'Mixed Salad with Vinegar Dressing', 'Xà lách, cà chua, hành tây, dưa leo', '54000', NULL, '1', '1', 'restaurant', '-1', NULL, NULL, NULL, '0', '2026-04-08 17:48:52', '2026-04-23 10:25:25');
INSERT INTO `menu_items` VALUES ('279', '80', 'alacarte', 'Rau Thập Cẩm Xào Tỏi', 'Stir Fried Vegetables with Garlic', 'Rau thập cẩm xào tỏi', '162000', NULL, '1', '1', 'restaurant', '-1', NULL, NULL, NULL, '0', '2026-04-08 17:48:52', '2026-04-23 10:24:25');
INSERT INTO `menu_items` VALUES ('280', '80', 'alacarte', 'Bánh Mì Bơ Tỏi', 'Garlic Bread', 'Bánh mì bơ lát tỏi băm', '84024', NULL, '1', '1', 'restaurant', '-1', NULL, NULL, NULL, '0', '2026-04-08 17:48:52', '2026-04-23 10:09:45');
INSERT INTO `menu_items` VALUES ('281', '80', 'alacarte', 'Khoai Tây Chiên', 'French Fries', 'Khoai tây chiên', '60000', NULL, '1', '1', 'restaurant', '-1', NULL, NULL, NULL, '0', '2026-04-08 17:48:52', '2026-05-04 11:37:37');
INSERT INTO `menu_items` VALUES ('282', '80', 'alacarte', 'Cơm Trắng Thố', 'Steamed Rice / Big Bowl', 'Cơm trắng thố', '77760', NULL, '1', '1', 'restaurant', '-1', NULL, NULL, NULL, '0', '2026-04-08 17:48:52', '2026-04-23 10:15:47');
INSERT INTO `menu_items` VALUES ('283', '80', 'alacarte', 'Cơm Trắng Chén', 'Steamed Rice / Small Bowl', 'Cơm trắng chén', '29160', NULL, '1', '1', 'both', '-1', NULL, NULL, NULL, '0', '2026-04-08 17:48:52', '2026-04-23 10:15:31');
INSERT INTO `menu_items` VALUES ('286', '81', 'other', 'Cà Phê Đen', 'Coffee', 'Cà phê nóng hoặc đá', '41040', NULL, '1', '1', 'both', '-1', NULL, 'Nóng, Đá', 'Hot, Iced', '0', '2026-04-08 17:48:52', '2026-04-23 10:13:17');
INSERT INTO `menu_items` VALUES ('287', '81', 'other', 'Cà Phê Sữa', 'Coffee with Condensed Milk', 'Cà phê sữa nóng hoặc đá', '47520', NULL, '1', '1', 'both', '-1', NULL, 'Nóng, Đá', 'Hot, Iced', '0', '2026-04-08 17:48:52', '2026-04-23 10:13:36');
INSERT INTO `menu_items` VALUES ('288', '81', 'other', 'Bạc Sỉu', 'Fresh Milk with Coffee', 'Bạc sỉu nóng hoặc đá', '47520', NULL, '1', '1', 'both', '-1', NULL, 'Nóng, Đá', 'Hot, Iced', '0', '2026-04-08 17:48:52', '2026-04-23 10:04:05');
INSERT INTO `menu_items` VALUES ('289', '82', 'other', 'Nước Cam Tươi', 'Orange Juice', 'Nước cam tươi', '71280', NULL, '1', '1', 'both', '-1', NULL, NULL, NULL, '0', '2026-04-08 17:48:52', '2026-04-23 10:26:48');
INSERT INTO `menu_items` VALUES ('290', '82', 'other', 'Nước Ép Xoài', 'Mango Juice', 'Nước xoài', '77760', NULL, '1', '1', 'both', '-1', NULL, NULL, NULL, '0', '2026-04-08 17:48:52', '2026-04-23 10:28:28');
INSERT INTO `menu_items` VALUES ('291', '82', 'other', 'Nước Ép Thơm', 'Pineapple Juice', 'Nước ép thơm', '71280', NULL, '1', '1', 'both', '-1', NULL, NULL, NULL, '0', '2026-04-08 17:48:52', '2026-04-23 10:28:14');
INSERT INTO `menu_items` VALUES ('292', '82', 'other', 'Nước Ép Dưa Hấu', 'Water Melon Juice', 'Nước ép dưa hấu', '71280', NULL, '1', '1', 'both', '-1', NULL, NULL, NULL, '0', '2026-04-08 17:48:52', '2026-04-23 10:28:01');
INSERT INTO `menu_items` VALUES ('293', '82', 'other', 'Nước Chanh Dây', 'Passion Fruit Juice', 'Nước chanh dây', '71280', NULL, '1', '1', 'both', '-1', NULL, NULL, NULL, '0', '2026-04-08 17:48:52', '2026-04-23 10:27:03');
INSERT INTO `menu_items` VALUES ('294', '83', 'other', 'Tiger Can Lon', 'Tiger', 'Bia Tiger can lon', '35640', NULL, '1', '1', 'both', '-1', NULL, NULL, NULL, '0', '2026-04-08 17:48:52', '2026-05-04 11:40:18');
INSERT INTO `menu_items` VALUES ('295', '83', 'other', 'Tiger Silver Can Lon', 'Tiger Silver', 'Bia Tiger Silver can lon', '37800', NULL, '1', '1', 'both', '-1', NULL, NULL, NULL, '0', '2026-04-08 17:48:52', '2026-05-04 11:41:51');
INSERT INTO `menu_items` VALUES ('296', '83', 'other', 'Heineken Can Lon', 'Heineken', 'Bia Heineken can lon', '39960', NULL, '1', '1', 'both', '-1', NULL, NULL, NULL, '0', '2026-04-08 17:48:52', '2026-05-04 11:40:41');
INSERT INTO `menu_items` VALUES ('297', '83', 'other', 'Heineken Silver Can Lon', 'Heineken Silver', 'Bia Heineken Silver can lon', '43200', NULL, '1', '1', 'both', '-1', NULL, NULL, NULL, '0', '2026-04-08 17:48:52', '2026-05-04 11:41:12');
INSERT INTO `menu_items` VALUES ('298', '84', 'other', 'Pepsi', 'Pepsi', 'Nước ngọt Pepsi', '29160', NULL, '1', '1', 'both', '-1', NULL, NULL, NULL, '0', '2026-04-08 17:48:52', '2026-05-04 11:50:37');
INSERT INTO `menu_items` VALUES ('299', '84', 'other', '7 Up', '7 Up', 'Nước ngọt 7 Up', '29160', NULL, '1', '1', 'both', '-1', NULL, NULL, NULL, '0', '2026-04-08 17:48:52', '2026-05-04 11:42:25');
INSERT INTO `menu_items` VALUES ('301', '85', 'other', 'Aquafina 500ml', 'Aquafina 500ml', 'Nước suối Aquafina 500ml', '23760', NULL, '1', '1', 'both', '-1', NULL, NULL, NULL, '0', '2026-04-08 17:48:52', '2026-05-04 11:51:58');
INSERT INTO `menu_items` VALUES ('305', '86', 'other', 'Trà Lipton', 'Lipton Tea', 'Trà Lipton', '59400', NULL, '1', '1', 'both', '-1', NULL, NULL, NULL, '0', '2026-04-08 17:48:52', '2026-05-05 07:01:21');
INSERT INTO `menu_items` VALUES ('307', '86', 'other', 'Trà Lài', 'Jasmine Tea', 'Trà lài', '59400', NULL, '1', '1', 'both', '-1', NULL, NULL, NULL, '0', '2026-04-08 17:48:52', '2026-05-05 07:01:05');

DROP TABLE IF EXISTS `menu_set_items`;
CREATE TABLE `menu_set_items` (
  `id` int(10) unsigned NOT NULL AUTO_INCREMENT,
  `set_id` int(10) unsigned NOT NULL,
  `menu_item_id` int(10) unsigned NOT NULL,
  `quantity` tinyint(3) unsigned NOT NULL DEFAULT 1,
  `is_required` tinyint(1) NOT NULL DEFAULT 1 COMMENT '1=bắt buộc, 0=tuỳ chọn',
  `sort_order` smallint(5) unsigned DEFAULT 0,
  `created_at` timestamp NOT NULL DEFAULT current_timestamp(),
  PRIMARY KEY (`id`),
  KEY `fk_set_items_set` (`set_id`),
  KEY `fk_set_items_menu` (`menu_item_id`),
  CONSTRAINT `fk_set_items_menu` FOREIGN KEY (`menu_item_id`) REFERENCES `menu_items` (`id`) ON DELETE CASCADE,
  CONSTRAINT `fk_set_items_set` FOREIGN KEY (`set_id`) REFERENCES `menu_sets` (`id`) ON DELETE CASCADE
) ENGINE=InnoDB AUTO_INCREMENT=32 DEFAULT CHARSET=utf8mb4 COLLATE=utf8mb4_unicode_ci;


DROP TABLE IF EXISTS `menu_sets`;
CREATE TABLE `menu_sets` (
  `id` int(10) unsigned NOT NULL AUTO_INCREMENT,
  `name` varchar(150) NOT NULL COMMENT 'Tên set',
  `name_en` varchar(150) DEFAULT NULL,
  `description` text DEFAULT NULL,
  `price` decimal(10,0) NOT NULL DEFAULT 0,
  `image` varchar(255) DEFAULT NULL,
  `is_active` tinyint(1) NOT NULL DEFAULT 1,
  `sort_order` smallint(5) unsigned DEFAULT 0,
  `created_at` timestamp NOT NULL DEFAULT current_timestamp(),
  `updated_at` timestamp NOT NULL DEFAULT current_timestamp() ON UPDATE current_timestamp(),
  PRIMARY KEY (`id`)
) ENGINE=InnoDB AUTO_INCREMENT=21 DEFAULT CHARSET=utf8mb4 COLLATE=utf8mb4_unicode_ci;


DROP TABLE IF EXISTS `menu_types`;
CREATE TABLE `menu_types` (
  `id` int(10) unsigned NOT NULL AUTO_INCREMENT,
  `name` varchar(100) NOT NULL COMMENT 'Tên tiếng Việt',
  `name_en` varchar(100) DEFAULT NULL COMMENT 'Tên tiếng Anh (tuỳ chọn)',
  `type_key` varchar(50) NOT NULL COMMENT 'Mã định danh (vd: asia, europe, alacarte)',
  `description` text DEFAULT NULL COMMENT 'Mô tả ngắn',
  `color` varchar(20) DEFAULT '#0ea5e9' COMMENT 'Màu sắc đại diện (hex)',
  `icon` varchar(50) DEFAULT 'fa-utensils' COMMENT 'Font Awesome icon class',
  `sort_order` int(11) DEFAULT 0 COMMENT 'Thứ tự sắp xếp',
  `is_active` tinyint(1) DEFAULT 1 COMMENT '1: Hiện, 0: Ẩn',
  `created_at` timestamp NULL DEFAULT current_timestamp(),
  `updated_at` timestamp NULL DEFAULT current_timestamp() ON UPDATE current_timestamp(),
  PRIMARY KEY (`id`),
  UNIQUE KEY `uk_type_key` (`type_key`),
  KEY `idx_types_active` (`is_active`),
  KEY `idx_types_sort` (`sort_order`)
) ENGINE=InnoDB AUTO_INCREMENT=22 DEFAULT CHARSET=utf8mb4 COLLATE=utf8mb4_unicode_ci COMMENT='Phân loại menu (Á, Âu, Alacarte, Khác)';

INSERT INTO `menu_types` VALUES ('18', 'Món Á', 'Asian Cuisine', 'asia', 'Các món ăn truyền thống châu Á', '#0ea5e9', 'fa-bowl-rice', '1', '1', '2026-04-08 17:48:52', '2026-04-08 17:48:52');
INSERT INTO `menu_types` VALUES ('19', 'Món Âu', 'European Cuisine', 'europe', 'Các món ăn phong cách châu Âu', '#8b5cf6', 'fa-wine-glass', '2', '1', '2026-04-08 17:48:52', '2026-04-08 17:48:52');
INSERT INTO `menu_types` VALUES ('20', 'Alacarte', 'Alacarte', 'alacarte', 'Các món gọi riêng', '#f59e0b', 'fa-utensils', '3', '1', '2026-04-08 17:48:52', '2026-04-08 17:48:52');
INSERT INTO `menu_types` VALUES ('21', 'Đồ Uống', 'Beverages', 'other', 'Đồ uống các loại', '#10b981', 'fa-cocktail', '4', '1', '2026-04-08 17:48:52', '2026-04-08 17:48:52');

DROP TABLE IF EXISTS `order_items`;
CREATE TABLE `order_items` (
  `id` int(10) unsigned NOT NULL AUTO_INCREMENT,
  `order_id` int(10) unsigned NOT NULL,
  `table_id` int(11) unsigned DEFAULT NULL COMMENT 'Bàn vật lý mà món này thuộc về (cho merged tables)',
  `menu_item_id` int(10) unsigned NOT NULL,
  `item_name` varchar(150) NOT NULL COMMENT 'Snapshot tên món tại thời điểm ghi',
  `item_price` decimal(10,0) NOT NULL COMMENT 'Snapshot giá tại thời điểm ghi',
  `quantity` tinyint(3) unsigned NOT NULL DEFAULT 1,
  `note` varchar(255) DEFAULT NULL COMMENT 'Ghi chú: không hành, ít cay...',
  `split_from_item_id` int(11) unsigned DEFAULT NULL COMMENT 'ID của món gốc mà món này được tách từ đó',
  `is_split_item` tinyint(1) unsigned DEFAULT 0 COMMENT '1 = món này đã được tách từ bàn khác',
  `status` enum('draft','confirmed','cancelled') DEFAULT 'draft',
  `customer_id` varchar(64) DEFAULT NULL COMMENT 'Session ID của khách hàng (cho customer ordering)',
  `submitted_at` timestamp NULL DEFAULT NULL COMMENT 'Thời gian khách gửi món (chuyển từ draft sang pending)',
  `created_at` timestamp NOT NULL DEFAULT current_timestamp(),
  `updated_at` timestamp NOT NULL DEFAULT current_timestamp() ON UPDATE current_timestamp(),
  PRIMARY KEY (`id`),
  KEY `fk_order_items_order` (`order_id`),
  KEY `fk_order_items_menu` (`menu_item_id`),
  KEY `idx_order_items_table` (`table_id`),
  KEY `idx_split_tracking` (`is_split_item`,`split_from_item_id`),
  KEY `idx_table_status` (`table_id`,`status`),
  KEY `idx_customer_id` (`customer_id`),
  KEY `idx_submitted_at` (`submitted_at`),
  CONSTRAINT `fk_order_items_menu` FOREIGN KEY (`menu_item_id`) REFERENCES `menu_items` (`id`) ON UPDATE CASCADE,
  CONSTRAINT `fk_order_items_order` FOREIGN KEY (`order_id`) REFERENCES `orders` (`id`) ON DELETE CASCADE ON UPDATE CASCADE,
  CONSTRAINT `fk_order_items_table` FOREIGN KEY (`table_id`) REFERENCES `tables` (`id`) ON DELETE SET NULL ON UPDATE CASCADE
) ENGINE=InnoDB AUTO_INCREMENT=99 DEFAULT CHARSET=utf8mb4 COLLATE=utf8mb4_unicode_ci;

INSERT INTO `order_items` VALUES ('53', '58', '1', '288', 'Bạc Sỉu', '47520', '1', '', NULL, '0', '', '94e00f00ae5ea9775b2455717d5b8bf2', '2026-04-24 07:43:41', '2026-04-24 07:43:41', '2026-04-24 07:43:41');
INSERT INTO `order_items` VALUES ('54', '59', '2', '287', 'Cà Phê Sữa', '47520', '1', '', NULL, '0', '', '51dfd621bda1b104045bc1ec94dca4c0', '2026-04-24 08:08:59', '2026-04-24 08:08:59', '2026-04-24 08:08:59');
INSERT INTO `order_items` VALUES ('55', '59', '2', '286', 'Cà Phê Đen', '41040', '2', '', NULL, '0', '', '51dfd621bda1b104045bc1ec94dca4c0', '2026-04-24 08:08:59', '2026-04-24 08:08:59', '2026-04-24 08:08:59');
INSERT INTO `order_items` VALUES ('56', '61', '3', '201', 'Gỏi Ngó Sen Đưa Tôm Thịt', '227880', '1', '', NULL, '0', '', '9f93a7e074d4c8deaac49e1352d657fc', '2026-04-24 09:17:48', '2026-04-24 09:17:48', '2026-04-24 09:17:48');
INSERT INTO `order_items` VALUES ('57', '61', '3', '283', 'Cơm Trắng Chén', '29160', '1', '', NULL, '0', '', '9f93a7e074d4c8deaac49e1352d657fc', '2026-04-24 09:17:48', '2026-04-24 09:17:48', '2026-04-24 09:17:48');
INSERT INTO `order_items` VALUES ('58', '61', '3', '288', 'Bạc Sỉu', '47520', '1', '', NULL, '0', '', '38535b019ae17be5d5225eee34657946', '2026-04-24 09:21:20', '2026-04-24 09:21:20', '2026-04-24 09:21:20');
INSERT INTO `order_items` VALUES ('59', '61', '3', '286', 'Cà Phê Đen', '41040', '1', '', NULL, '0', '', '38535b019ae17be5d5225eee34657946', '2026-04-24 09:21:20', '2026-04-24 09:21:20', '2026-04-24 09:21:20');
INSERT INTO `order_items` VALUES ('60', '61', '3', '287', 'Cà Phê Sữa', '47520', '1', '', NULL, '0', '', '38535b019ae17be5d5225eee34657946', '2026-04-24 09:21:20', '2026-04-24 09:21:20', '2026-04-24 09:21:20');
INSERT INTO `order_items` VALUES ('61', '61', '3', '200', 'Bò Cuộn Cải Xanh', '197640', '1', '', NULL, '0', '', '38535b019ae17be5d5225eee34657946', '2026-04-24 09:21:20', '2026-04-24 09:21:20', '2026-04-24 09:21:20');
INSERT INTO `order_items` VALUES ('62', '61', '3', '204', 'Chả Giò Hải Sản Aurora', '179280', '2', '', NULL, '0', '', '38535b019ae17be5d5225eee34657946', '2026-04-24 09:21:20', '2026-04-24 09:21:20', '2026-04-24 09:21:20');
INSERT INTO `order_items` VALUES ('63', '61', '3', '202', 'Gỏi Củ Hủ Dừa Tôm Thịt', '227880', '1', '', NULL, '0', '', '38535b019ae17be5d5225eee34657946', '2026-04-24 09:21:20', '2026-04-24 09:21:20', '2026-04-24 09:21:20');
INSERT INTO `order_items` VALUES ('64', '62', '4', '288', 'Bạc Sỉu', '47520', '1', '', NULL, '0', '', '58877e4310372c55c3aed32ae4c2236a', '2026-04-24 09:26:15', '2026-04-24 09:26:15', '2026-04-24 09:26:15');
INSERT INTO `order_items` VALUES ('69', '61', '3', '205', 'Súp Bào Ngư Hải Sản', '167400', '1', '', NULL, '0', 'confirmed', NULL, NULL, '2026-04-24 19:05:05', '2026-04-24 19:07:12');
INSERT INTO `order_items` VALUES ('77', '68', '8', '200', 'Bò Cuộn Cải Xanh', '197640', '1', '', NULL, '0', 'confirmed', NULL, NULL, '2026-04-24 19:42:08', '2026-04-24 19:42:12');
INSERT INTO `order_items` VALUES ('78', '68', '8', '204', 'Chả Giò Hải Sản Aurora', '179280', '1', 'Ít rau', NULL, '0', 'confirmed', NULL, NULL, '2026-04-24 19:42:09', '2026-04-24 20:17:31');
INSERT INTO `order_items` VALUES ('79', '68', '8', '202', 'Gỏi Củ Hủ Dừa Tôm Thịt', '227880', '1', '', NULL, '0', 'confirmed', NULL, NULL, '2026-04-24 19:42:10', '2026-04-24 19:42:12');
INSERT INTO `order_items` VALUES ('80', '68', '8', '203', 'Gỏi Cuốn Tôm Thịt', '179280', '1', '', NULL, '0', 'confirmed', NULL, NULL, '2026-04-24 19:42:10', '2026-04-24 19:42:12');
INSERT INTO `order_items` VALUES ('81', '68', '8', '204', 'Chả Giò Hải Sản Aurora', '179280', '1', '', NULL, '0', 'confirmed', NULL, NULL, '2026-04-24 19:42:32', '2026-04-24 19:42:59');
INSERT INTO `order_items` VALUES ('82', '68', '8', '200', 'Bò Cuộn Cải Xanh', '197640', '2', '', NULL, '0', 'confirmed', NULL, NULL, '2026-04-24 19:43:14', '2026-04-24 19:54:23');
INSERT INTO `order_items` VALUES ('86', '69', '5', '200', 'Bò Cuộn Cải Xanh', '197640', '1', '', NULL, '0', 'draft', NULL, NULL, '2026-04-24 20:17:53', '2026-04-24 20:17:53');
INSERT INTO `order_items` VALUES ('87', '69', '5', '204', 'Chả Giò Hải Sản Aurora', '179280', '1', '', NULL, '0', 'draft', NULL, NULL, '2026-04-24 20:17:55', '2026-04-24 20:17:55');
INSERT INTO `order_items` VALUES ('88', '69', '5', '202', 'Gỏi Củ Hủ Dừa Tôm Thịt', '227880', '1', '', NULL, '0', 'draft', NULL, NULL, '2026-04-24 20:17:57', '2026-04-24 20:17:57');
INSERT INTO `order_items` VALUES ('89', '71', '46', '204', 'Chả Giò Hải Sản Aurora', '179280', '1', '', NULL, '0', 'confirmed', NULL, NULL, '2026-04-24 20:39:24', '2026-04-24 20:39:27');
INSERT INTO `order_items` VALUES ('90', '71', '46', '296', 'Heineken Can Lon', '34000', '1', '', NULL, '0', 'confirmed', NULL, NULL, '2026-04-24 20:39:24', '2026-04-24 20:39:27');
INSERT INTO `order_items` VALUES ('92', '72', '1', '288', 'Bạc Sỉu', '47520', '1', '', NULL, '0', '', '9015dcc2cd90ce11bdb2e7384b696e52', '2026-04-28 13:42:34', '2026-04-28 13:42:34', '2026-04-28 13:42:34');
INSERT INTO `order_items` VALUES ('93', '72', '1', '286', 'Cà Phê Đen', '41040', '1', '', NULL, '0', '', '9015dcc2cd90ce11bdb2e7384b696e52', '2026-04-28 13:42:34', '2026-04-28 13:42:34', '2026-04-28 13:42:34');
INSERT INTO `order_items` VALUES ('94', '72', '1', '287', 'Cà Phê Sữa', '47520', '1', '', NULL, '0', '', '9015dcc2cd90ce11bdb2e7384b696e52', '2026-04-28 13:42:34', '2026-04-28 13:42:34', '2026-04-28 13:42:34');
INSERT INTO `order_items` VALUES ('95', '73', '1', '288', 'Bạc Sỉu', '47520', '1', '', NULL, '0', '', '3b1d0eab57c275ca82edd1d93753043a', '2026-04-28 14:15:03', '2026-04-28 14:15:03', '2026-04-28 14:15:03');
INSERT INTO `order_items` VALUES ('96', '73', '1', '286', 'Cà Phê Đen', '41040', '1', '', NULL, '0', '', '3b1d0eab57c275ca82edd1d93753043a', '2026-04-28 14:15:03', '2026-04-28 14:15:03', '2026-04-28 14:15:03');
INSERT INTO `order_items` VALUES ('97', '74', '1', '286', 'Cà Phê Đen', '41040', '1', '', NULL, '0', '', '83c4b26564ed1d354a0911a2de2efc04', '2026-04-28 14:39:34', '2026-04-28 14:39:34', '2026-04-28 14:39:34');
INSERT INTO `order_items` VALUES ('98', '75', '1', '288', 'Bạc Sỉu', '47520', '2', '', NULL, '0', '', '2a34d4e4d206097082a103edc972d516', '2026-04-28 14:42:58', '2026-04-28 14:42:58', '2026-04-28 14:42:58');

DROP TABLE IF EXISTS `order_notifications`;
CREATE TABLE `order_notifications` (
  `id` int(10) unsigned NOT NULL AUTO_INCREMENT,
  `order_id` int(10) unsigned DEFAULT NULL,
  `table_id` int(10) unsigned NOT NULL,
  `notification_type` enum('new_order','order_item','support_request','payment_request','scan_qr') NOT NULL DEFAULT 'new_order',
  `title` varchar(255) NOT NULL,
  `message` text NOT NULL,
  `is_read` tinyint(1) NOT NULL DEFAULT 0,
  `read_at` timestamp NULL DEFAULT NULL,
  `read_by` int(10) unsigned DEFAULT NULL COMMENT 'Nhân viên đã đọc',
  `created_at` timestamp NOT NULL DEFAULT current_timestamp(),
  PRIMARY KEY (`id`),
  KEY `idx_notification_order` (`order_id`),
  KEY `idx_notification_table` (`table_id`),
  KEY `idx_notification_unread` (`is_read`),
  KEY `idx_notification_type` (`notification_type`),
  KEY `idx_notification_created` (`created_at`),
  CONSTRAINT `fk_notification_order` FOREIGN KEY (`order_id`) REFERENCES `orders` (`id`) ON DELETE CASCADE,
  CONSTRAINT `fk_notification_table` FOREIGN KEY (`table_id`) REFERENCES `tables` (`id`) ON DELETE CASCADE
) ENGINE=InnoDB AUTO_INCREMENT=280 DEFAULT CHARSET=utf8mb4 COLLATE=utf8mb4_unicode_ci COMMENT='Lưu trữ thông báo order cho waiter';

INSERT INTO `order_notifications` VALUES ('186', '56', '3', 'scan_qr', 'Khách xem menu', 'Bàn A.03 vừa quét mã xem thực đơn.', '1', '2026-04-28 11:08:20', '5', '2026-04-23 14:01:23');
INSERT INTO `order_notifications` VALUES ('187', '56', '3', 'scan_qr', 'Khách xem menu', 'Bàn A.03 vừa quét mã xem thực đơn.', '1', '2026-04-28 11:08:20', '5', '2026-04-23 14:01:43');
INSERT INTO `order_notifications` VALUES ('188', '56', '3', 'scan_qr', 'Khách xem menu', 'Bàn A.03 vừa quét mã xem thực đơn.', '1', '2026-04-28 11:08:20', '5', '2026-04-23 14:04:30');
INSERT INTO `order_notifications` VALUES ('189', '57', '4', 'scan_qr', 'Khách xem menu', 'Bàn A.04 vừa quét mã xem thực đơn.', '1', '2026-04-28 11:08:20', '5', '2026-04-23 14:04:51');
INSERT INTO `order_notifications` VALUES ('190', '57', '4', 'scan_qr', 'Khách xem menu', 'Bàn A.04 vừa quét mã xem thực đơn.', '1', '2026-04-28 11:08:20', '5', '2026-04-23 14:14:23');
INSERT INTO `order_notifications` VALUES ('191', '57', '4', 'scan_qr', 'Khách xem menu', 'Bàn A.04 vừa quét mã xem thực đơn.', '1', '2026-04-28 11:08:20', '5', '2026-04-23 14:14:50');
INSERT INTO `order_notifications` VALUES ('192', '57', '4', 'scan_qr', 'Khách xem menu', 'Bàn A.04 vừa quét mã xem thực đơn.', '1', '2026-04-28 11:08:20', '5', '2026-04-23 14:14:58');
INSERT INTO `order_notifications` VALUES ('193', '58', '1', 'scan_qr', 'Khách xem menu', 'Bàn A.01 vừa quét mã xem thực đơn.', '1', '2026-04-28 11:08:20', '5', '2026-04-24 07:09:15');
INSERT INTO `order_notifications` VALUES ('194', '58', '1', 'scan_qr', 'Khách xem menu', 'Bàn A.01 vừa quét mã xem thực đơn.', '1', '2026-04-28 11:08:20', '5', '2026-04-24 07:18:11');
INSERT INTO `order_notifications` VALUES ('195', '58', '1', 'scan_qr', 'Khách xem menu', 'Bàn A.01 vừa quét mã xem thực đơn.', '1', '2026-04-28 11:08:20', '5', '2026-04-24 07:26:37');
INSERT INTO `order_notifications` VALUES ('196', '58', '1', 'scan_qr', 'Khách xem menu', 'Bàn A.01 vừa quét mã xem thực đơn.', '1', '2026-04-28 11:08:20', '5', '2026-04-24 07:30:38');
INSERT INTO `order_notifications` VALUES ('197', '58', '1', 'scan_qr', 'Khách xem menu', 'Bàn A.01 vừa quét mã xem thực đơn.', '1', '2026-04-28 11:08:20', '5', '2026-04-24 07:31:32');
INSERT INTO `order_notifications` VALUES ('198', '58', '1', 'scan_qr', 'Khách xem menu', 'Bàn A.01 vừa quét mã xem thực đơn.', '1', '2026-04-28 11:08:20', '5', '2026-04-24 07:34:29');
INSERT INTO `order_notifications` VALUES ('199', '58', '1', 'scan_qr', 'Khách xem menu', 'Bàn A.01 vừa quét mã xem thực đơn.', '1', '2026-04-28 11:08:20', '5', '2026-04-24 07:41:18');
INSERT INTO `order_notifications` VALUES ('200', '58', '1', 'scan_qr', 'Khách xem menu', 'Bàn A.01 vừa quét mã xem thực đơn.', '1', '2026-04-28 11:08:20', '5', '2026-04-24 07:41:47');
INSERT INTO `order_notifications` VALUES ('201', '58', '1', 'order_item', 'Bàn A.01: Thêm món mới', 'Khách đã gửi thêm món qua QR.', '1', '2026-04-28 11:08:20', '5', '2026-04-24 07:43:41');
INSERT INTO `order_notifications` VALUES ('202', '58', '1', 'scan_qr', 'Khách xem menu', 'Bàn A.01 vừa quét mã xem thực đơn.', '1', '2026-04-28 11:08:20', '5', '2026-04-24 07:43:52');
INSERT INTO `order_notifications` VALUES ('203', '58', '1', 'payment_request', 'Bàn 1: Yêu cầu thanh toán', 'Khách tại bàn 1 yêu cầu tính tiền.', '1', '2026-04-28 11:08:20', '5', '2026-04-24 07:43:56');
INSERT INTO `order_notifications` VALUES ('204', '58', '1', 'scan_qr', 'Khách xem menu', 'Bàn A.01 vừa quét mã xem thực đơn.', '1', '2026-04-28 11:08:20', '5', '2026-04-24 08:00:47');
INSERT INTO `order_notifications` VALUES ('205', '58', '1', 'scan_qr', 'Khách xem menu', 'Bàn A.01 vừa quét mã xem thực đơn.', '1', '2026-04-28 11:08:20', '5', '2026-04-24 08:01:03');
INSERT INTO `order_notifications` VALUES ('206', '59', '2', 'scan_qr', 'Khách xem menu', 'Bàn A.02 vừa quét mã xem thực đơn.', '1', '2026-04-28 11:08:20', '5', '2026-04-24 08:08:33');
INSERT INTO `order_notifications` VALUES ('207', '59', '2', 'order_item', 'Bàn A.02: Thêm món mới', 'Khách đã gửi thêm món qua QR.', '1', '2026-04-28 11:08:20', '5', '2026-04-24 08:08:59');
INSERT INTO `order_notifications` VALUES ('208', '59', '2', 'scan_qr', 'Khách xem menu', 'Bàn A.02 vừa quét mã xem thực đơn.', '1', '2026-04-28 11:08:20', '5', '2026-04-24 08:09:04');
INSERT INTO `order_notifications` VALUES ('209', '59', '2', 'payment_request', 'Bàn 2: Yêu cầu thanh toán', 'Khách tại bàn 2 yêu cầu tính tiền.', '1', '2026-04-28 11:08:20', '5', '2026-04-24 08:09:13');
INSERT INTO `order_notifications` VALUES ('210', '59', '2', 'scan_qr', 'Khách xem menu', 'Bàn A.02 vừa quét mã xem thực đơn.', '1', '2026-04-28 11:08:20', '5', '2026-04-24 08:14:50');
INSERT INTO `order_notifications` VALUES ('211', '59', '2', 'scan_qr', 'Khách xem menu', 'Bàn A.02 vừa quét mã xem thực đơn.', '1', '2026-04-28 11:08:20', '5', '2026-04-24 08:19:15');
INSERT INTO `order_notifications` VALUES ('212', '59', '2', 'scan_qr', 'Khách xem menu', 'Bàn A.02 vừa quét mã xem thực đơn.', '1', '2026-04-28 11:08:20', '5', '2026-04-24 08:19:23');
INSERT INTO `order_notifications` VALUES ('213', '59', '2', 'scan_qr', 'Khách xem menu', 'Bàn A.02 vừa quét mã xem thực đơn.', '1', '2026-04-28 11:08:20', '5', '2026-04-24 08:19:30');
INSERT INTO `order_notifications` VALUES ('214', '59', '2', 'scan_qr', 'Khách xem menu', 'Bàn A.02 vừa quét mã xem thực đơn.', '1', '2026-04-28 11:08:20', '5', '2026-04-24 08:26:08');
INSERT INTO `order_notifications` VALUES ('215', '59', '2', 'scan_qr', 'Khách xem menu', 'Bàn A.02 vừa quét mã xem thực đơn.', '1', '2026-04-28 11:08:20', '5', '2026-04-24 09:05:29');
INSERT INTO `order_notifications` VALUES ('216', '60', '3', 'scan_qr', 'Khách xem menu', 'Bàn A.03 vừa quét mã xem thực đơn.', '1', '2026-04-28 11:08:20', '5', '2026-04-24 09:05:50');
INSERT INTO `order_notifications` VALUES ('217', '60', '3', 'scan_qr', 'Khách xem menu', 'Bàn A.03 vừa quét mã xem thực đơn.', '1', '2026-04-28 11:08:20', '5', '2026-04-24 09:13:07');
INSERT INTO `order_notifications` VALUES ('218', '60', '3', 'scan_qr', 'Khách xem menu', 'Bàn A.03 vừa quét mã xem thực đơn.', '1', '2026-04-28 11:08:20', '5', '2026-04-24 09:13:16');
INSERT INTO `order_notifications` VALUES ('219', '60', '3', 'payment_request', 'Bàn 3: Yêu cầu thanh toán', 'Khách tại bàn 3 yêu cầu tính tiền.', '1', '2026-04-28 11:08:20', '5', '2026-04-24 09:13:45');
INSERT INTO `order_notifications` VALUES ('220', '59', '2', 'scan_qr', 'Khách xem menu', 'Bàn A.02 vừa quét mã xem thực đơn.', '1', '2026-04-28 11:08:20', '5', '2026-04-24 09:16:43');
INSERT INTO `order_notifications` VALUES ('221', '61', '3', 'scan_qr', 'Khách xem menu', 'Bàn A.03 vừa quét mã xem thực đơn.', '1', '2026-04-28 11:08:20', '5', '2026-04-24 09:16:57');
INSERT INTO `order_notifications` VALUES ('222', '61', '3', 'order_item', 'Bàn A.03: Thêm món mới', 'Khách đã gửi thêm món qua QR.', '1', '2026-04-28 11:08:20', '5', '2026-04-24 09:17:48');
INSERT INTO `order_notifications` VALUES ('223', '61', '3', 'scan_qr', 'Khách xem menu', 'Bàn A.03 vừa quét mã xem thực đơn.', '1', '2026-04-28 11:08:20', '5', '2026-04-24 09:20:50');
INSERT INTO `order_notifications` VALUES ('224', '61', '3', 'order_item', 'Bàn A.03: Thêm món mới', 'Khách đã gửi thêm món qua QR.', '1', '2026-04-28 11:08:20', '5', '2026-04-24 09:21:20');
INSERT INTO `order_notifications` VALUES ('225', '62', '4', 'scan_qr', 'Khách xem menu', 'Bàn A.04 vừa quét mã xem thực đơn.', '1', '2026-04-28 11:08:20', '5', '2026-04-24 09:25:57');
INSERT INTO `order_notifications` VALUES ('226', '62', '4', 'order_item', 'Bàn A.04: Thêm món mới', 'Khách đã gửi thêm món qua QR.', '1', '2026-04-28 11:08:20', '5', '2026-04-24 09:26:15');
INSERT INTO `order_notifications` VALUES ('227', '62', '4', 'scan_qr', 'Khách xem menu', 'Bàn A.04 vừa quét mã xem thực đơn.', '1', '2026-04-28 11:08:20', '5', '2026-04-24 09:28:28');
INSERT INTO `order_notifications` VALUES ('228', '63', '6', 'scan_qr', 'Khách xem menu', 'Bàn A.06 vừa quét mã xem thực đơn.', '1', '2026-04-28 11:08:20', '5', '2026-04-24 09:37:48');
INSERT INTO `order_notifications` VALUES ('229', '63', '6', 'order_item', 'Bàn A.06: Thêm món mới', 'Khách đã gửi thêm món qua QR.', '1', '2026-04-28 11:08:20', '5', '2026-04-24 09:37:56');
INSERT INTO `order_notifications` VALUES ('230', '63', '6', 'scan_qr', 'Khách xem menu', 'Bàn A.06 vừa quét mã xem thực đơn.', '1', '2026-04-28 11:08:20', '5', '2026-04-24 09:38:39');
INSERT INTO `order_notifications` VALUES ('231', '63', '6', 'scan_qr', 'Khách xem menu', 'Bàn A.06 vừa quét mã xem thực đơn.', '1', '2026-04-28 11:08:20', '5', '2026-04-24 09:46:55');
INSERT INTO `order_notifications` VALUES ('232', '63', '6', 'order_item', 'Bàn A.06: Thêm món mới', 'Khách đã gửi thêm món qua QR.', '1', '2026-04-28 11:08:20', '5', '2026-04-24 09:47:02');
INSERT INTO `order_notifications` VALUES ('233', '63', '6', 'scan_qr', 'Khách xem menu', 'Bàn A.06 vừa quét mã xem thực đơn.', '1', '2026-04-28 11:08:20', '5', '2026-04-24 09:52:20');
INSERT INTO `order_notifications` VALUES ('234', '63', '6', 'order_item', 'Bàn A.06: Thêm món mới', 'Khách đã gửi thêm món qua QR.', '1', '2026-04-28 11:08:20', '5', '2026-04-24 09:52:26');
INSERT INTO `order_notifications` VALUES ('235', '63', '6', 'scan_qr', 'Khách xem menu', 'Bàn A.06 vừa quét mã xem thực đơn.', '1', '2026-04-28 11:08:20', '5', '2026-04-24 09:52:45');
INSERT INTO `order_notifications` VALUES ('236', '63', '6', 'payment_request', 'Bàn 6: Yêu cầu thanh toán', 'Khách tại bàn 6 yêu cầu tính tiền.', '1', '2026-04-24 20:26:34', '5', '2026-04-24 09:52:52');
INSERT INTO `order_notifications` VALUES ('237', '64', '1', 'scan_qr', 'Khách xem menu', 'Bàn A.01 vừa quét mã xem thực đơn.', '1', '2026-04-24 20:26:34', '5', '2026-04-24 10:20:52');
INSERT INTO `order_notifications` VALUES ('238', '65', '5', 'scan_qr', 'Khách xem menu', 'Bàn A.05 vừa quét mã xem thực đơn.', '1', '2026-04-24 20:26:33', '5', '2026-04-24 10:21:01');
INSERT INTO `order_notifications` VALUES ('239', '66', '1', 'scan_qr', 'Khách xem menu', 'Bàn A.01 vừa quét mã xem thực đơn.', '1', '2026-04-24 20:26:33', '5', '2026-04-24 18:37:08');
INSERT INTO `order_notifications` VALUES ('240', '66', '1', 'scan_qr', 'Khách xem menu', 'Bàn A.01 vừa quét mã xem thực đơn.', '1', '2026-04-24 20:26:33', '5', '2026-04-24 18:40:33');
INSERT INTO `order_notifications` VALUES ('241', '66', '1', 'order_item', 'Bàn A.01: Thêm món mới', 'Khách đã gửi thêm món qua QR.', '1', '2026-04-24 20:26:33', '5', '2026-04-24 18:40:36');
INSERT INTO `order_notifications` VALUES ('242', '66', '1', 'scan_qr', 'Khách xem menu', 'Bàn A.01 vừa quét mã xem thực đơn.', '1', '2026-04-24 20:26:32', '5', '2026-04-24 18:46:56');
INSERT INTO `order_notifications` VALUES ('243', '66', '1', 'scan_qr', 'Khách xem menu', 'Bàn A.01 vừa quét mã xem thực đơn.', '1', '2026-04-24 20:26:32', '5', '2026-04-24 18:50:43');
INSERT INTO `order_notifications` VALUES ('244', '66', '1', 'scan_qr', 'Khách xem menu', 'Bàn A.01 vừa quét mã xem thực đơn.', '1', '2026-04-24 20:26:32', '5', '2026-04-24 18:55:27');
INSERT INTO `order_notifications` VALUES ('245', '66', '1', 'scan_qr', 'Khách xem menu', 'Bàn A.01 vừa quét mã xem thực đơn.', '1', '2026-04-24 20:26:32', '5', '2026-04-24 18:55:43');
INSERT INTO `order_notifications` VALUES ('246', '66', '1', 'scan_qr', 'Khách xem menu', 'Bàn A.01 vừa quét mã xem thực đơn.', '1', '2026-04-24 20:26:32', '5', '2026-04-24 19:07:31');
INSERT INTO `order_notifications` VALUES ('247', '67', '7', 'scan_qr', 'Khách xem menu', 'Bàn B.01 vừa quét mã xem thực đơn.', '1', '2026-04-24 20:26:31', '5', '2026-04-24 19:07:57');
INSERT INTO `order_notifications` VALUES ('248', '66', '1', 'scan_qr', 'Khách xem menu', 'Bàn A.01 vừa quét mã xem thực đơn.', '1', '2026-04-28 11:08:20', '5', '2026-04-24 20:41:23');
INSERT INTO `order_notifications` VALUES ('249', '66', '1', 'order_item', 'Bàn A.01: Thêm món mới', 'Khách đã gửi thêm món qua QR.', '1', '2026-04-28 11:08:20', '5', '2026-04-24 20:41:27');
INSERT INTO `order_notifications` VALUES ('250', '66', '1', 'scan_qr', 'Khách xem menu', 'Bàn A.01 vừa quét mã xem thực đơn.', '1', '2026-04-28 11:08:20', '5', '2026-04-24 20:41:46');
INSERT INTO `order_notifications` VALUES ('251', '66', '1', 'scan_qr', 'Khách xem menu', 'Bàn A.01 vừa quét mã xem thực đơn.', '1', '2026-04-28 11:08:20', '5', '2026-04-24 20:42:24');
INSERT INTO `order_notifications` VALUES ('252', '66', '1', 'scan_qr', 'Khách xem menu', 'Bàn A.01 vừa quét mã xem thực đơn.', '1', '2026-04-28 11:08:20', '5', '2026-04-24 20:42:54');
INSERT INTO `order_notifications` VALUES ('253', '66', '1', 'scan_qr', 'Khách xem menu', 'Bàn A.01 vừa quét mã xem thực đơn.', '1', '2026-04-28 11:08:20', '5', '2026-04-24 20:43:12');
INSERT INTO `order_notifications` VALUES ('254', '66', '1', 'payment_request', 'Bàn 1: Yêu cầu thanh toán', 'Khách tại bàn 1 yêu cầu tính tiền.', '1', '2026-04-28 11:07:02', '5', '2026-04-24 20:43:19');
INSERT INTO `order_notifications` VALUES ('255', '66', '1', 'scan_qr', 'Khách xem menu', 'Bàn A.01 vừa quét mã xem thực đơn.', '1', '2026-04-28 11:06:59', '5', '2026-04-25 23:05:19');
INSERT INTO `order_notifications` VALUES ('256', '72', '1', 'scan_qr', 'Khách xem menu', 'Bàn A.01 vừa quét mã xem thực đơn.', '1', '2026-05-05 07:05:06', '7', '2026-04-28 13:42:20');
INSERT INTO `order_notifications` VALUES ('257', '72', '1', 'order_item', 'Bàn A.01: Thêm món mới', 'Khách đã gửi thêm món qua QR.', '1', '2026-05-05 07:05:06', '7', '2026-04-28 13:42:34');
INSERT INTO `order_notifications` VALUES ('258', '72', '1', 'scan_qr', 'Khách xem menu', 'Bàn A.01 vừa quét mã xem thực đơn.', '1', '2026-05-05 07:05:06', '7', '2026-04-28 13:42:45');
INSERT INTO `order_notifications` VALUES ('259', '72', '1', 'payment_request', 'Bàn 1: Yêu cầu thanh toán', 'Khách tại bàn 1 yêu cầu tính tiền.', '1', '2026-04-28 13:42:53', '5', '2026-04-28 13:42:49');
INSERT INTO `order_notifications` VALUES ('260', '69', '5', 'scan_qr', 'Khách xem menu', 'Bàn A.05 vừa quét mã xem thực đơn.', '1', '2026-05-05 07:05:06', '7', '2026-04-28 13:49:39');
INSERT INTO `order_notifications` VALUES ('261', '69', '5', 'payment_request', 'Bàn 5: Yêu cầu thanh toán', 'Khách tại bàn 5 yêu cầu tính tiền.', '1', '2026-04-28 13:50:11', '5', '2026-04-28 13:50:06');
INSERT INTO `order_notifications` VALUES ('262', '73', '1', 'scan_qr', 'Khách xem menu', 'Bàn A.01 vừa quét mã xem thực đơn.', '1', '2026-05-05 07:05:06', '7', '2026-04-28 14:14:46');
INSERT INTO `order_notifications` VALUES ('263', '73', '1', 'order_item', 'Bàn A.01: Thêm món mới', 'Khách đã gửi thêm món qua QR.', '1', '2026-05-05 07:05:06', '7', '2026-04-28 14:15:03');
INSERT INTO `order_notifications` VALUES ('264', '73', '1', 'scan_qr', 'Khách xem menu', 'Bàn A.01 vừa quét mã xem thực đơn.', '1', '2026-05-05 07:05:06', '7', '2026-04-28 14:15:29');
INSERT INTO `order_notifications` VALUES ('265', '73', '1', 'payment_request', 'Bàn 1: Yêu cầu thanh toán', 'Khách tại bàn 1 yêu cầu tính tiền.', '1', '2026-04-28 14:34:41', '5', '2026-04-28 14:15:34');
INSERT INTO `order_notifications` VALUES ('266', '74', '1', 'scan_qr', 'Khách xem menu', 'Bàn A.01 vừa quét mã xem thực đơn.', '1', '2026-04-28 14:40:06', '5', '2026-04-28 14:39:27');
INSERT INTO `order_notifications` VALUES ('267', '74', '1', 'order_item', 'Bàn A.01: Thêm món mới', 'Khách đã gửi thêm món qua QR.', '1', '2026-04-28 14:40:04', '5', '2026-04-28 14:39:34');
INSERT INTO `order_notifications` VALUES ('268', '74', '1', 'scan_qr', 'Khách xem menu', 'Bàn A.01 vừa quét mã xem thực đơn.', '1', '2026-05-05 07:05:06', '7', '2026-04-28 14:40:14');
INSERT INTO `order_notifications` VALUES ('269', '74', '1', 'support_request', 'Bàn 1: Cần hỗ trợ', 'Khách tại bàn 1 đang gọi nhân viên.', '1', '2026-05-05 07:05:06', '7', '2026-04-28 14:40:18');
INSERT INTO `order_notifications` VALUES ('270', '75', '1', 'scan_qr', 'Khách xem menu', 'Bàn A.01 vừa quét mã xem thực đơn.', '1', '2026-05-05 07:05:06', '7', '2026-04-28 14:42:51');
INSERT INTO `order_notifications` VALUES ('271', '75', '1', 'order_item', 'Bàn A.01: Thêm món mới', 'Khách đã gửi thêm món qua QR.', '1', '2026-05-05 07:05:06', '7', '2026-04-28 14:42:58');
INSERT INTO `order_notifications` VALUES ('272', '76', '34', 'scan_qr', 'Khách xem menu', 'Bàn 701 vừa quét mã xem thực đơn.', '1', '2026-05-05 07:05:06', '7', '2026-05-04 08:55:19');
INSERT INTO `order_notifications` VALUES ('273', '77', '40', 'scan_qr', 'Khách xem menu', 'Bàn 707 vừa quét mã xem thực đơn.', '1', '2026-05-05 07:05:06', '7', '2026-05-04 08:56:56');
INSERT INTO `order_notifications` VALUES ('274', '79', '34', 'scan_qr', 'Khách xem menu', 'Bàn 701 vừa quét mã xem thực đơn.', '0', NULL, NULL, '2026-05-05 07:10:55');
INSERT INTO `order_notifications` VALUES ('275', '80', '1', 'scan_qr', 'Khách xem menu', 'Bàn A.01 vừa quét mã xem thực đơn.', '0', NULL, NULL, '2026-05-05 07:12:25');
INSERT INTO `order_notifications` VALUES ('276', '81', '34', 'scan_qr', 'Khách xem menu', 'Bàn 701 vừa quét mã xem thực đơn.', '0', NULL, NULL, '2026-05-05 07:21:26');
INSERT INTO `order_notifications` VALUES ('277', '82', '1', 'scan_qr', 'Khách xem menu', 'Bàn A.01 vừa quét mã xem thực đơn.', '0', NULL, NULL, '2026-05-05 07:21:50');
INSERT INTO `order_notifications` VALUES ('278', '83', '34', 'scan_qr', 'Khách xem menu', 'Bàn 701 vừa quét mã xem thực đơn.', '0', NULL, NULL, '2026-05-05 07:52:52');
INSERT INTO `order_notifications` VALUES ('279', '84', '1', 'scan_qr', 'Khách xem menu', 'Bàn A.01 vừa quét mã xem thực đơn.', '0', NULL, NULL, '2026-05-05 07:54:01');

DROP TABLE IF EXISTS `orders`;
CREATE TABLE `orders` (
  `id` int(10) unsigned NOT NULL AUTO_INCREMENT,
  `table_id` int(10) unsigned NOT NULL,
  `waiter_id` int(10) unsigned DEFAULT NULL,
  `shift_id` int(10) unsigned DEFAULT NULL,
  `guest_count` tinyint(3) unsigned DEFAULT 1 COMMENT 'Số khách',
  `note` text DEFAULT NULL COMMENT 'Ghi chú cho cả order',
  `customer_notes` text DEFAULT NULL COMMENT 'Ghi chú từ khách hàng (lý do hủy, đặc biệt...)',
  `requires_confirmation` tinyint(1) NOT NULL DEFAULT 1 COMMENT 'Cần xác nhận từ nhân viên: 1=Có, 0=Không',
  `status` enum('open','closed') NOT NULL DEFAULT 'open' COMMENT 'open=đang phục vụ, closed=khách ra',
  `order_source` enum('waiter','customer_qr') NOT NULL DEFAULT 'waiter' COMMENT 'Nguồn tạo order: waiter (phục vụ) hoặc customer_qr (khách quét QR)',
  `is_realtime_hidden` tinyint(1) DEFAULT 0,
  `payment_method` varchar(50) DEFAULT 'cash',
  `payment_status` enum('pending','paid','canceled') DEFAULT 'pending',
  `opened_at` timestamp NOT NULL DEFAULT current_timestamp() COMMENT 'Giờ mở bàn',
  `closed_at` timestamp NULL DEFAULT NULL COMMENT 'Giờ đóng bàn',
  `created_at` timestamp NOT NULL DEFAULT current_timestamp(),
  `updated_at` timestamp NOT NULL DEFAULT current_timestamp() ON UPDATE current_timestamp(),
  `session_id` varchar(64) DEFAULT NULL,
  PRIMARY KEY (`id`),
  KEY `idx_orders_table` (`table_id`),
  KEY `idx_orders_waiter` (`waiter_id`),
  KEY `idx_orders_status` (`status`),
  KEY `idx_orders_opened` (`opened_at`),
  KEY `idx_order_source` (`order_source`),
  KEY `idx_orders_session` (`session_id`),
  CONSTRAINT `fk_orders_table` FOREIGN KEY (`table_id`) REFERENCES `tables` (`id`) ON UPDATE CASCADE,
  CONSTRAINT `fk_orders_waiter` FOREIGN KEY (`waiter_id`) REFERENCES `users` (`id`) ON UPDATE CASCADE
) ENGINE=InnoDB AUTO_INCREMENT=85 DEFAULT CHARSET=utf8mb4 COLLATE=utf8mb4_unicode_ci;

INSERT INTO `orders` VALUES ('56', '3', NULL, NULL, '1', 'Hệ thống tự động huỷ do không đặt món sau 5 phút', NULL, '1', 'closed', 'customer_qr', '1', 'cash', 'pending', '2026-04-23 14:01:23', '2026-04-24 06:01:11', '2026-04-23 14:01:23', '2026-04-24 06:01:13', 'becc4ea31443d74b2a9206e273b5367d');
INSERT INTO `orders` VALUES ('57', '4', NULL, NULL, '1', 'Hệ thống tự động huỷ do không đặt món sau 5 phút', NULL, '1', 'closed', 'customer_qr', '1', 'cash', 'pending', '2026-04-23 14:04:51', '2026-04-24 06:01:11', '2026-04-23 14:04:51', '2026-04-24 06:01:12', '7512ffef824df1bd42e334991525b790');
INSERT INTO `orders` VALUES ('58', '1', NULL, NULL, '1', 'Khách quét QR mở bàn | KHÁCH YÊU CẦU THANH TOÁN', NULL, '1', 'closed', 'customer_qr', '0', 'cash', 'paid', '2026-04-24 07:09:15', '2026-04-24 08:01:45', '2026-04-24 07:09:15', '2026-04-24 08:01:45', '40474eed6298f6d166de00393880dbf8');
INSERT INTO `orders` VALUES ('59', '2', NULL, NULL, '1', 'Khách quét QR mở bàn | KHÁCH YÊU CẦU THANH TOÁN', NULL, '1', 'closed', 'customer_qr', '0', 'cash', 'paid', '2026-04-24 08:08:33', '2026-04-28 14:30:21', '2026-04-24 08:08:33', '2026-04-28 14:30:21', 'c66acb78a612deafc30a58fe3d4ff365');
INSERT INTO `orders` VALUES ('60', '3', NULL, NULL, '1', 'Hệ thống tự động huỷ do không đặt món sau 5 phút', NULL, '1', 'closed', 'customer_qr', '0', 'cash', 'pending', '2026-04-24 09:05:50', '2026-04-24 09:16:53', '2026-04-24 09:05:50', '2026-04-24 09:16:53', '978d487c1b6727161e8db20e667fc95f');
INSERT INTO `orders` VALUES ('61', '3', NULL, NULL, '1', 'Khách quét QR mở bàn', NULL, '1', 'closed', 'customer_qr', '0', 'transfer', 'paid', '2026-04-24 09:16:57', '2026-04-28 14:35:06', '2026-04-24 09:16:57', '2026-04-28 14:35:06', '38535b019ae17be5d5225eee34657946');
INSERT INTO `orders` VALUES ('62', '4', NULL, NULL, '1', 'Khách quét QR mở bàn', NULL, '1', 'closed', 'customer_qr', '0', 'cash', 'paid', '2026-04-24 09:25:57', '2026-04-28 14:35:32', '2026-04-24 09:25:57', '2026-04-28 14:35:32', '58877e4310372c55c3aed32ae4c2236a');
INSERT INTO `orders` VALUES ('63', '6', NULL, NULL, '1', 'Khách quét QR mở bàn | KHÁCH YÊU CẦU THANH TOÁN', NULL, '1', 'closed', 'customer_qr', '0', 'cash', 'canceled', '2026-04-24 09:37:48', '2026-04-28 11:20:11', '2026-04-24 09:37:48', '2026-04-28 11:20:11', 'd54737bb276a336a645040bb25cf2473');
INSERT INTO `orders` VALUES ('64', '1', NULL, NULL, '1', 'Hệ thống tự động huỷ do không đặt món sau 5 phút', NULL, '1', 'closed', 'customer_qr', '0', 'cash', 'canceled', '2026-04-24 10:20:52', '2026-04-24 10:39:37', '2026-04-24 10:20:52', '2026-04-24 10:39:37', 'a5cde2ce1230a2078505dd1ddb43ef3d');
INSERT INTO `orders` VALUES ('65', '5', NULL, NULL, '1', 'Hệ thống tự động huỷ do không đặt món sau 5 phút', NULL, '1', 'closed', 'customer_qr', '0', 'cash', 'canceled', '2026-04-24 10:21:01', '2026-04-24 10:39:37', '2026-04-24 10:21:01', '2026-04-24 10:39:37', '4c7b9c62301f7a16edd9d35d804b8eb6');
INSERT INTO `orders` VALUES ('66', '1', NULL, NULL, '1', 'Khách quét QR mở bàn | KHÁCH YÊU CẦU THANH TOÁN', NULL, '1', 'closed', 'customer_qr', '0', 'cash', 'canceled', '2026-04-24 18:37:08', '2026-04-28 11:20:39', '2026-04-24 18:37:08', '2026-04-28 11:20:39', 'c66acb78a612deafc30a58fe3d4ff365');
INSERT INTO `orders` VALUES ('67', '7', NULL, NULL, '1', 'Hệ thống tự động huỷ do không đặt món sau 5 phút', NULL, '1', 'closed', 'customer_qr', '0', 'cash', 'canceled', '2026-04-24 19:07:57', '2026-04-24 19:13:32', '2026-04-24 19:07:57', '2026-04-24 19:13:32', '35e421a81e6f86bc30c264da6fae7379');
INSERT INTO `orders` VALUES ('68', '8', '5', NULL, '2', '', NULL, '1', 'closed', 'waiter', '0', 'cash', 'paid', '2026-04-24 19:42:06', '2026-04-28 14:38:40', '2026-04-24 19:42:06', '2026-04-28 14:38:40', NULL);
INSERT INTO `orders` VALUES ('69', '5', '5', NULL, '1', 'KHÁCH YÊU CẦU THANH TOÁN', NULL, '1', 'closed', 'customer_qr', '0', 'cash', 'paid', '2026-04-24 20:17:53', '2026-04-28 13:50:14', '2026-04-24 20:17:53', '2026-04-28 13:50:14', '700eb20125a5b33bacb54f5111c979ff');
INSERT INTO `orders` VALUES ('70', '35', '5', NULL, '3', 'Hệ thống tự động huỷ do không đặt món sau 5 phút', NULL, '1', 'closed', 'waiter', '0', 'cash', 'canceled', '2026-04-24 20:18:10', '2026-04-24 20:37:19', '2026-04-24 20:18:10', '2026-04-24 20:37:19', NULL);
INSERT INTO `orders` VALUES ('71', '46', '5', NULL, '2', '', NULL, '1', 'closed', 'waiter', '0', 'cash', 'paid', '2026-04-24 20:37:37', '2026-04-24 23:44:25', '2026-04-24 20:37:37', '2026-04-24 23:44:25', NULL);
INSERT INTO `orders` VALUES ('72', '1', NULL, NULL, '1', 'Khách quét QR mở bàn | KHÁCH YÊU CẦU THANH TOÁN', NULL, '1', 'closed', 'customer_qr', '0', 'cash', 'paid', '2026-04-28 13:42:20', '2026-04-28 13:47:10', '2026-04-28 13:42:20', '2026-04-28 13:47:10', '9015dcc2cd90ce11bdb2e7384b696e52');
INSERT INTO `orders` VALUES ('73', '1', NULL, NULL, '1', 'Khách quét QR mở bàn | KHÁCH YÊU CẦU THANH TOÁN', NULL, '1', 'closed', 'customer_qr', '0', 'cash', 'paid', '2026-04-28 14:14:46', '2026-04-28 14:15:49', '2026-04-28 14:14:46', '2026-04-28 14:15:49', '3b1d0eab57c275ca82edd1d93753043a');
INSERT INTO `orders` VALUES ('74', '1', NULL, NULL, '1', 'Khách quét QR mở bàn', NULL, '1', 'closed', 'customer_qr', '0', 'transfer', 'paid', '2026-04-28 14:39:27', '2026-04-28 14:40:34', '2026-04-28 14:39:27', '2026-04-28 14:40:34', '83c4b26564ed1d354a0911a2de2efc04');
INSERT INTO `orders` VALUES ('75', '1', NULL, NULL, '1', 'Khách quét QR mở bàn', NULL, '1', 'closed', 'customer_qr', '0', 'cash', 'paid', '2026-04-28 14:42:51', '2026-04-28 14:56:25', '2026-04-28 14:42:51', '2026-04-28 14:56:25', '2a34d4e4d206097082a103edc972d516');
INSERT INTO `orders` VALUES ('76', '34', NULL, NULL, '1', 'Hệ thống tự động huỷ do không đặt món sau 5 phút', NULL, '1', 'closed', 'customer_qr', '0', 'cash', 'canceled', '2026-05-04 08:55:19', '2026-05-04 09:02:38', '2026-05-04 08:55:19', '2026-05-04 09:02:38', 'c66acb78a612deafc30a58fe3d4ff365');
INSERT INTO `orders` VALUES ('77', '40', NULL, NULL, '1', 'Hệ thống tự động huỷ do không đặt món sau 5 phút', NULL, '1', 'closed', 'customer_qr', '0', 'cash', 'canceled', '2026-05-04 08:56:56', '2026-05-04 09:02:38', '2026-05-04 08:56:56', '2026-05-04 09:02:38', 'c66acb78a612deafc30a58fe3d4ff365');
INSERT INTO `orders` VALUES ('78', '1', '2', NULL, '3', '', NULL, '1', 'closed', 'waiter', '0', 'cash', 'canceled', '2026-05-04 16:06:55', '2026-05-04 16:06:59', '2026-05-04 16:06:55', '2026-05-04 16:06:59', NULL);
INSERT INTO `orders` VALUES ('79', '34', NULL, NULL, '1', 'Hệ thống tự động huỷ do không đặt món sau 5 phút', NULL, '1', 'closed', 'customer_qr', '0', 'cash', 'canceled', '2026-05-05 07:10:55', '2026-05-05 07:20:43', '2026-05-05 07:10:55', '2026-05-05 07:20:43', '3cdf7668bc450e0eb4973ed6881e0c19');
INSERT INTO `orders` VALUES ('80', '1', NULL, NULL, '1', 'Hệ thống tự động huỷ do không đặt món sau 5 phút', NULL, '1', 'closed', 'customer_qr', '0', 'cash', 'canceled', '2026-05-05 07:12:25', '2026-05-05 07:20:43', '2026-05-05 07:12:25', '2026-05-05 07:20:43', '3cdf7668bc450e0eb4973ed6881e0c19');
INSERT INTO `orders` VALUES ('81', '34', NULL, NULL, '1', 'Hệ thống tự động huỷ do không đặt món sau 5 phút', NULL, '1', 'closed', 'customer_qr', '0', 'cash', 'canceled', '2026-05-05 07:21:26', '2026-05-05 07:52:33', '2026-05-05 07:21:26', '2026-05-05 07:52:33', '3cdf7668bc450e0eb4973ed6881e0c19');
INSERT INTO `orders` VALUES ('82', '1', NULL, NULL, '1', 'Hệ thống tự động huỷ do không đặt món sau 5 phút', NULL, '1', 'closed', 'customer_qr', '0', 'cash', 'canceled', '2026-05-05 07:21:50', '2026-05-05 07:52:33', '2026-05-05 07:21:50', '2026-05-05 07:52:33', '3cdf7668bc450e0eb4973ed6881e0c19');
INSERT INTO `orders` VALUES ('83', '34', NULL, NULL, '1', 'Hệ thống tự động huỷ do không đặt món sau 5 phút', NULL, '1', 'closed', 'customer_qr', '0', 'cash', 'canceled', '2026-05-05 07:52:52', '2026-05-05 08:04:48', '2026-05-05 07:52:52', '2026-05-05 08:04:48', '3cdf7668bc450e0eb4973ed6881e0c19');
INSERT INTO `orders` VALUES ('84', '1', NULL, NULL, '1', 'Hệ thống tự động huỷ do không đặt món sau 5 phút', NULL, '1', 'closed', 'customer_qr', '0', 'cash', 'canceled', '2026-05-05 07:54:01', '2026-05-05 08:04:48', '2026-05-05 07:54:01', '2026-05-05 08:04:48', '3cdf7668bc450e0eb4973ed6881e0c19');

DROP TABLE IF EXISTS `qr_tables`;
CREATE TABLE `qr_tables` (
  `id` int(10) unsigned NOT NULL AUTO_INCREMENT,
  `table_id` int(10) unsigned NOT NULL COMMENT 'Mã bàn (foreign key)',
  `qr_code` varchar(255) DEFAULT NULL COMMENT 'URL hoặc nội dung QR code',
  `qr_hash` varchar(64) NOT NULL COMMENT 'Mã hash duy nhất cho QR (dùng cho URL)',
  `generated_at` timestamp NULL DEFAULT current_timestamp() COMMENT 'Thời gian tạo QR',
  `updated_at` timestamp NULL DEFAULT current_timestamp() ON UPDATE current_timestamp(),
  `is_active` tinyint(1) NOT NULL DEFAULT 1 COMMENT '1=đ aktiv, 0=ẩn',
  `scan_count` int(10) unsigned NOT NULL DEFAULT 0 COMMENT 'Số lần quét QR code',
  `last_scanned_at` timestamp NULL DEFAULT NULL COMMENT 'Lần quét cuối cùng',
  `is_printed` tinyint(1) DEFAULT 0,
  PRIMARY KEY (`id`),
  UNIQUE KEY `table_id` (`table_id`),
  UNIQUE KEY `qr_hash` (`qr_hash`),
  KEY `idx_qr_active` (`is_active`),
  CONSTRAINT `fk_qr_tables_table` FOREIGN KEY (`table_id`) REFERENCES `tables` (`id`) ON DELETE CASCADE ON UPDATE CASCADE
) ENGINE=InnoDB AUTO_INCREMENT=223 DEFAULT CHARSET=utf8mb4 COLLATE=utf8mb4_unicode_ci;

INSERT INTO `qr_tables` VALUES ('2', '2', '/qr/menu?table_id=2&token=55759aad65074d09', '55759aad65074d09', '2026-03-08 16:50:22', '2026-04-23 10:01:18', '1', '5', '2026-03-23 09:01:50', '0');
INSERT INTO `qr_tables` VALUES ('3', '3', '/qr/menu?table_id=3&token=42a2c52875c7bfc390916ca1c33a7157', '42a2c52875c7bfc390916ca1c33a7157', '2026-03-08 16:50:22', '2026-03-23 09:15:33', '1', '25', '2026-03-23 09:15:33', '0');
INSERT INTO `qr_tables` VALUES ('4', '4', '/qr/menu?table_id=4&token=59151733a4403e2ba90a3668b91ef209', '59151733a4403e2ba90a3668b91ef209', '2026-03-08 16:50:22', '2026-03-23 09:16:48', '1', '4', '2026-03-23 09:16:48', '0');
INSERT INTO `qr_tables` VALUES ('5', '5', '/qr/menu?table_id=5&token=618e597619b7339cb04747a43747b086', '618e597619b7339cb04747a43747b086', '2026-03-08 16:50:22', '2026-03-17 18:30:03', '1', '2', '2026-03-17 18:30:03', '0');
INSERT INTO `qr_tables` VALUES ('6', '6', '/qr/menu?table_id=6&token=4d594e96b4578dd6eb6a2772eeb342d4', '4d594e96b4578dd6eb6a2772eeb342d4', '2026-03-08 16:50:22', '2026-03-23 09:21:29', '1', '10', '2026-03-23 09:21:29', '0');
INSERT INTO `qr_tables` VALUES ('7', '7', '/qr/menu?table_id=7&token=9debf619d8155b5e4218cdd77c9caa19', '9debf619d8155b5e4218cdd77c9caa19', '2026-03-08 16:50:22', '2026-03-17 18:29:16', '1', '0', NULL, '0');
INSERT INTO `qr_tables` VALUES ('8', '8', '/qr/menu?table_id=8&token=1a19d6276459abb3b0c92c9d7dd7dc0f', '1a19d6276459abb3b0c92c9d7dd7dc0f', '2026-03-08 16:50:22', '2026-03-17 18:29:16', '1', '0', NULL, '0');
INSERT INTO `qr_tables` VALUES ('9', '9', '/qr/menu?table_id=9&token=399e1ce0c5dd5fcaeb4cc583e17b45c5', '399e1ce0c5dd5fcaeb4cc583e17b45c5', '2026-03-08 16:50:22', '2026-03-17 18:29:16', '1', '0', NULL, '0');
INSERT INTO `qr_tables` VALUES ('10', '10', '/qr/menu?table_id=10&token=fb7e119368932a90d53465b48456597e', 'fb7e119368932a90d53465b48456597e', '2026-03-08 16:50:22', '2026-03-18 11:00:45', '1', '1', '2026-03-18 11:00:45', '0');
INSERT INTO `qr_tables` VALUES ('11', '11', '/qr/menu?table_id=11&token=d6590664eb462875de436efba585885b', 'd6590664eb462875de436efba585885b', '2026-03-08 16:50:22', '2026-03-17 18:29:16', '1', '0', NULL, '0');
INSERT INTO `qr_tables` VALUES ('12', '12', '/qr/menu?table_id=12&token=7714f8eb8cd1d9f1f4119665b538b9ec', '7714f8eb8cd1d9f1f4119665b538b9ec', '2026-03-08 16:50:22', '2026-03-18 21:00:18', '1', '8', '2026-03-18 21:00:18', '0');
INSERT INTO `qr_tables` VALUES ('13', '13', '/qr/menu?table_id=13&token=77d2001b22efcd63714ee5ec39cd624f', '77d2001b22efcd63714ee5ec39cd624f', '2026-03-08 16:50:22', '2026-03-19 08:59:30', '1', '3', '2026-03-19 08:59:30', '0');
INSERT INTO `qr_tables` VALUES ('14', '14', '/qr/menu?table_id=14&token=4f49388e51b134fabd30a789026ef9d0', '4f49388e51b134fabd30a789026ef9d0', '2026-03-08 16:50:22', '2026-03-18 15:18:58', '1', '4', '2026-03-18 15:18:58', '0');
INSERT INTO `qr_tables` VALUES ('15', '15', '/qr/menu?table_id=15&token=e939bdc269e7ea98da7f779691f9c63f', 'e939bdc269e7ea98da7f779691f9c63f', '2026-03-08 16:50:22', '2026-03-17 18:29:16', '1', '0', NULL, '0');
INSERT INTO `qr_tables` VALUES ('16', '16', '/qr/menu?table_id=16&token=5271c6745193cbd78b6d60fff9fb2863', '5271c6745193cbd78b6d60fff9fb2863', '2026-03-08 16:50:22', '2026-03-17 18:29:16', '1', '0', NULL, '0');
INSERT INTO `qr_tables` VALUES ('17', '17', '/qr/menu?table_id=17&token=ced798a790cc9fc268d03bcb7d5ccb93', 'ced798a790cc9fc268d03bcb7d5ccb93', '2026-03-08 16:50:22', '2026-03-17 18:29:16', '1', '0', NULL, '0');
INSERT INTO `qr_tables` VALUES ('18', '18', '/qr/menu?table_id=18&token=fa8932bc456533b1d680f807d16f35e9', 'fa8932bc456533b1d680f807d16f35e9', '2026-03-08 16:50:22', '2026-03-23 08:11:18', '1', '2', '2026-03-23 08:11:18', '1');
INSERT INTO `qr_tables` VALUES ('19', '19', '/qr/menu?table_id=19&token=b756d7566f9984bbc5190a823b00497a', 'b756d7566f9984bbc5190a823b00497a', '2026-03-08 16:50:22', '2026-03-25 10:52:32', '1', '0', NULL, '1');
INSERT INTO `qr_tables` VALUES ('20', '20', '/qr/menu?table_id=20&token=21b46e1f5b1d62e2f92ff2f02b28cf20', '21b46e1f5b1d62e2f92ff2f02b28cf20', '2026-03-08 16:50:22', '2026-03-17 18:29:16', '1', '0', NULL, '0');
INSERT INTO `qr_tables` VALUES ('21', '21', '/qr/menu?table_id=21&token=8a76b7a961c5343e09d947e7d762e032', '8a76b7a961c5343e09d947e7d762e032', '2026-03-08 16:50:22', '2026-03-17 21:46:45', '1', '3', '2026-03-17 21:46:45', '0');
INSERT INTO `qr_tables` VALUES ('22', '22', '/qr/menu?table_id=22&token=bd35d8e8560defeda360b4d99677350e', 'bd35d8e8560defeda360b4d99677350e', '2026-03-08 16:50:22', '2026-03-17 18:29:16', '1', '0', NULL, '0');
INSERT INTO `qr_tables` VALUES ('23', '23', '/qr/menu?table_id=23&token=36fcd88597412647c56d588a4f136e49', '36fcd88597412647c56d588a4f136e49', '2026-03-08 16:50:22', '2026-03-18 21:31:34', '1', '5', '2026-03-18 21:31:34', '0');
INSERT INTO `qr_tables` VALUES ('25', '25', '/qr/menu?table_id=25&token=4feee1c893e3c3ae36a029a11fdcd143', '4feee1c893e3c3ae36a029a11fdcd143', '2026-03-08 16:50:22', '2026-03-17 18:29:16', '1', '0', NULL, '0');
INSERT INTO `qr_tables` VALUES ('26', '26', '/qr/menu?table_id=26&token=a13c5111c2fea2dbf170ad159d88b3d5', 'a13c5111c2fea2dbf170ad159d88b3d5', '2026-03-08 16:50:22', '2026-03-17 18:29:16', '1', '0', NULL, '0');
INSERT INTO `qr_tables` VALUES ('27', '27', '/qr/menu?table_id=27&token=ab4722e5df763a17d54a46afa3506d39', 'ab4722e5df763a17d54a46afa3506d39', '2026-03-08 16:50:22', '2026-03-17 18:29:16', '1', '0', NULL, '0');
INSERT INTO `qr_tables` VALUES ('28', '28', '/qr/menu?table_id=28&token=197c68ac3e576c4ca2ecc90ba0035749', '197c68ac3e576c4ca2ecc90ba0035749', '2026-03-08 16:50:22', '2026-03-18 21:29:40', '1', '10', '2026-03-18 21:29:40', '0');
INSERT INTO `qr_tables` VALUES ('29', '29', '/qr/menu?table_id=29&token=540c56c80e81ad174c96292e2a32e55b', '540c56c80e81ad174c96292e2a32e55b', '2026-03-08 16:50:22', '2026-03-17 18:29:16', '1', '0', NULL, '0');
INSERT INTO `qr_tables` VALUES ('30', '30', '/qr/menu?table_id=30&token=892c41525bae1635bc4dd6e00049db09', '892c41525bae1635bc4dd6e00049db09', '2026-03-08 16:50:22', '2026-03-17 18:29:16', '1', '0', NULL, '0');
INSERT INTO `qr_tables` VALUES ('31', '31', '/qr/menu?table_id=31&token=c4d60af58f19e189cfbae688a169a499', 'c4d60af58f19e189cfbae688a169a499', '2026-03-08 16:50:22', '2026-03-18 21:41:17', '1', '7', '2026-03-18 21:41:17', '0');
INSERT INTO `qr_tables` VALUES ('32', '32', '/qr/menu?table_id=32&token=3132152b936f32b9bd4833020db70d8e', '3132152b936f32b9bd4833020db70d8e', '2026-03-08 16:50:22', '2026-03-18 21:36:11', '1', '12', '2026-03-18 21:36:11', '0');
INSERT INTO `qr_tables` VALUES ('64', '1', '/qr/menu?table_id=1&token=c1674174442ac69294484eb54ffe1e2b', 'c1674174442ac69294484eb54ffe1e2b', '2026-03-17 17:59:01', '2026-03-23 09:02:04', '1', '74', '2026-03-23 09:02:04', '1');
INSERT INTO `qr_tables` VALUES ('99', '34', '/qr/menu?table_id=34&token=9853c359c274bc07', '9853c359c274bc07', '2026-03-21 18:15:32', '2026-03-22 14:23:53', '1', '5', '2026-03-22 14:23:53', '0');
INSERT INTO `qr_tables` VALUES ('100', '35', '/qr/menu?table_id=35&token=657bb64a5236cd07', '657bb64a5236cd07', '2026-03-21 18:15:32', '2026-03-21 18:15:32', '1', '0', NULL, '0');
INSERT INTO `qr_tables` VALUES ('101', '36', '/qr/menu?table_id=36&token=9e6e864e8dcd4d16', '9e6e864e8dcd4d16', '2026-03-21 18:15:32', '2026-03-21 18:15:32', '1', '0', NULL, '0');
INSERT INTO `qr_tables` VALUES ('102', '37', '/qr/menu?table_id=37&token=542e9fb5755eb267', '542e9fb5755eb267', '2026-03-21 18:15:32', '2026-03-21 18:15:32', '1', '0', NULL, '0');
INSERT INTO `qr_tables` VALUES ('103', '38', '/qr/menu?table_id=38&token=e1deba631cedf38e', 'e1deba631cedf38e', '2026-03-21 18:15:32', '2026-03-21 18:15:32', '1', '0', NULL, '0');
INSERT INTO `qr_tables` VALUES ('104', '39', '/qr/menu?table_id=39&token=d14c1f3cc89aac11', 'd14c1f3cc89aac11', '2026-03-21 18:15:32', '2026-03-21 18:15:32', '1', '0', NULL, '0');
INSERT INTO `qr_tables` VALUES ('105', '40', '/qr/menu?table_id=40&token=3bf496f44e08b889', '3bf496f44e08b889', '2026-03-21 18:15:32', '2026-03-21 18:15:32', '1', '0', NULL, '0');
INSERT INTO `qr_tables` VALUES ('106', '41', '/qr/menu?table_id=41&token=0d260ec51b770ce8', '0d260ec51b770ce8', '2026-03-21 18:15:32', '2026-03-21 18:15:32', '1', '0', NULL, '0');
INSERT INTO `qr_tables` VALUES ('107', '42', '/qr/menu?table_id=42&token=9001444b50b373db', '9001444b50b373db', '2026-03-21 18:15:32', '2026-03-21 18:15:32', '1', '0', NULL, '0');
INSERT INTO `qr_tables` VALUES ('108', '43', '/qr/menu?table_id=43&token=dbf00f10b62db39a', 'dbf00f10b62db39a', '2026-03-21 18:15:32', '2026-03-21 18:15:32', '1', '0', NULL, '0');
INSERT INTO `qr_tables` VALUES ('109', '44', '/qr/menu?table_id=44&token=cb05824f42f77532', 'cb05824f42f77532', '2026-03-21 18:15:32', '2026-03-21 18:15:32', '1', '0', NULL, '0');
INSERT INTO `qr_tables` VALUES ('110', '45', '/qr/menu?table_id=45&token=fdc33c6963b61a5f', 'fdc33c6963b61a5f', '2026-03-21 18:15:33', '2026-03-21 18:15:33', '1', '0', NULL, '0');
INSERT INTO `qr_tables` VALUES ('111', '46', '/qr/menu?table_id=46&token=ceddfbf3399ab9cb', 'ceddfbf3399ab9cb', '2026-03-21 18:15:33', '2026-03-21 18:15:33', '1', '0', NULL, '0');
INSERT INTO `qr_tables` VALUES ('112', '47', '/qr/menu?table_id=47&token=b9dc9f230ab371ca', 'b9dc9f230ab371ca', '2026-03-21 18:15:33', '2026-03-21 18:15:33', '1', '0', NULL, '0');
INSERT INTO `qr_tables` VALUES ('113', '48', '/qr/menu?table_id=48&token=92778081df46e36a', '92778081df46e36a', '2026-03-21 18:15:33', '2026-03-21 18:15:33', '1', '0', NULL, '0');
INSERT INTO `qr_tables` VALUES ('114', '49', '/qr/menu?table_id=49&token=4ed6c469b2367b6b', '4ed6c469b2367b6b', '2026-03-21 18:15:33', '2026-03-21 18:15:33', '1', '0', NULL, '0');
INSERT INTO `qr_tables` VALUES ('115', '50', '/qr/menu?table_id=50&token=5caa7d2b02b578a3', '5caa7d2b02b578a3', '2026-03-21 18:15:33', '2026-03-21 18:15:33', '1', '0', NULL, '0');
INSERT INTO `qr_tables` VALUES ('116', '51', '/qr/menu?table_id=51&token=e92de0aa41aebbd1', 'e92de0aa41aebbd1', '2026-03-21 18:15:33', '2026-03-21 18:15:33', '1', '0', NULL, '0');
INSERT INTO `qr_tables` VALUES ('117', '52', '/qr/menu?table_id=52&token=1f3bd48265060d7f', '1f3bd48265060d7f', '2026-03-21 18:15:33', '2026-03-21 18:15:33', '1', '0', NULL, '0');
INSERT INTO `qr_tables` VALUES ('118', '53', '/qr/menu?table_id=53&token=95e7f49e988c9349', '95e7f49e988c9349', '2026-03-21 18:15:33', '2026-03-21 18:15:33', '1', '0', NULL, '0');
INSERT INTO `qr_tables` VALUES ('119', '54', '/qr/menu?table_id=54&token=074d0a40b61ad55f', '074d0a40b61ad55f', '2026-03-21 18:15:33', '2026-03-21 18:15:33', '1', '0', NULL, '0');
INSERT INTO `qr_tables` VALUES ('120', '55', '/qr/menu?table_id=55&token=4a40e346b77da1a1', '4a40e346b77da1a1', '2026-03-21 18:15:33', '2026-03-21 18:15:33', '1', '0', NULL, '0');
INSERT INTO `qr_tables` VALUES ('121', '56', '/qr/menu?table_id=56&token=c426d510ddc9d02e', 'c426d510ddc9d02e', '2026-03-21 18:15:33', '2026-03-21 18:15:33', '1', '0', NULL, '0');
INSERT INTO `qr_tables` VALUES ('122', '57', '/qr/menu?table_id=57&token=0e0fce6b5913b27d', '0e0fce6b5913b27d', '2026-03-21 18:15:33', '2026-03-21 18:15:33', '1', '0', NULL, '0');
INSERT INTO `qr_tables` VALUES ('123', '58', '/qr/menu?table_id=58&token=ca71a8d84a9f53a1', 'ca71a8d84a9f53a1', '2026-03-21 18:15:33', '2026-03-21 18:15:33', '1', '0', NULL, '0');
INSERT INTO `qr_tables` VALUES ('124', '59', '/qr/menu?table_id=59&token=2f722fa35a1b19a0', '2f722fa35a1b19a0', '2026-03-21 18:15:33', '2026-03-21 18:15:33', '1', '0', NULL, '0');
INSERT INTO `qr_tables` VALUES ('125', '60', '/qr/menu?table_id=60&token=8f4cdfd92d0da925', '8f4cdfd92d0da925', '2026-03-21 18:15:33', '2026-03-21 18:15:33', '1', '0', NULL, '0');
INSERT INTO `qr_tables` VALUES ('126', '61', '/qr/menu?table_id=61&token=c26b7a5d6e373c8d', 'c26b7a5d6e373c8d', '2026-03-21 18:15:33', '2026-03-21 18:15:33', '1', '0', NULL, '0');
INSERT INTO `qr_tables` VALUES ('127', '62', '/qr/menu?table_id=62&token=75f24d352b7930e0', '75f24d352b7930e0', '2026-03-21 18:15:33', '2026-03-21 18:15:33', '1', '0', NULL, '0');
INSERT INTO `qr_tables` VALUES ('128', '63', '/qr/menu?table_id=63&token=b233ed219adb5ff6', 'b233ed219adb5ff6', '2026-03-21 18:15:33', '2026-03-21 18:15:33', '1', '0', NULL, '0');
INSERT INTO `qr_tables` VALUES ('129', '64', '/qr/menu?table_id=64&token=faf4cc3087786929', 'faf4cc3087786929', '2026-03-21 18:15:33', '2026-03-21 18:15:33', '1', '0', NULL, '0');
INSERT INTO `qr_tables` VALUES ('130', '65', '/qr/menu?table_id=65&token=55ef6da9717fe36c', '55ef6da9717fe36c', '2026-03-21 18:15:33', '2026-03-21 18:15:33', '1', '0', NULL, '0');
INSERT INTO `qr_tables` VALUES ('131', '66', '/qr/menu?table_id=66&token=b5cbe2119ca3584b', 'b5cbe2119ca3584b', '2026-03-21 18:15:33', '2026-03-21 18:15:33', '1', '0', NULL, '0');
INSERT INTO `qr_tables` VALUES ('132', '67', '/qr/menu?table_id=67&token=34864e0af2f15b4e', '34864e0af2f15b4e', '2026-03-21 18:15:33', '2026-03-21 18:15:33', '1', '0', NULL, '0');
INSERT INTO `qr_tables` VALUES ('133', '68', '/qr/menu?table_id=68&token=13b52b9cdc71396b', '13b52b9cdc71396b', '2026-03-21 18:15:33', '2026-03-21 18:15:33', '1', '0', NULL, '0');
INSERT INTO `qr_tables` VALUES ('134', '69', '/qr/menu?table_id=69&token=3e9b4e4c66093170', '3e9b4e4c66093170', '2026-03-21 18:15:33', '2026-03-21 18:15:33', '1', '0', NULL, '0');
INSERT INTO `qr_tables` VALUES ('135', '70', '/qr/menu?table_id=70&token=c8fc938812da7595', 'c8fc938812da7595', '2026-03-21 18:15:33', '2026-03-21 18:15:33', '1', '0', NULL, '0');
INSERT INTO `qr_tables` VALUES ('136', '71', '/qr/menu?table_id=71&token=72ed0a67f3e418bc', '72ed0a67f3e418bc', '2026-03-21 18:15:33', '2026-03-21 18:15:33', '1', '0', NULL, '0');
INSERT INTO `qr_tables` VALUES ('137', '72', '/qr/menu?table_id=72&token=5f63dba64276ec9b', '5f63dba64276ec9b', '2026-03-21 18:15:33', '2026-03-21 18:15:33', '1', '0', NULL, '0');
INSERT INTO `qr_tables` VALUES ('138', '73', '/qr/menu?table_id=73&token=18d2b01d34b02538', '18d2b01d34b02538', '2026-03-21 18:15:33', '2026-03-21 18:15:33', '1', '0', NULL, '0');
INSERT INTO `qr_tables` VALUES ('139', '74', '/qr/menu?table_id=74&token=c78d0727cc42e972', 'c78d0727cc42e972', '2026-03-21 18:15:33', '2026-03-21 18:15:33', '1', '0', NULL, '0');
INSERT INTO `qr_tables` VALUES ('140', '75', '/qr/menu?table_id=75&token=6c564c3fe3cb9817', '6c564c3fe3cb9817', '2026-03-21 18:15:33', '2026-03-21 18:15:33', '1', '0', NULL, '0');
INSERT INTO `qr_tables` VALUES ('141', '76', '/qr/menu?table_id=76&token=c33726dbdb0358a2', 'c33726dbdb0358a2', '2026-03-21 18:15:33', '2026-03-21 18:15:33', '1', '0', NULL, '0');
INSERT INTO `qr_tables` VALUES ('142', '77', '/qr/menu?table_id=77&token=96f602f4e71c331a', '96f602f4e71c331a', '2026-03-21 18:15:33', '2026-03-21 18:15:33', '1', '0', NULL, '0');
INSERT INTO `qr_tables` VALUES ('143', '78', '/qr/menu?table_id=78&token=572dab2f380d1ca7', '572dab2f380d1ca7', '2026-03-21 18:15:33', '2026-03-21 18:15:33', '1', '0', NULL, '0');
INSERT INTO `qr_tables` VALUES ('144', '79', '/qr/menu?table_id=79&token=c522360dfc9445d2', 'c522360dfc9445d2', '2026-03-21 18:15:33', '2026-03-21 18:15:33', '1', '0', NULL, '0');
INSERT INTO `qr_tables` VALUES ('145', '80', '/qr/menu?table_id=80&token=a88b48db14c892da', 'a88b48db14c892da', '2026-03-21 18:15:33', '2026-03-21 18:15:33', '1', '0', NULL, '0');
INSERT INTO `qr_tables` VALUES ('146', '81', '/qr/menu?table_id=81&token=4df8d4ba2e32312d', '4df8d4ba2e32312d', '2026-03-21 18:15:33', '2026-03-21 18:15:33', '1', '0', NULL, '0');
INSERT INTO `qr_tables` VALUES ('147', '82', '/qr/menu?table_id=82&token=cb3f6608ec4d5a72', 'cb3f6608ec4d5a72', '2026-03-21 18:15:33', '2026-03-21 18:15:33', '1', '0', NULL, '0');
INSERT INTO `qr_tables` VALUES ('148', '83', '/qr/menu?table_id=83&token=5aaedb0e390a7313', '5aaedb0e390a7313', '2026-03-21 18:15:33', '2026-03-21 18:15:33', '1', '0', NULL, '0');
INSERT INTO `qr_tables` VALUES ('149', '84', '/qr/menu?table_id=84&token=0ad57b083cac6260', '0ad57b083cac6260', '2026-03-21 18:15:33', '2026-03-21 18:15:33', '1', '0', NULL, '0');
INSERT INTO `qr_tables` VALUES ('150', '85', '/qr/menu?table_id=85&token=af6af4b4511a99e4', 'af6af4b4511a99e4', '2026-03-21 18:15:33', '2026-03-21 18:15:33', '1', '0', NULL, '0');
INSERT INTO `qr_tables` VALUES ('151', '86', '/qr/menu?table_id=86&token=b4420cde02c1b182', 'b4420cde02c1b182', '2026-03-21 18:15:33', '2026-03-21 18:15:33', '1', '0', NULL, '0');
INSERT INTO `qr_tables` VALUES ('152', '87', '/qr/menu?table_id=87&token=4ea6748a036a17a9', '4ea6748a036a17a9', '2026-03-21 18:15:33', '2026-03-21 18:15:33', '1', '0', NULL, '0');
INSERT INTO `qr_tables` VALUES ('153', '88', '/qr/menu?table_id=88&token=7eb45a95a506e6e2', '7eb45a95a506e6e2', '2026-03-21 18:15:33', '2026-03-21 18:15:33', '1', '0', NULL, '0');
INSERT INTO `qr_tables` VALUES ('154', '89', '/qr/menu?table_id=89&token=d63333a8c7b4ca3f', 'd63333a8c7b4ca3f', '2026-03-21 18:15:33', '2026-03-21 18:15:33', '1', '0', NULL, '0');
INSERT INTO `qr_tables` VALUES ('155', '90', '/qr/menu?table_id=90&token=4e2eb855787bcaf3', '4e2eb855787bcaf3', '2026-03-21 18:15:33', '2026-03-21 18:15:33', '1', '0', NULL, '0');
INSERT INTO `qr_tables` VALUES ('156', '91', '/qr/menu?table_id=91&token=2c90fda9e1180a1c', '2c90fda9e1180a1c', '2026-03-21 18:15:33', '2026-03-21 18:15:33', '1', '0', NULL, '0');
INSERT INTO `qr_tables` VALUES ('157', '92', '/qr/menu?table_id=92&token=6167dc28edb38a55', '6167dc28edb38a55', '2026-03-21 18:15:33', '2026-03-21 18:15:33', '1', '0', NULL, '0');
INSERT INTO `qr_tables` VALUES ('158', '93', '/qr/menu?table_id=93&token=1e93ecca46389d15', '1e93ecca46389d15', '2026-03-21 18:15:33', '2026-03-21 18:15:33', '1', '0', NULL, '0');
INSERT INTO `qr_tables` VALUES ('159', '94', '/qr/menu?table_id=94&token=2805dc1870802cfe', '2805dc1870802cfe', '2026-03-21 18:15:33', '2026-03-21 18:15:33', '1', '0', NULL, '0');
INSERT INTO `qr_tables` VALUES ('160', '95', '/qr/menu?table_id=95&token=97d9f38183834cd4', '97d9f38183834cd4', '2026-03-21 18:15:33', '2026-03-21 18:15:33', '1', '0', NULL, '0');
INSERT INTO `qr_tables` VALUES ('161', '96', '/qr/menu?table_id=96&token=14aacaae5e8a2d9a', '14aacaae5e8a2d9a', '2026-03-21 18:15:33', '2026-03-21 18:15:33', '1', '0', NULL, '0');
INSERT INTO `qr_tables` VALUES ('162', '97', '/qr/menu?table_id=97&token=4de1fb2e24430677', '4de1fb2e24430677', '2026-03-21 18:15:33', '2026-03-21 18:15:33', '1', '0', NULL, '0');
INSERT INTO `qr_tables` VALUES ('163', '98', '/qr/menu?table_id=98&token=b938fa1231a36d2d', 'b938fa1231a36d2d', '2026-03-21 18:15:33', '2026-03-21 18:15:33', '1', '0', NULL, '0');
INSERT INTO `qr_tables` VALUES ('164', '99', '/qr/menu?table_id=99&token=2b3b89ba01f3f085', '2b3b89ba01f3f085', '2026-03-21 18:15:33', '2026-03-21 18:15:33', '1', '0', NULL, '0');
INSERT INTO `qr_tables` VALUES ('165', '100', '/qr/menu?table_id=100&token=446bfe04c58be616', '446bfe04c58be616', '2026-03-21 18:15:33', '2026-03-21 18:15:33', '1', '0', NULL, '0');
INSERT INTO `qr_tables` VALUES ('166', '101', '/qr/menu?table_id=101&token=82c6002b648817c7', '82c6002b648817c7', '2026-03-21 18:15:33', '2026-03-21 18:15:33', '1', '0', NULL, '0');
INSERT INTO `qr_tables` VALUES ('167', '102', '/qr/menu?table_id=102&token=d6edbc3d315a0ef1', 'd6edbc3d315a0ef1', '2026-03-21 18:15:33', '2026-03-21 18:15:33', '1', '0', NULL, '0');
INSERT INTO `qr_tables` VALUES ('168', '103', '/qr/menu?table_id=103&token=74f7a42d4a33b9a7', '74f7a42d4a33b9a7', '2026-03-21 18:15:33', '2026-03-21 18:15:33', '1', '0', NULL, '0');
INSERT INTO `qr_tables` VALUES ('169', '104', '/qr/menu?table_id=104&token=e875bbb203cb84d7', 'e875bbb203cb84d7', '2026-03-21 18:15:33', '2026-03-21 18:15:33', '1', '0', NULL, '0');
INSERT INTO `qr_tables` VALUES ('170', '105', '/qr/menu?table_id=105&token=1f7c164a788f78dc', '1f7c164a788f78dc', '2026-03-21 18:15:33', '2026-03-21 18:15:33', '1', '0', NULL, '0');
INSERT INTO `qr_tables` VALUES ('171', '106', '/qr/menu?table_id=106&token=37b088c946864e19', '37b088c946864e19', '2026-03-21 18:15:33', '2026-03-21 18:15:33', '1', '0', NULL, '0');
INSERT INTO `qr_tables` VALUES ('172', '107', '/qr/menu?table_id=107&token=7c24fa1b0ceb862b', '7c24fa1b0ceb862b', '2026-03-21 18:15:33', '2026-03-21 18:15:33', '1', '0', NULL, '0');
INSERT INTO `qr_tables` VALUES ('173', '108', '/qr/menu?table_id=108&token=2c7ae1c5c5a61adf', '2c7ae1c5c5a61adf', '2026-03-21 18:15:33', '2026-03-21 18:15:33', '1', '0', NULL, '0');
INSERT INTO `qr_tables` VALUES ('174', '109', '/qr/menu?table_id=109&token=bc03b90c607c4bc9', 'bc03b90c607c4bc9', '2026-03-21 18:15:33', '2026-03-21 18:15:33', '1', '0', NULL, '0');
INSERT INTO `qr_tables` VALUES ('175', '110', '/qr/menu?table_id=110&token=fc067eba34f4dba9', 'fc067eba34f4dba9', '2026-03-21 18:15:33', '2026-03-21 18:15:33', '1', '0', NULL, '0');
INSERT INTO `qr_tables` VALUES ('176', '111', '/qr/menu?table_id=111&token=f5926dec48bfbe9c', 'f5926dec48bfbe9c', '2026-03-21 18:15:33', '2026-03-21 18:15:33', '1', '0', NULL, '0');
INSERT INTO `qr_tables` VALUES ('177', '112', '/qr/menu?table_id=112&token=2383544b8b0258e7', '2383544b8b0258e7', '2026-03-21 18:15:33', '2026-03-21 18:15:33', '1', '0', NULL, '0');
INSERT INTO `qr_tables` VALUES ('178', '113', '/qr/menu?table_id=113&token=db8c74cc5321febd', 'db8c74cc5321febd', '2026-03-21 18:15:33', '2026-03-21 18:15:33', '1', '0', NULL, '0');
INSERT INTO `qr_tables` VALUES ('179', '114', '/qr/menu?table_id=114&token=03516ce24046399e', '03516ce24046399e', '2026-03-21 18:15:33', '2026-03-21 18:15:33', '1', '0', NULL, '0');
INSERT INTO `qr_tables` VALUES ('180', '115', '/qr/menu?table_id=115&token=56c2454f1b84c62c', '56c2454f1b84c62c', '2026-03-21 18:15:33', '2026-03-21 18:15:33', '1', '0', NULL, '0');
INSERT INTO `qr_tables` VALUES ('181', '116', '/qr/menu?table_id=116&token=da286833edbd8947', 'da286833edbd8947', '2026-03-21 18:15:33', '2026-03-21 18:15:33', '1', '0', NULL, '0');
INSERT INTO `qr_tables` VALUES ('182', '117', '/qr/menu?table_id=117&token=b99a416c123bbb03', 'b99a416c123bbb03', '2026-03-21 18:15:33', '2026-03-21 18:15:33', '1', '0', NULL, '0');
INSERT INTO `qr_tables` VALUES ('183', '118', '/qr/menu?table_id=118&token=4bc458bc62aa55d7', '4bc458bc62aa55d7', '2026-03-21 18:15:33', '2026-03-21 18:15:33', '1', '0', NULL, '0');
INSERT INTO `qr_tables` VALUES ('184', '119', '/qr/menu?table_id=119&token=ac330ef97f991520', 'ac330ef97f991520', '2026-03-21 18:15:33', '2026-03-21 18:15:33', '1', '0', NULL, '0');
INSERT INTO `qr_tables` VALUES ('185', '120', '/qr/menu?table_id=120&token=6d204a5f0433b0e8', '6d204a5f0433b0e8', '2026-03-21 18:15:33', '2026-03-21 18:15:33', '1', '0', NULL, '0');
INSERT INTO `qr_tables` VALUES ('186', '121', '/qr/menu?table_id=121&token=9e26e6b6c034b261', '9e26e6b6c034b261', '2026-03-21 18:15:33', '2026-03-21 18:15:33', '1', '0', NULL, '0');
INSERT INTO `qr_tables` VALUES ('187', '122', '/qr/menu?table_id=122&token=fcc56cc9ac7f6c8e', 'fcc56cc9ac7f6c8e', '2026-03-21 18:15:33', '2026-03-21 18:15:33', '1', '0', NULL, '0');
INSERT INTO `qr_tables` VALUES ('188', '123', '/qr/menu?table_id=123&token=d11f52647ab07b8b', 'd11f52647ab07b8b', '2026-03-21 18:15:33', '2026-03-21 18:15:33', '1', '0', NULL, '0');
INSERT INTO `qr_tables` VALUES ('189', '124', '/qr/menu?table_id=124&token=38a0175b8c3cce4b', '38a0175b8c3cce4b', '2026-03-21 18:15:33', '2026-03-21 18:15:33', '1', '0', NULL, '0');
INSERT INTO `qr_tables` VALUES ('190', '125', '/qr/menu?table_id=125&token=cad72d36fe9ca269', 'cad72d36fe9ca269', '2026-03-21 18:15:33', '2026-03-21 18:15:33', '1', '0', NULL, '0');
INSERT INTO `qr_tables` VALUES ('191', '126', '/qr/menu?table_id=126&token=83f76774214ee84e', '83f76774214ee84e', '2026-03-21 18:15:33', '2026-03-21 18:15:33', '1', '0', NULL, '0');
INSERT INTO `qr_tables` VALUES ('192', '127', '/qr/menu?table_id=127&token=9991fa34d9fb2d59', '9991fa34d9fb2d59', '2026-03-21 18:15:33', '2026-03-21 18:15:33', '1', '0', NULL, '0');
INSERT INTO `qr_tables` VALUES ('193', '128', '/qr/menu?table_id=128&token=86ae7a9242ada453', '86ae7a9242ada453', '2026-03-21 18:15:33', '2026-03-21 18:15:33', '1', '0', NULL, '0');
INSERT INTO `qr_tables` VALUES ('194', '129', '/qr/menu?table_id=129&token=23f166f0940f2ef6', '23f166f0940f2ef6', '2026-03-21 18:15:33', '2026-03-21 18:15:33', '1', '0', NULL, '0');
INSERT INTO `qr_tables` VALUES ('195', '130', '/qr/menu?table_id=130&token=b499b3b3782bd9db', 'b499b3b3782bd9db', '2026-03-21 18:15:33', '2026-03-21 18:15:33', '1', '0', NULL, '0');
INSERT INTO `qr_tables` VALUES ('196', '131', '/qr/menu?table_id=131&token=f85e5f115dd00f1b', 'f85e5f115dd00f1b', '2026-03-21 18:15:33', '2026-03-21 18:15:33', '1', '0', NULL, '0');
INSERT INTO `qr_tables` VALUES ('197', '132', '/qr/menu?table_id=132&token=ec420c13716ca4fa', 'ec420c13716ca4fa', '2026-03-21 18:15:33', '2026-03-21 18:15:33', '1', '0', NULL, '0');
INSERT INTO `qr_tables` VALUES ('198', '133', '/qr/menu?table_id=133&token=6df5879b353e73ac', '6df5879b353e73ac', '2026-03-21 18:15:33', '2026-03-21 18:15:33', '1', '0', NULL, '0');
INSERT INTO `qr_tables` VALUES ('199', '134', '/qr/menu?table_id=134&token=cafdfa0c96dc556b', 'cafdfa0c96dc556b', '2026-03-21 18:15:33', '2026-03-21 18:15:33', '1', '0', NULL, '0');
INSERT INTO `qr_tables` VALUES ('200', '135', '/qr/menu?table_id=135&token=3cc749ee1b83a365', '3cc749ee1b83a365', '2026-03-21 18:15:33', '2026-03-21 18:15:33', '1', '0', NULL, '0');
INSERT INTO `qr_tables` VALUES ('201', '136', '/qr/menu?table_id=136&token=d253f49e98fa7d34', 'd253f49e98fa7d34', '2026-03-21 18:15:33', '2026-03-21 18:15:33', '1', '0', NULL, '0');
INSERT INTO `qr_tables` VALUES ('202', '137', '/qr/menu?table_id=137&token=0c6cb912e525da5e', '0c6cb912e525da5e', '2026-03-21 18:15:33', '2026-03-21 18:15:33', '1', '0', NULL, '0');
INSERT INTO `qr_tables` VALUES ('203', '138', '/qr/menu?table_id=138&token=1968c9b0b8de1f5a', '1968c9b0b8de1f5a', '2026-03-21 18:15:33', '2026-03-21 18:15:33', '1', '0', NULL, '0');
INSERT INTO `qr_tables` VALUES ('204', '139', '/qr/menu?table_id=139&token=28952c5a3abedad9', '28952c5a3abedad9', '2026-03-21 18:15:33', '2026-03-21 18:15:33', '1', '0', NULL, '0');
INSERT INTO `qr_tables` VALUES ('205', '140', '/qr/menu?table_id=140&token=d2fbb6f6deef5f30', 'd2fbb6f6deef5f30', '2026-03-21 18:15:33', '2026-03-21 18:15:33', '1', '0', NULL, '0');
INSERT INTO `qr_tables` VALUES ('206', '141', '/qr/menu?table_id=141&token=f9f63ab0e0db6707', 'f9f63ab0e0db6707', '2026-03-21 18:15:33', '2026-03-21 18:15:33', '1', '0', NULL, '0');
INSERT INTO `qr_tables` VALUES ('207', '142', '/qr/menu?table_id=142&token=d644c2729c67fa8d', 'd644c2729c67fa8d', '2026-03-21 18:15:33', '2026-03-21 18:15:33', '1', '0', NULL, '0');
INSERT INTO `qr_tables` VALUES ('208', '143', '/qr/menu?table_id=143&token=fc38c53b4c412aad', 'fc38c53b4c412aad', '2026-03-21 18:15:33', '2026-03-21 18:15:33', '1', '0', NULL, '0');
INSERT INTO `qr_tables` VALUES ('209', '144', '/qr/menu?table_id=144&token=7a1bcb991914757a', '7a1bcb991914757a', '2026-03-21 18:15:33', '2026-03-21 18:15:33', '1', '0', NULL, '0');
INSERT INTO `qr_tables` VALUES ('210', '145', '/qr/menu?table_id=145&token=4cbb75dbb4fcbf09', '4cbb75dbb4fcbf09', '2026-03-21 18:15:33', '2026-03-21 18:15:33', '1', '0', NULL, '0');
INSERT INTO `qr_tables` VALUES ('211', '146', '/qr/menu?table_id=146&token=c7d6d2391254259c', 'c7d6d2391254259c', '2026-03-21 18:15:33', '2026-03-21 18:15:33', '1', '0', NULL, '0');
INSERT INTO `qr_tables` VALUES ('212', '147', '/qr/menu?table_id=147&token=4a84f03a016fe02d', '4a84f03a016fe02d', '2026-03-21 18:15:33', '2026-03-21 18:15:33', '1', '0', NULL, '0');
INSERT INTO `qr_tables` VALUES ('213', '148', '/qr/menu?table_id=148&token=09d06f72cd8bd631', '09d06f72cd8bd631', '2026-03-21 18:15:33', '2026-03-21 18:15:33', '1', '0', NULL, '0');
INSERT INTO `qr_tables` VALUES ('214', '149', '/qr/menu?table_id=149&token=36d48dbe9b2888a9', '36d48dbe9b2888a9', '2026-03-21 18:15:33', '2026-03-21 18:15:33', '1', '0', NULL, '0');
INSERT INTO `qr_tables` VALUES ('215', '150', '/qr/menu?table_id=150&token=c9c3520512677d78', 'c9c3520512677d78', '2026-03-21 18:15:33', '2026-03-21 18:15:33', '1', '0', NULL, '0');
INSERT INTO `qr_tables` VALUES ('216', '151', '/qr/menu?table_id=151&token=46d4fd06efb382d8', '46d4fd06efb382d8', '2026-03-21 18:15:33', '2026-03-21 18:15:33', '1', '0', NULL, '0');
INSERT INTO `qr_tables` VALUES ('217', '152', '/qr/menu?table_id=152&token=047cf64bdd192fca', '047cf64bdd192fca', '2026-03-21 18:15:33', '2026-03-21 18:15:33', '1', '0', NULL, '0');
INSERT INTO `qr_tables` VALUES ('218', '153', '/qr/menu?table_id=153&token=1ab3d2b7971a925e', '1ab3d2b7971a925e', '2026-03-21 18:15:33', '2026-03-21 18:15:33', '1', '0', NULL, '0');
INSERT INTO `qr_tables` VALUES ('219', '154', '/qr/menu?table_id=154&token=9ba8818156b831f5', '9ba8818156b831f5', '2026-03-21 18:15:33', '2026-03-21 18:15:33', '1', '0', NULL, '0');
INSERT INTO `qr_tables` VALUES ('220', '155', '/qr/menu?table_id=155&token=b0a92130b038239b', 'b0a92130b038239b', '2026-03-21 18:15:33', '2026-03-21 18:15:33', '1', '0', NULL, '0');

DROP TABLE IF EXISTS `realtime_notifications`;
CREATE TABLE `realtime_notifications` (
  `id` int(10) unsigned NOT NULL AUTO_INCREMENT,
  `channel` varchar(50) NOT NULL COMMENT 'Kênh: waiter_1, admin, table_5, all',
  `event_type` varchar(50) NOT NULL COMMENT 'Loại event: new_order, order_confirmed, table_occupied',
  `payload` longtext CHARACTER SET utf8mb4 COLLATE utf8mb4_bin NOT NULL COMMENT 'Dữ liệu notification dạng JSON' CHECK (json_valid(`payload`)),
  `is_delivered` tinyint(1) NOT NULL DEFAULT 0,
  `delivered_at` timestamp NULL DEFAULT NULL,
  `created_at` timestamp NOT NULL DEFAULT current_timestamp(),
  `expires_at` timestamp NULL DEFAULT NULL COMMENT 'Hết hạn sau 24h',
  PRIMARY KEY (`id`),
  KEY `idx_channel` (`channel`),
  KEY `idx_event_type` (`event_type`),
  KEY `idx_delivered` (`is_delivered`),
  KEY `idx_created` (`created_at`)
) ENGINE=InnoDB DEFAULT CHARSET=utf8mb4 COLLATE=utf8mb4_unicode_ci COMMENT='Real-time push notifications';


DROP TABLE IF EXISTS `settings`;
CREATE TABLE `settings` (
  `id` int(11) NOT NULL AUTO_INCREMENT,
  `setting_key` varchar(100) NOT NULL,
  `setting_value` text DEFAULT NULL,
  `description` varchar(255) DEFAULT NULL,
  `created_at` datetime DEFAULT current_timestamp(),
  `updated_at` datetime DEFAULT current_timestamp() ON UPDATE current_timestamp(),
  PRIMARY KEY (`id`),
  UNIQUE KEY `unique_setting_key` (`setting_key`)
) ENGINE=InnoDB AUTO_INCREMENT=14 DEFAULT CHARSET=utf8mb4 COLLATE=utf8mb4_unicode_ci;

INSERT INTO `settings` VALUES ('1', 'dev_mode', '1', 'Chế độ phát triển - Tắt kiểm tra vị trí để dev có thể test từ xa', '2026-04-10 08:58:02', '2026-04-24 18:26:03');
INSERT INTO `settings` VALUES ('2', 'maintenance_mode', '0', 'Chế độ bảo trì - Ẩn website khỏi khách hàng', '2026-04-10 08:58:02', '2026-04-22 14:52:58');
INSERT INTO `settings` VALUES ('3', 'allow_online_payment', '1', 'Cho phép thanh toán online', '2026-04-10 08:58:02', '2026-04-10 08:58:02');
INSERT INTO `settings` VALUES ('4', 'auto_print_orders', '1', 'Tự động in đơn hàng khi có order mới', '2026-04-10 08:58:02', '2026-04-10 08:58:02');

DROP TABLE IF EXISTS `shifts`;
CREATE TABLE `shifts` (
  `id` int(10) unsigned NOT NULL AUTO_INCREMENT,
  `name` varchar(50) NOT NULL COMMENT 'Tên ca: Sáng, Chiều, Tối...',
  `start_time` time NOT NULL,
  `end_time` time NOT NULL,
  `created_at` timestamp NOT NULL DEFAULT current_timestamp(),
  PRIMARY KEY (`id`)
) ENGINE=InnoDB AUTO_INCREMENT=6 DEFAULT CHARSET=utf8mb4 COLLATE=utf8mb4_unicode_ci;

INSERT INTO `shifts` VALUES ('3', 'Ca Sáng', '06:00:00', '14:00:00', '2026-04-07 09:07:03');
INSERT INTO `shifts` VALUES ('4', 'Ca Chiều', '14:00:00', '22:00:00', '2026-04-07 09:07:03');

DROP TABLE IF EXISTS `support_requests`;
CREATE TABLE `support_requests` (
  `id` int(10) unsigned NOT NULL AUTO_INCREMENT,
  `table_id` int(10) unsigned NOT NULL,
  `type` enum('support','payment','scan_qr','new_order') NOT NULL DEFAULT 'support' COMMENT 'Loại yêu cầu: support=hỗ trợ, payment=thanh toán, scan_qr=quét QR, new_order=order mới',
  `status` enum('pending','completed') NOT NULL DEFAULT 'pending',
  `created_at` timestamp NOT NULL DEFAULT current_timestamp(),
  `updated_at` timestamp NOT NULL DEFAULT current_timestamp() ON UPDATE current_timestamp(),
  PRIMARY KEY (`id`),
  KEY `fk_support_table` (`table_id`),
  CONSTRAINT `fk_support_table` FOREIGN KEY (`table_id`) REFERENCES `tables` (`id`) ON DELETE CASCADE
) ENGINE=InnoDB AUTO_INCREMENT=20 DEFAULT CHARSET=utf8mb4 COLLATE=utf8mb4_unicode_ci;

INSERT INTO `support_requests` VALUES ('1', '1', 'scan_qr', 'pending', '2026-04-08 14:47:40', '2026-04-08 14:47:40');
INSERT INTO `support_requests` VALUES ('2', '34', 'scan_qr', 'pending', '2026-04-08 17:24:23', '2026-04-08 17:24:23');
INSERT INTO `support_requests` VALUES ('3', '27', 'scan_qr', 'pending', '2026-04-08 21:45:19', '2026-04-08 21:45:19');
INSERT INTO `support_requests` VALUES ('4', '35', 'scan_qr', 'pending', '2026-04-08 21:45:36', '2026-04-08 21:45:36');
INSERT INTO `support_requests` VALUES ('5', '5', 'scan_qr', 'pending', '2026-04-08 21:46:09', '2026-04-08 21:46:09');
INSERT INTO `support_requests` VALUES ('6', '28', 'scan_qr', 'pending', '2026-04-09 14:25:13', '2026-04-09 14:25:13');
INSERT INTO `support_requests` VALUES ('7', '30', 'scan_qr', 'pending', '2026-04-09 14:25:48', '2026-04-09 14:25:48');
INSERT INTO `support_requests` VALUES ('8', '6', 'scan_qr', 'pending', '2026-04-09 14:29:21', '2026-04-09 14:29:21');
INSERT INTO `support_requests` VALUES ('9', '2', 'scan_qr', 'pending', '2026-04-09 16:47:16', '2026-04-09 16:47:16');
INSERT INTO `support_requests` VALUES ('10', '1', 'scan_qr', 'pending', '2026-04-09 17:54:15', '2026-04-09 17:54:15');
INSERT INTO `support_requests` VALUES ('11', '1', 'scan_qr', 'pending', '2026-04-10 08:41:06', '2026-04-10 08:41:06');
INSERT INTO `support_requests` VALUES ('12', '2', 'scan_qr', 'pending', '2026-04-10 08:44:04', '2026-04-10 08:44:04');
INSERT INTO `support_requests` VALUES ('13', '2', 'scan_qr', 'pending', '2026-04-11 10:13:55', '2026-04-11 10:13:55');
INSERT INTO `support_requests` VALUES ('14', '2', 'scan_qr', 'pending', '2026-04-15 09:02:27', '2026-04-15 09:02:27');
INSERT INTO `support_requests` VALUES ('15', '115', 'scan_qr', 'pending', '2026-04-22 09:55:05', '2026-04-22 09:55:05');
INSERT INTO `support_requests` VALUES ('16', '1', 'scan_qr', 'pending', '2026-04-22 14:18:08', '2026-04-22 14:18:08');
INSERT INTO `support_requests` VALUES ('17', '137', 'scan_qr', 'pending', '2026-04-22 21:59:10', '2026-04-22 21:59:10');
INSERT INTO `support_requests` VALUES ('18', '3', 'scan_qr', 'pending', '2026-04-24 19:05:02', '2026-04-24 19:05:02');
INSERT INTO `support_requests` VALUES ('19', '1', 'scan_qr', 'pending', '2026-04-24 19:15:29', '2026-04-24 19:15:29');

DROP TABLE IF EXISTS `table_status_history`;
CREATE TABLE `table_status_history` (
  `id` int(10) unsigned NOT NULL AUTO_INCREMENT,
  `table_id` int(10) unsigned NOT NULL,
  `previous_status` enum('available','occupied') NOT NULL,
  `current_status` enum('available','occupied') NOT NULL,
  `changed_by` int(10) unsigned DEFAULT NULL COMMENT 'User ID hoặc NULL nếu từ customer',
  `change_reason` varchar(100) DEFAULT NULL COMMENT 'Lý do: scan_qr, waiter_open, manual_close, auto_close',
  `order_id` int(10) unsigned DEFAULT NULL,
  `created_at` timestamp NOT NULL DEFAULT current_timestamp(),
  PRIMARY KEY (`id`),
  KEY `idx_table_history` (`table_id`),
  KEY `idx_table_status_time` (`created_at`),
  KEY `idx_table_change_reason` (`change_reason`),
  CONSTRAINT `fk_history_table` FOREIGN KEY (`table_id`) REFERENCES `tables` (`id`) ON DELETE CASCADE
) ENGINE=InnoDB DEFAULT CHARSET=utf8mb4 COLLATE=utf8mb4_unicode_ci COMMENT='Lịch sử thay đổi trạng thái bàn';


DROP TABLE IF EXISTS `tables`;
CREATE TABLE `tables` (
  `id` int(10) unsigned NOT NULL AUTO_INCREMENT,
  `parent_id` int(10) unsigned DEFAULT NULL,
  `type` enum('table','room') NOT NULL DEFAULT 'table',
  `name` varchar(50) NOT NULL COMMENT 'Tên bàn: Bàn 01, VIP 1...',
  `area` varchar(50) DEFAULT NULL COMMENT 'Khu vực: Trong, Ngoài, VIP...',
  `capacity` tinyint(3) unsigned NOT NULL DEFAULT 4 COMMENT 'Sức chứa (số ghế)',
  `status` enum('available','occupied') NOT NULL DEFAULT 'available',
  `position_x` smallint(5) unsigned DEFAULT 0 COMMENT 'Toạ độ X trên sơ đồ',
  `position_y` smallint(5) unsigned DEFAULT 0 COMMENT 'Toạ độ Y trên sơ đồ',
  `sort_order` smallint(5) unsigned DEFAULT 0,
  `is_active` tinyint(1) NOT NULL DEFAULT 1,
  `created_at` timestamp NOT NULL DEFAULT current_timestamp(),
  `updated_at` timestamp NOT NULL DEFAULT current_timestamp() ON UPDATE current_timestamp(),
  PRIMARY KEY (`id`),
  KEY `fk_tables_parent` (`parent_id`),
  KEY `idx_parent_id` (`parent_id`),
  CONSTRAINT `fk_tables_parent` FOREIGN KEY (`parent_id`) REFERENCES `tables` (`id`) ON DELETE SET NULL,
  CONSTRAINT `fk_tables_parent_new` FOREIGN KEY (`parent_id`) REFERENCES `tables` (`id`) ON DELETE SET NULL
) ENGINE=InnoDB AUTO_INCREMENT=157 DEFAULT CHARSET=utf8mb4 COLLATE=utf8mb4_unicode_ci;

INSERT INTO `tables` VALUES ('1', NULL, 'table', 'A.01', 'A1', '4', 'available', '0', '0', '1', '1', '2026-03-07 18:20:45', '2026-05-05 08:04:48');
INSERT INTO `tables` VALUES ('2', NULL, 'table', 'A.02', 'A1', '6', 'available', '0', '0', '2', '1', '2026-03-07 18:20:45', '2026-04-28 14:30:21');
INSERT INTO `tables` VALUES ('3', NULL, 'table', 'A.03', 'A1', '4', 'available', '0', '0', '3', '1', '2026-03-07 18:20:45', '2026-04-28 14:35:06');
INSERT INTO `tables` VALUES ('4', NULL, 'table', 'A.04', 'A1', '4', 'available', '0', '0', '4', '1', '2026-03-07 18:20:45', '2026-04-28 14:35:32');
INSERT INTO `tables` VALUES ('5', NULL, 'table', 'A.05', 'A1', '4', 'available', '0', '0', '5', '1', '2026-03-07 18:20:45', '2026-04-28 13:50:14');
INSERT INTO `tables` VALUES ('6', NULL, 'table', 'A.06', 'A1', '4', 'available', '0', '0', '6', '1', '2026-03-07 18:20:45', '2026-04-28 11:20:11');
INSERT INTO `tables` VALUES ('7', NULL, 'table', 'B.01', 'B1', '4', 'available', '0', '0', '7', '1', '2026-03-07 18:20:45', '2026-04-24 19:13:32');
INSERT INTO `tables` VALUES ('8', NULL, 'table', 'B.02', 'B1', '4', 'available', '0', '0', '8', '1', '2026-03-07 18:20:45', '2026-04-28 14:38:40');
INSERT INTO `tables` VALUES ('9', NULL, 'table', 'B.03', 'B1', '4', 'available', '0', '0', '9', '1', '2026-03-07 18:20:45', '2026-03-30 21:39:48');
INSERT INTO `tables` VALUES ('10', NULL, 'table', 'B.04', 'B1', '4', 'available', '0', '0', '10', '1', '2026-03-07 18:20:45', '2026-03-30 22:00:27');
INSERT INTO `tables` VALUES ('11', NULL, 'table', 'B.05', 'B1', '4', 'available', '0', '0', '11', '1', '2026-03-07 18:20:45', '2026-03-30 19:46:08');
INSERT INTO `tables` VALUES ('12', NULL, 'table', 'B.06', 'B1', '4', 'available', '0', '0', '12', '1', '2026-03-07 18:20:45', '2026-03-30 19:46:08');
INSERT INTO `tables` VALUES ('13', NULL, 'table', 'C.01', 'C1', '4', 'available', '0', '0', '13', '1', '2026-03-07 18:20:45', '2026-04-23 11:25:49');
INSERT INTO `tables` VALUES ('14', NULL, 'table', 'C.02', 'C1', '4', 'available', '0', '0', '14', '1', '2026-03-07 18:20:45', '2026-03-26 09:51:30');
INSERT INTO `tables` VALUES ('15', NULL, 'table', 'C.03', 'C1', '4', 'available', '0', '0', '15', '1', '2026-03-07 18:20:45', '2026-03-30 19:46:34');
INSERT INTO `tables` VALUES ('16', NULL, 'table', 'C.04', 'C1', '4', 'available', '0', '0', '16', '1', '2026-03-07 18:20:45', '2026-03-26 09:51:30');
INSERT INTO `tables` VALUES ('17', NULL, 'table', 'C.05', 'C1', '4', 'available', '0', '0', '17', '1', '2026-03-07 18:20:45', '2026-03-26 09:51:30');
INSERT INTO `tables` VALUES ('18', NULL, 'table', 'C.06', 'C1', '4', 'available', '0', '0', '18', '1', '2026-03-07 18:20:45', '2026-04-10 08:48:10');
INSERT INTO `tables` VALUES ('19', NULL, 'table', 'VIP 1.1', 'VIP 1', '8', 'available', '0', '0', '19', '1', '2026-03-07 18:20:45', '2026-04-10 08:48:20');
INSERT INTO `tables` VALUES ('20', NULL, 'table', 'VIP 1.2', 'VIP 1', '8', 'available', '0', '0', '20', '1', '2026-03-07 18:20:45', '2026-03-30 22:01:31');
INSERT INTO `tables` VALUES ('21', NULL, 'table', 'VIP 2.1', 'VIP 2', '8', 'available', '0', '0', '21', '1', '2026-03-07 18:20:45', '2026-03-26 09:51:30');
INSERT INTO `tables` VALUES ('22', NULL, 'table', 'VIP 2.2', 'VIP 2', '8', 'available', '0', '0', '22', '1', '2026-03-07 18:20:45', '2026-03-26 09:51:30');
INSERT INTO `tables` VALUES ('23', NULL, 'table', 'VIP 3.1', 'VIP 3', '8', 'available', '0', '0', '23', '1', '2026-03-07 18:20:45', '2026-03-26 09:51:30');
INSERT INTO `tables` VALUES ('24', NULL, 'table', 'VIP 3.2', 'VIP 3', '8', 'available', '0', '0', '24', '1', '2026-03-07 18:20:45', '2026-03-26 09:51:30');
INSERT INTO `tables` VALUES ('25', NULL, 'table', 'VIP 4.1', 'VIP 4', '8', 'available', '0', '0', '25', '1', '2026-03-07 18:20:45', '2026-03-26 09:51:30');
INSERT INTO `tables` VALUES ('26', NULL, 'table', 'VIP 4.2', 'VIP 4', '8', 'available', '0', '0', '26', '1', '2026-03-07 18:20:45', '2026-03-26 09:51:30');
INSERT INTO `tables` VALUES ('27', NULL, 'table', 'Âu 01', 'Âu', '4', 'available', '0', '0', '27', '1', '2026-03-07 18:20:45', '2026-04-09 14:29:34');
INSERT INTO `tables` VALUES ('28', NULL, 'table', 'Âu 02', 'Âu', '4', 'available', '0', '0', '28', '1', '2026-03-07 18:20:45', '2026-03-26 09:51:30');
INSERT INTO `tables` VALUES ('29', NULL, 'table', 'Âu 03', 'Âu', '4', 'available', '0', '0', '29', '1', '2026-03-07 18:20:45', '2026-03-26 09:51:30');
INSERT INTO `tables` VALUES ('30', NULL, 'table', 'Âu 04', 'Âu', '4', 'available', '0', '0', '30', '1', '2026-03-07 18:20:45', '2026-03-26 09:51:30');
INSERT INTO `tables` VALUES ('31', NULL, 'table', 'Âu 05', 'Âu', '4', 'available', '0', '0', '31', '1', '2026-03-07 18:20:45', '2026-03-26 09:51:30');
INSERT INTO `tables` VALUES ('32', NULL, 'table', 'Âu 06', 'Âu', '4', 'available', '0', '0', '32', '1', '2026-03-07 18:20:45', '2026-03-26 09:51:30');
INSERT INTO `tables` VALUES ('34', NULL, 'room', '701', 'Tầng 7', '3', 'available', '0', '0', '701', '1', '2026-03-21 18:15:32', '2026-05-05 08:04:48');
INSERT INTO `tables` VALUES ('35', NULL, 'room', '702', 'Tầng 7', '3', 'available', '0', '0', '702', '1', '2026-03-21 18:15:32', '2026-04-24 20:37:19');
INSERT INTO `tables` VALUES ('36', NULL, 'room', '703', 'Tầng 7', '3', 'available', '0', '0', '703', '1', '2026-03-21 18:15:32', '2026-04-22 21:58:42');
INSERT INTO `tables` VALUES ('37', NULL, 'room', '704', 'Tầng 7', '3', 'available', '0', '0', '704', '1', '2026-03-21 18:15:32', '2026-04-22 21:58:42');
INSERT INTO `tables` VALUES ('38', NULL, 'room', '705', 'Tầng 7', '3', 'available', '0', '0', '705', '1', '2026-03-21 18:15:32', '2026-03-21 19:00:33');
INSERT INTO `tables` VALUES ('39', NULL, 'room', '706', 'Tầng 7', '3', 'available', '0', '0', '706', '1', '2026-03-21 18:15:32', '2026-03-21 18:15:32');
INSERT INTO `tables` VALUES ('40', NULL, 'room', '707', 'Tầng 7', '3', 'available', '0', '0', '707', '1', '2026-03-21 18:15:32', '2026-05-04 09:02:38');
INSERT INTO `tables` VALUES ('41', NULL, 'room', '708', 'Tầng 7', '3', 'available', '0', '0', '708', '1', '2026-03-21 18:15:32', '2026-03-21 18:15:32');
INSERT INTO `tables` VALUES ('42', NULL, 'room', '709', 'Tầng 7', '3', 'available', '0', '0', '709', '1', '2026-03-21 18:15:32', '2026-03-21 18:15:32');
INSERT INTO `tables` VALUES ('43', NULL, 'room', '710', 'Tầng 7', '3', 'available', '0', '0', '710', '1', '2026-03-21 18:15:32', '2026-03-21 18:15:32');
INSERT INTO `tables` VALUES ('44', NULL, 'room', '711', 'Tầng 7', '3', 'available', '0', '0', '711', '1', '2026-03-21 18:15:32', '2026-03-21 18:15:32');
INSERT INTO `tables` VALUES ('45', NULL, 'room', '712', 'Tầng 7', '3', 'available', '0', '0', '712', '1', '2026-03-21 18:15:33', '2026-03-21 18:15:33');
INSERT INTO `tables` VALUES ('46', NULL, 'room', '714', 'Tầng 7', '3', 'available', '0', '0', '714', '1', '2026-03-21 18:15:33', '2026-04-24 23:44:25');
INSERT INTO `tables` VALUES ('47', NULL, 'room', '715', 'Tầng 7', '3', 'available', '0', '0', '715', '1', '2026-03-21 18:15:33', '2026-03-21 18:15:33');
INSERT INTO `tables` VALUES ('48', NULL, 'room', '716', 'Tầng 7', '3', 'available', '0', '0', '716', '1', '2026-03-21 18:15:33', '2026-03-21 18:15:33');
INSERT INTO `tables` VALUES ('49', NULL, 'room', '717', 'Tầng 7', '3', 'available', '0', '0', '717', '1', '2026-03-21 18:15:33', '2026-03-21 18:15:33');
INSERT INTO `tables` VALUES ('50', NULL, 'room', '718', 'Tầng 7', '3', 'available', '0', '0', '718', '1', '2026-03-21 18:15:33', '2026-03-21 18:15:33');
INSERT INTO `tables` VALUES ('51', NULL, 'room', '719', 'Tầng 7', '3', 'available', '0', '0', '719', '1', '2026-03-21 18:15:33', '2026-03-21 18:15:33');
INSERT INTO `tables` VALUES ('52', NULL, 'room', '720', 'Tầng 7', '3', 'available', '0', '0', '720', '1', '2026-03-21 18:15:33', '2026-03-21 18:15:33');
INSERT INTO `tables` VALUES ('53', NULL, 'room', '801', 'Tầng 8', '3', 'available', '0', '0', '801', '1', '2026-03-21 18:15:33', '2026-03-21 18:15:33');
INSERT INTO `tables` VALUES ('54', NULL, 'room', '802', 'Tầng 8', '3', 'available', '0', '0', '802', '1', '2026-03-21 18:15:33', '2026-03-21 18:15:33');
INSERT INTO `tables` VALUES ('55', NULL, 'room', '803', 'Tầng 8', '3', 'available', '0', '0', '803', '1', '2026-03-21 18:15:33', '2026-03-21 18:15:33');
INSERT INTO `tables` VALUES ('56', NULL, 'room', '804', 'Tầng 8', '3', 'available', '0', '0', '804', '1', '2026-03-21 18:15:33', '2026-03-21 18:15:33');
INSERT INTO `tables` VALUES ('57', NULL, 'room', '805', 'Tầng 8', '3', 'available', '0', '0', '805', '1', '2026-03-21 18:15:33', '2026-04-23 07:21:28');
INSERT INTO `tables` VALUES ('58', NULL, 'room', '806', 'Tầng 8', '3', 'available', '0', '0', '806', '1', '2026-03-21 18:15:33', '2026-03-21 18:15:33');
INSERT INTO `tables` VALUES ('59', NULL, 'room', '807', 'Tầng 8', '3', 'available', '0', '0', '807', '1', '2026-03-21 18:15:33', '2026-03-21 18:15:33');
INSERT INTO `tables` VALUES ('60', NULL, 'room', '808', 'Tầng 8', '3', 'available', '0', '0', '808', '1', '2026-03-21 18:15:33', '2026-03-21 18:15:33');
INSERT INTO `tables` VALUES ('61', NULL, 'room', '809', 'Tầng 8', '3', 'available', '0', '0', '809', '1', '2026-03-21 18:15:33', '2026-03-21 18:15:33');
INSERT INTO `tables` VALUES ('62', NULL, 'room', '810', 'Tầng 8', '3', 'available', '0', '0', '810', '1', '2026-03-21 18:15:33', '2026-03-21 18:15:33');
INSERT INTO `tables` VALUES ('63', NULL, 'room', '811', 'Tầng 8', '3', 'available', '0', '0', '811', '1', '2026-03-21 18:15:33', '2026-03-21 18:15:33');
INSERT INTO `tables` VALUES ('64', NULL, 'room', '812', 'Tầng 8', '3', 'available', '0', '0', '812', '1', '2026-03-21 18:15:33', '2026-03-21 18:15:33');
INSERT INTO `tables` VALUES ('65', NULL, 'room', '814', 'Tầng 8', '3', 'available', '0', '0', '814', '1', '2026-03-21 18:15:33', '2026-03-21 18:15:33');
INSERT INTO `tables` VALUES ('66', NULL, 'room', '815', 'Tầng 8', '3', 'available', '0', '0', '815', '1', '2026-03-21 18:15:33', '2026-03-21 18:15:33');
INSERT INTO `tables` VALUES ('67', NULL, 'room', '816', 'Tầng 8', '3', 'available', '0', '0', '816', '1', '2026-03-21 18:15:33', '2026-03-21 18:15:33');
INSERT INTO `tables` VALUES ('68', NULL, 'room', '817', 'Tầng 8', '3', 'available', '0', '0', '817', '1', '2026-03-21 18:15:33', '2026-03-21 18:15:33');
INSERT INTO `tables` VALUES ('69', NULL, 'room', '818', 'Tầng 8', '3', 'available', '0', '0', '818', '1', '2026-03-21 18:15:33', '2026-03-21 18:15:33');
INSERT INTO `tables` VALUES ('70', NULL, 'room', '819', 'Tầng 8', '3', 'available', '0', '0', '819', '1', '2026-03-21 18:15:33', '2026-03-21 18:15:33');
INSERT INTO `tables` VALUES ('71', NULL, 'room', '901', 'Tầng 9', '3', 'available', '0', '0', '901', '1', '2026-03-21 18:15:33', '2026-03-21 18:15:33');
INSERT INTO `tables` VALUES ('72', NULL, 'room', '902', 'Tầng 9', '3', 'available', '0', '0', '902', '1', '2026-03-21 18:15:33', '2026-03-21 18:15:33');
INSERT INTO `tables` VALUES ('73', NULL, 'room', '903', 'Tầng 9', '3', 'available', '0', '0', '903', '1', '2026-03-21 18:15:33', '2026-03-21 18:15:33');
INSERT INTO `tables` VALUES ('74', NULL, 'room', '904', 'Tầng 9', '3', 'available', '0', '0', '904', '1', '2026-03-21 18:15:33', '2026-03-21 18:15:33');
INSERT INTO `tables` VALUES ('75', NULL, 'room', '905', 'Tầng 9', '3', 'available', '0', '0', '905', '1', '2026-03-21 18:15:33', '2026-03-21 18:15:33');
INSERT INTO `tables` VALUES ('76', NULL, 'room', '906', 'Tầng 9', '3', 'available', '0', '0', '906', '1', '2026-03-21 18:15:33', '2026-03-21 18:15:33');
INSERT INTO `tables` VALUES ('77', NULL, 'room', '907', 'Tầng 9', '3', 'available', '0', '0', '907', '1', '2026-03-21 18:15:33', '2026-03-21 18:15:33');
INSERT INTO `tables` VALUES ('78', NULL, 'room', '908', 'Tầng 9', '3', 'available', '0', '0', '908', '1', '2026-03-21 18:15:33', '2026-03-21 18:15:33');
INSERT INTO `tables` VALUES ('79', NULL, 'room', '909', 'Tầng 9', '3', 'available', '0', '0', '909', '1', '2026-03-21 18:15:33', '2026-03-21 18:15:33');
INSERT INTO `tables` VALUES ('80', NULL, 'room', '910', 'Tầng 9', '3', 'available', '0', '0', '910', '1', '2026-03-21 18:15:33', '2026-03-21 18:15:33');
INSERT INTO `tables` VALUES ('81', NULL, 'room', '911', 'Tầng 9', '3', 'available', '0', '0', '911', '1', '2026-03-21 18:15:33', '2026-03-21 18:15:33');
INSERT INTO `tables` VALUES ('82', NULL, 'room', '912', 'Tầng 9', '3', 'available', '0', '0', '912', '1', '2026-03-21 18:15:33', '2026-03-21 18:15:33');
INSERT INTO `tables` VALUES ('83', NULL, 'room', '914', 'Tầng 9', '3', 'available', '0', '0', '914', '1', '2026-03-21 18:15:33', '2026-03-21 18:15:33');
INSERT INTO `tables` VALUES ('84', NULL, 'room', '915', 'Tầng 9', '3', 'available', '0', '0', '915', '1', '2026-03-21 18:15:33', '2026-03-21 18:15:33');
INSERT INTO `tables` VALUES ('85', NULL, 'room', '916', 'Tầng 9', '3', 'available', '0', '0', '916', '1', '2026-03-21 18:15:33', '2026-03-21 18:15:33');
INSERT INTO `tables` VALUES ('86', NULL, 'room', '917', 'Tầng 9', '3', 'available', '0', '0', '917', '1', '2026-03-21 18:15:33', '2026-03-21 18:15:33');
INSERT INTO `tables` VALUES ('87', NULL, 'room', '918', 'Tầng 9', '3', 'available', '0', '0', '918', '1', '2026-03-21 18:15:33', '2026-03-21 18:15:33');
INSERT INTO `tables` VALUES ('88', NULL, 'room', '919', 'Tầng 9', '3', 'available', '0', '0', '919', '1', '2026-03-21 18:15:33', '2026-03-21 18:15:33');
INSERT INTO `tables` VALUES ('89', NULL, 'room', '920', 'Tầng 9', '3', 'available', '0', '0', '920', '1', '2026-03-21 18:15:33', '2026-03-21 18:15:33');
INSERT INTO `tables` VALUES ('90', NULL, 'room', '921', 'Tầng 9', '3', 'available', '0', '0', '921', '1', '2026-03-21 18:15:33', '2026-03-21 18:15:33');
INSERT INTO `tables` VALUES ('91', NULL, 'room', '922', 'Tầng 9', '3', 'available', '0', '0', '922', '1', '2026-03-21 18:15:33', '2026-03-21 18:15:33');
INSERT INTO `tables` VALUES ('92', NULL, 'room', '923', 'Tầng 9', '3', 'available', '0', '0', '923', '1', '2026-03-21 18:15:33', '2026-03-21 18:15:33');
INSERT INTO `tables` VALUES ('93', NULL, 'room', '1001', 'Tầng 10', '3', 'available', '0', '0', '1001', '1', '2026-03-21 18:15:33', '2026-04-01 14:12:05');
INSERT INTO `tables` VALUES ('94', NULL, 'room', '1002', 'Tầng 10', '3', 'available', '0', '0', '1002', '1', '2026-03-21 18:15:33', '2026-03-21 18:15:33');
INSERT INTO `tables` VALUES ('95', NULL, 'room', '1003', 'Tầng 10', '3', 'available', '0', '0', '1003', '1', '2026-03-21 18:15:33', '2026-03-21 18:15:33');
INSERT INTO `tables` VALUES ('96', NULL, 'room', '1004', 'Tầng 10', '3', 'available', '0', '0', '1004', '1', '2026-03-21 18:15:33', '2026-03-21 18:15:33');
INSERT INTO `tables` VALUES ('97', NULL, 'room', '1005', 'Tầng 10', '3', 'available', '0', '0', '1005', '1', '2026-03-21 18:15:33', '2026-03-21 18:15:33');
INSERT INTO `tables` VALUES ('98', NULL, 'room', '1006', 'Tầng 10', '3', 'available', '0', '0', '1006', '1', '2026-03-21 18:15:33', '2026-03-21 18:15:33');
INSERT INTO `tables` VALUES ('99', NULL, 'room', '1007', 'Tầng 10', '3', 'available', '0', '0', '1007', '1', '2026-03-21 18:15:33', '2026-03-21 18:15:33');
INSERT INTO `tables` VALUES ('100', NULL, 'room', '1008', 'Tầng 10', '3', 'available', '0', '0', '1008', '1', '2026-03-21 18:15:33', '2026-03-21 18:15:33');
INSERT INTO `tables` VALUES ('101', NULL, 'room', '1009', 'Tầng 10', '3', 'available', '0', '0', '1009', '1', '2026-03-21 18:15:33', '2026-03-21 18:15:33');
INSERT INTO `tables` VALUES ('102', NULL, 'room', '1010', 'Tầng 10', '3', 'available', '0', '0', '1010', '1', '2026-03-21 18:15:33', '2026-03-21 18:15:33');
INSERT INTO `tables` VALUES ('103', NULL, 'room', '1011', 'Tầng 10', '3', 'available', '0', '0', '1011', '1', '2026-03-21 18:15:33', '2026-03-21 18:15:33');
INSERT INTO `tables` VALUES ('104', NULL, 'room', '1012', 'Tầng 10', '3', 'available', '0', '0', '1012', '1', '2026-03-21 18:15:33', '2026-03-21 18:15:33');
INSERT INTO `tables` VALUES ('105', NULL, 'room', '1014', 'Tầng 10', '3', 'available', '0', '0', '1014', '1', '2026-03-21 18:15:33', '2026-03-21 18:15:33');
INSERT INTO `tables` VALUES ('106', NULL, 'room', '1015', 'Tầng 10', '3', 'available', '0', '0', '1015', '1', '2026-03-21 18:15:33', '2026-03-21 18:15:33');
INSERT INTO `tables` VALUES ('107', NULL, 'room', '1016', 'Tầng 10', '3', 'available', '0', '0', '1016', '1', '2026-03-21 18:15:33', '2026-03-21 18:15:33');
INSERT INTO `tables` VALUES ('108', NULL, 'room', '1017', 'Tầng 10', '3', 'available', '0', '0', '1017', '1', '2026-03-21 18:15:33', '2026-03-21 18:15:33');
INSERT INTO `tables` VALUES ('109', NULL, 'room', '1018', 'Tầng 10', '3', 'available', '0', '0', '1018', '1', '2026-03-21 18:15:33', '2026-03-21 18:15:33');
INSERT INTO `tables` VALUES ('110', NULL, 'room', '1019', 'Tầng 10', '3', 'available', '0', '0', '1019', '1', '2026-03-21 18:15:33', '2026-03-21 18:15:33');
INSERT INTO `tables` VALUES ('111', NULL, 'room', '1020', 'Tầng 10', '3', 'available', '0', '0', '1020', '1', '2026-03-21 18:15:33', '2026-03-21 18:15:33');
INSERT INTO `tables` VALUES ('112', NULL, 'room', '1021', 'Tầng 10', '3', 'available', '0', '0', '1021', '1', '2026-03-21 18:15:33', '2026-03-21 18:15:33');
INSERT INTO `tables` VALUES ('113', NULL, 'room', '1022', 'Tầng 10', '3', 'available', '0', '0', '1022', '1', '2026-03-21 18:15:33', '2026-03-21 18:15:33');
INSERT INTO `tables` VALUES ('114', NULL, 'room', '1023', 'Tầng 10', '3', 'available', '0', '0', '1023', '1', '2026-03-21 18:15:33', '2026-04-22 14:48:07');
INSERT INTO `tables` VALUES ('115', NULL, 'room', '1101', 'Tầng 11', '3', 'available', '0', '0', '1101', '1', '2026-03-21 18:15:33', '2026-04-22 14:51:43');
INSERT INTO `tables` VALUES ('116', NULL, 'room', '1102', 'Tầng 11', '3', 'available', '0', '0', '1102', '1', '2026-03-21 18:15:33', '2026-03-21 18:15:33');
INSERT INTO `tables` VALUES ('117', NULL, 'room', '1103', 'Tầng 11', '3', 'available', '0', '0', '1103', '1', '2026-03-21 18:15:33', '2026-03-21 18:15:33');
INSERT INTO `tables` VALUES ('118', NULL, 'room', '1104', 'Tầng 11', '3', 'available', '0', '0', '1104', '1', '2026-03-21 18:15:33', '2026-03-21 18:15:33');
INSERT INTO `tables` VALUES ('119', NULL, 'room', '1105', 'Tầng 11', '3', 'available', '0', '0', '1105', '1', '2026-03-21 18:15:33', '2026-03-21 18:15:33');
INSERT INTO `tables` VALUES ('120', NULL, 'room', '1106', 'Tầng 11', '3', 'available', '0', '0', '1106', '1', '2026-03-21 18:15:33', '2026-03-21 18:15:33');
INSERT INTO `tables` VALUES ('121', NULL, 'room', '1107', 'Tầng 11', '3', 'available', '0', '0', '1107', '1', '2026-03-21 18:15:33', '2026-03-21 18:15:33');
INSERT INTO `tables` VALUES ('122', NULL, 'room', '1108', 'Tầng 11', '3', 'available', '0', '0', '1108', '1', '2026-03-21 18:15:33', '2026-03-21 18:15:33');
INSERT INTO `tables` VALUES ('123', NULL, 'room', '1109', 'Tầng 11', '3', 'available', '0', '0', '1109', '1', '2026-03-21 18:15:33', '2026-03-21 18:15:33');
INSERT INTO `tables` VALUES ('124', NULL, 'room', '1110', 'Tầng 11', '3', 'available', '0', '0', '1110', '1', '2026-03-21 18:15:33', '2026-03-21 18:15:33');
INSERT INTO `tables` VALUES ('125', NULL, 'room', '1111', 'Tầng 11', '3', 'available', '0', '0', '1111', '1', '2026-03-21 18:15:33', '2026-03-21 18:15:33');
INSERT INTO `tables` VALUES ('126', NULL, 'room', '1112', 'Tầng 11', '3', 'available', '0', '0', '1112', '1', '2026-03-21 18:15:33', '2026-03-26 10:14:55');
INSERT INTO `tables` VALUES ('127', NULL, 'room', '1114', 'Tầng 11', '3', 'available', '0', '0', '1114', '1', '2026-03-21 18:15:33', '2026-03-21 18:15:33');
INSERT INTO `tables` VALUES ('128', NULL, 'room', '1115', 'Tầng 11', '3', 'available', '0', '0', '1115', '1', '2026-03-21 18:15:33', '2026-03-21 18:15:33');
INSERT INTO `tables` VALUES ('129', NULL, 'room', '1116', 'Tầng 11', '3', 'available', '0', '0', '1116', '1', '2026-03-21 18:15:33', '2026-03-21 18:15:33');
INSERT INTO `tables` VALUES ('130', NULL, 'room', '1117', 'Tầng 11', '3', 'available', '0', '0', '1117', '1', '2026-03-21 18:15:33', '2026-03-21 18:15:33');
INSERT INTO `tables` VALUES ('131', NULL, 'room', '1118', 'Tầng 11', '3', 'available', '0', '0', '1118', '1', '2026-03-21 18:15:33', '2026-03-21 18:15:33');
INSERT INTO `tables` VALUES ('132', NULL, 'room', '1119', 'Tầng 11', '3', 'available', '0', '0', '1119', '1', '2026-03-21 18:15:33', '2026-03-21 18:15:33');
INSERT INTO `tables` VALUES ('133', NULL, 'room', '1120', 'Tầng 11', '3', 'available', '0', '0', '1120', '1', '2026-03-21 18:15:33', '2026-03-21 18:15:33');
INSERT INTO `tables` VALUES ('134', NULL, 'room', '1121', 'Tầng 11', '3', 'available', '0', '0', '1121', '1', '2026-03-21 18:15:33', '2026-03-21 18:15:33');
INSERT INTO `tables` VALUES ('135', NULL, 'room', '1122', 'Tầng 11', '3', 'available', '0', '0', '1122', '1', '2026-03-21 18:15:33', '2026-03-21 18:15:33');
INSERT INTO `tables` VALUES ('136', NULL, 'room', '1123', 'Tầng 11', '3', 'available', '0', '0', '1123', '1', '2026-03-21 18:15:33', '2026-03-21 18:15:33');
INSERT INTO `tables` VALUES ('137', NULL, 'room', '1201', 'Tầng 12', '3', 'available', '0', '0', '1201', '1', '2026-03-21 18:15:33', '2026-04-22 21:59:41');
INSERT INTO `tables` VALUES ('138', NULL, 'room', '1202', 'Tầng 12', '3', 'available', '0', '0', '1202', '1', '2026-03-21 18:15:33', '2026-03-21 18:15:33');
INSERT INTO `tables` VALUES ('139', NULL, 'room', '1203', 'Tầng 12', '3', 'available', '0', '0', '1203', '1', '2026-03-21 18:15:33', '2026-03-21 18:15:33');
INSERT INTO `tables` VALUES ('140', NULL, 'room', '1204', 'Tầng 12', '3', 'available', '0', '0', '1204', '1', '2026-03-21 18:15:33', '2026-03-21 18:15:33');
INSERT INTO `tables` VALUES ('141', NULL, 'room', '1205', 'Tầng 12', '3', 'available', '0', '0', '1205', '1', '2026-03-21 18:15:33', '2026-03-21 18:15:33');
INSERT INTO `tables` VALUES ('142', NULL, 'room', '1206', 'Tầng 12', '3', 'available', '0', '0', '1206', '1', '2026-03-21 18:15:33', '2026-03-21 18:15:33');
INSERT INTO `tables` VALUES ('143', NULL, 'room', '1207', 'Tầng 12', '3', 'available', '0', '0', '1207', '1', '2026-03-21 18:15:33', '2026-03-21 18:15:33');
INSERT INTO `tables` VALUES ('144', NULL, 'room', '1208', 'Tầng 12', '3', 'available', '0', '0', '1208', '1', '2026-03-21 18:15:33', '2026-03-21 18:15:33');
INSERT INTO `tables` VALUES ('145', NULL, 'room', '1209', 'Tầng 12', '3', 'available', '0', '0', '1209', '1', '2026-03-21 18:15:33', '2026-03-21 18:15:33');
INSERT INTO `tables` VALUES ('146', NULL, 'room', '1210', 'Tầng 12', '3', 'available', '0', '0', '1210', '1', '2026-03-21 18:15:33', '2026-03-21 18:15:33');
INSERT INTO `tables` VALUES ('147', NULL, 'room', '1211', 'Tầng 12', '3', 'available', '0', '0', '1211', '1', '2026-03-21 18:15:33', '2026-03-21 18:15:33');
INSERT INTO `tables` VALUES ('148', NULL, 'room', '1212', 'Tầng 12', '3', 'available', '0', '0', '1212', '1', '2026-03-21 18:15:33', '2026-03-21 18:15:33');
INSERT INTO `tables` VALUES ('149', NULL, 'room', '1214', 'Tầng 12', '3', 'available', '0', '0', '1214', '1', '2026-03-21 18:15:33', '2026-03-21 18:15:33');
INSERT INTO `tables` VALUES ('150', NULL, 'room', '1215', 'Tầng 12', '3', 'available', '0', '0', '1215', '1', '2026-03-21 18:15:33', '2026-03-21 18:15:33');
INSERT INTO `tables` VALUES ('151', NULL, 'room', '1216', 'Tầng 12', '3', 'available', '0', '0', '1216', '1', '2026-03-21 18:15:33', '2026-03-21 18:15:33');
INSERT INTO `tables` VALUES ('152', NULL, 'room', '1217', 'Tầng 12', '3', 'available', '0', '0', '1217', '1', '2026-03-21 18:15:33', '2026-03-21 18:15:33');
INSERT INTO `tables` VALUES ('153', NULL, 'room', '1218', 'Tầng 12', '3', 'available', '0', '0', '1218', '1', '2026-03-21 18:15:33', '2026-03-21 18:15:33');
INSERT INTO `tables` VALUES ('154', NULL, 'room', '1219', 'Tầng 12', '3', 'available', '0', '0', '1219', '1', '2026-03-21 18:15:33', '2026-03-21 18:15:33');
INSERT INTO `tables` VALUES ('155', NULL, 'room', '1220', 'Tầng 12', '3', 'available', '0', '0', '1220', '1', '2026-03-21 18:15:33', '2026-03-21 18:15:33');

DROP TABLE IF EXISTS `user_shifts`;
CREATE TABLE `user_shifts` (
  `id` int(10) unsigned NOT NULL AUTO_INCREMENT,
  `user_id` int(10) unsigned NOT NULL,
  `shift_id` int(10) unsigned NOT NULL,
  `work_date` date NOT NULL COMMENT 'Ngày làm việc',
  `note` varchar(255) DEFAULT NULL,
  `created_at` timestamp NOT NULL DEFAULT current_timestamp(),
  PRIMARY KEY (`id`),
  KEY `fk_user_shifts_user` (`user_id`),
  KEY `fk_user_shifts_shift` (`shift_id`),
  CONSTRAINT `fk_user_shifts_shift` FOREIGN KEY (`shift_id`) REFERENCES `shifts` (`id`) ON DELETE CASCADE,
  CONSTRAINT `fk_user_shifts_user` FOREIGN KEY (`user_id`) REFERENCES `users` (`id`) ON DELETE CASCADE
) ENGINE=InnoDB DEFAULT CHARSET=utf8mb4 COLLATE=utf8mb4_unicode_ci;


DROP TABLE IF EXISTS `users`;
CREATE TABLE `users` (
  `id` int(10) unsigned NOT NULL AUTO_INCREMENT,
  `name` varchar(100) NOT NULL COMMENT 'Tên nhân viên',
  `username` varchar(50) NOT NULL COMMENT 'Tên đăng nhập',
  `pin` char(4) NOT NULL COMMENT 'PIN 4 số đăng nhập iPad',
  `role` enum('waiter','admin','it') NOT NULL DEFAULT 'waiter',
  `avatar` varchar(255) DEFAULT NULL COMMENT 'URL ảnh đại diện',
  `is_active` tinyint(1) NOT NULL DEFAULT 1 COMMENT '1=hoạt động, 0=vô hiệu',
  `created_at` timestamp NOT NULL DEFAULT current_timestamp(),
  `updated_at` timestamp NOT NULL DEFAULT current_timestamp() ON UPDATE current_timestamp(),
  PRIMARY KEY (`id`),
  UNIQUE KEY `username` (`username`)
) ENGINE=InnoDB AUTO_INCREMENT=8 DEFAULT CHARSET=utf8mb4 COLLATE=utf8mb4_unicode_ci;

INSERT INTO `users` VALUES ('2', 'IT System', 'it', '9999', 'it', NULL, '1', '2026-03-07 18:08:27', '2026-03-07 18:08:27');
INSERT INTO `users` VALUES ('5', 'Nhân Viên 01', 'waiter01', '1111', 'waiter', NULL, '1', '2026-04-08 14:41:58', '2026-04-08 14:41:58');
INSERT INTO `users` VALUES ('6', 'Nhân Viên 02', 'waiter02', '2222', 'waiter', NULL, '1', '2026-04-08 14:42:11', '2026-04-08 14:42:11');
INSERT INTO `users` VALUES ('7', 'Admin', 'admin01', '0000', 'admin', NULL, '1', '2026-04-08 14:42:29', '2026-04-08 14:42:29');

DROP TABLE IF EXISTS `v_activity_by_date`;
;

INSERT INTO `v_activity_by_date` VALUES ('2026-05-05', 'update', 'menu_item', 'info', '14');
INSERT INTO `v_activity_by_date` VALUES ('2026-05-05', 'delete', 'menu_item', 'info', '13');
INSERT INTO `v_activity_by_date` VALUES ('2026-05-05', 'login', 'user', 'info', '9');
INSERT INTO `v_activity_by_date` VALUES ('2026-05-05', 'cancel', 'table', 'notice', '6');
INSERT INTO `v_activity_by_date` VALUES ('2026-05-05', 'logout', 'user', 'info', '5');
INSERT INTO `v_activity_by_date` VALUES ('2026-05-04', 'update', 'menu_item', 'info', '26');
INSERT INTO `v_activity_by_date` VALUES ('2026-05-04', 'delete', 'menu_item', 'info', '17');
INSERT INTO `v_activity_by_date` VALUES ('2026-05-04', 'login', 'user', 'info', '8');
INSERT INTO `v_activity_by_date` VALUES ('2026-05-04', 'logout', 'user', 'info', '3');
INSERT INTO `v_activity_by_date` VALUES ('2026-05-04', 'cancel', 'table', 'notice', '2');
INSERT INTO `v_activity_by_date` VALUES ('2026-05-04', 'error', 'user', 'warning', '2');
INSERT INTO `v_activity_by_date` VALUES ('2026-05-02', 'login', 'user', 'info', '2');
INSERT INTO `v_activity_by_date` VALUES ('2026-05-02', 'logout', 'user', 'info', '1');
INSERT INTO `v_activity_by_date` VALUES ('2026-04-28', 'login', 'user', 'info', '10');
INSERT INTO `v_activity_by_date` VALUES ('2026-04-28', 'logout', 'user', 'info', '7');
INSERT INTO `v_activity_by_date` VALUES ('2026-04-28', 'error', 'user', 'warning', '3');

DROP TABLE IF EXISTS `v_activity_stats_today`;
;

INSERT INTO `v_activity_stats_today` VALUES ('47', '0', '0', '41', '3');

DROP TABLE IF EXISTS `vw_location_limit`;
;

INSERT INTO `vw_location_limit` VALUES ('1', 'Giới hạn QR Restaurant', '10.95770000', '106.84480000', '500', '1', '2026-03-08 16:36:35', '2026-03-08 16:36:35');

SET FOREIGN_KEY_CHECKS = 1;
